Farm_ID,State,District,Crop,Season,Farm_Area_Hectares,Rainfall_mm,Avg_Temperature_C,Humidity_pct,Sunlight_Hours_Day,Soil_pH,Soil_Moisture_pct,Nitrogen_kg_ha,Phosphorus_kg_ha,Potassium_kg_ha,Irrigation_Method,Fertilizer_kg_ha,Pesticide_Litre_ha,Seed_Quality_Score,Yield_Tonnes_Ha,Production_Tonnes,Market_Price_INR_Tonne,Total_Cost_INR,Revenue_INR,Profit_INR,Water_Used_m3,Water_Efficiency_t_per_1000m3,Disease_Pest_Risk_pct
FARM_1001,Telangana,Warangal,Soybean,Kharif,9.6,898.3,27.1,70,6.6,7.33,57.7,124,63,52,Sprinkler,137,4.3,80,10.31,86.55,14997,1015210,1297990,282780,4989.5,20.66,59.9
FARM_1002,Karnataka,Shimoga,Cotton,Kharif,6.8,850.6,24.6,62.8,8.8,6.14,51.7,93,58,77,Tube Well,173,4.3,77,7.21,49.92,14529,580713,725288,144575,6316.7,11.41,66
FARM_1003,Telangana,Rangareddy,Rice,Kharif,7.9,939,28.7,76.1,6.4,5.75,37.9,153,46,40,Tube Well,167,3.9,82,4.32,33.55,17340,434597,581757,147160,6065.3,7.12,43.8
FARM_1004,Punjab,Ludhiana,Maize,Kharif,8.7,869.5,24.9,72.5,9.5,7.4,55.4,107,73,48,Tube Well,119,2.5,95,7.19,66.11,15976,773564,1056173,282609,6390,11.25,42.8
FARM_1005,Punjab,Patiala,Soybean,Kharif,9.2,871,30,69.6,6.9,5.87,56.6,120,65,48,Rainfed,180,3.7,80,5.86,52.38,17357,619417,909160,289743,5667.7,10.34,36.2
FARM_1006,Telangana,Nalgonda,Rice,Kharif,8.3,593.2,26.4,77.6,5.8,5.43,49,83,65,34,Rainfed,102,3.5,85,6.73,55.64,17014,675237,946659,271422,5456.7,12.33,41.2
FARM_1007,Haryana,Ambala,Soybean,Kharif,8.5,874.9,27,63.4,6.9,6.78,61.4,114,43,47,Drip,160,4.2,89,4.81,40.21,18400,482666,739864,257198,6465.1,7.44,61.2
FARM_1008,Uttar Pradesh,Lucknow,Maize,Kharif,9.3,981.5,27.4,73.3,8,6.75,55.3,137,75,44,Sprinkler,153,3.3,78,4.94,45.71,16498,480744,754124,273380,7766.5,6.36,55.3
FARM_1009,Tamil Nadu,Coimbatore,Groundnut,Kharif,9.8,1112,29.9,68.6,6.7,7.13,55.8,142,64,59,Canal,208,3,85,5.98,60.92,17235,688893,1049956,361063,6419.8,9.31,52.1
FARM_1010,Telangana,Rangareddy,Maize,Kharif,9.2,885.2,28.1,59.7,6.5,5.59,56,105,48,51,Drip,183,2.9,76,3.68,30.26,17408,388053,526766,138713,5757.7,6.39,66.7
FARM_1011,Gujarat,Rajkot,Groundnut,Kharif,7.9,1047.9,28.6,72,10,6.59,49.2,94,39,58,Drip,151,4,76,4.8,35.63,17100,405372,609273,203901,5708.5,8.41,64.6
FARM_1012,Gujarat,Junagadh,Rice,Kharif,10.3,672.9,31.2,68.2,7.1,6.98,52.4,115,38,40,Tube Well,165,3.9,82,5.87,57.61,14692,605181,846406,241225,5901,9.95,60.8
FARM_1013,Haryana,Kurukshetra,Maize,Kharif,8.6,973.7,28.8,76.5,7.8,7.28,62.3,119,50,54,Sprinkler,199,4.6,89,6.1,52.22,16241,626307,848105,221798,7835.5,7.79,59
FARM_1014,Madhya Pradesh,Jabalpur,Soybean,Kharif,6.9,934,27.5,61.7,8.1,6.85,66,103,59,40,Rainfed,160,3.2,84,6.7,47.44,16333,594472,774838,180366,6568.6,10.2,54
FARM_1015,Uttar Pradesh,Lucknow,Maize,Kharif,9.2,830.8,25.4,81.4,4.9,7.27,56.5,110,61,52,Canal,238,4.2,89,4.7,42.67,15984,476823,682037,205214,6252.4,7.52,58.5
FARM_1016,Andhra Pradesh,Kurnool,Groundnut,Kharif,7.4,992,31.5,56.2,8,7.65,54.8,107,51,37,Rainfed,155,4.4,71,6.25,43.16,15800,478387,681928,203541,6462.3,9.67,47.5
FARM_1017,Haryana,Rohtak,Soybean,Kharif,10.3,925.6,27.8,73.7,6.8,7.54,54.3,133,81,41,Drip,186,4.1,75,5.62,59.11,16506,624145,975670,351525,4774.5,11.77,54.1
FARM_1018,Andhra Pradesh,Chittoor,Groundnut,Kharif,8.2,1202.6,25,76.6,6.9,7.85,47.5,127,62,38,Sprinkler,258,3.9,82,6.38,48.89,18117,559238,885740,326502,6674.6,9.56,45.2
FARM_1019,Punjab,Amritsar,Rice,Kharif,8.8,997.8,32.7,72.5,5.8,6.17,58.2,126,59,46,Rainfed,144,5.1,87,5.95,51.28,15517,646283,795712,149429,4389.6,13.55,59.7
FARM_1020,Maharashtra,Pune,Rice,Kharif,8.8,931.3,29.1,68.9,7.1,5.65,59.6,106,76,26,Rainfed,191,3.6,77,5.14,44.51,17248,479648,767708,288060,6522.1,7.88,56.8
FARM_1021,Haryana,Karnal,Maize,Kharif,6.2,870,27.9,68.6,9.1,6.57,66.5,102,62,34,Drip,171,4.3,75,5.91,38.06,15240,379007,580034,201027,5174.1,11.42,49.3
FARM_1022,Telangana,Warangal,Cotton,Kharif,9.6,856.2,29.6,76.6,6.6,7.03,46.9,131,54,48,Sprinkler,144,3.6,72,5.73,50.87,17658,573367,898262,324895,6617.5,8.66,52
FARM_1023,Andhra Pradesh,Kurnool,Maize,Kharif,8.3,804.5,28.1,68,7,6.25,54,110,58,43,Canal,121,2.5,70,6.25,57.81,15717,554943,908600,353657,6036.3,10.35,49.7
FARM_1024,Uttar Pradesh,Kanpur,Soybean,Kharif,11.3,775.1,28.7,80.7,7.4,6.9,69,104,70,49,Tube Well,176,3.3,82,5.23,60.94,16478,708454,1004169,295715,7092.1,7.37,47.3
FARM_1025,Tamil Nadu,Coimbatore,Soybean,Kharif,6.3,761.4,27.3,75.5,7,7.6,54.5,105,48,52,Canal,207,3.8,80,6.23,39.83,17237,436323,686550,250227,6160,10.11,53.3
FARM_1026,Andhra Pradesh,Chittoor,Cotton,Kharif,7.4,986,28.5,49.4,8.1,6.8,69.1,151,60,45,Drip,184,3.8,78,5.89,42.72,16167,613148,690654,77506,6271.6,9.39,51.8
FARM_1027,Tamil Nadu,Salem,Soybean,Kharif,7.9,826.7,28.5,72.9,7.3,6.66,68.8,63,52,66,Tube Well,166,3.2,79,4.76,36.87,17104,454377,630624,176247,5641.7,8.44,52
FARM_1028,Tamil Nadu,Madurai,Soybean,Kharif,14,862.6,26.6,78.7,6.8,7.51,67.9,140,54,47,Rainfed,143,4.2,91,5.9,75.5,16810,807367,1269155,461788,5750.5,10.26,59.1
FARM_1029,Haryana,Kurukshetra,Soybean,Kharif,7.1,900.8,30.3,73,6.7,7.18,58.8,106,41,47,Rainfed,178,2.8,77,5.49,37.63,16669,381621,627254,245633,6750.4,8.13,55.3
FARM_1030,Tamil Nadu,Thanjavur,Cotton,Kharif,7.7,781.7,30.9,84.7,6.8,6,63.2,94,54,43,Tube Well,228,3.5,79,4.69,36.92,19155,478495,707203,228708,5877.8,7.98,42.5
FARM_1031,Maharashtra,Nagpur,Soybean,Kharif,9,830.5,27.9,61.3,7.4,6.96,52.3,165,46,58,Canal,152,3.7,78,5.83,55.82,16800,735280,937776,202496,5167.6,11.28,60.8
FARM_1032,Punjab,Patiala,Rice,Kharif,10.5,1017.1,29.3,56.7,9.4,6.92,44,123,59,51,Tube Well,192,3.3,82,4.71,50.03,18488,598314,924955,326641,6895.9,6.83,59.9
FARM_1033,Punjab,Amritsar,Cotton,Kharif,10.7,939,28.6,76.8,6.3,7,61.3,86,50,48,Drip,159,2.9,85,4.87,53.02,16176,570250,857652,287402,5729.7,8.5,56.3
FARM_1034,Tamil Nadu,Tiruchirappalli,Maize,Kharif,7.8,738.3,33.2,63.9,8,6.51,68.9,82,58,44,Rainfed,136,4.4,96,5.92,48.86,16384,563587,800522,236935,5850.4,10.12,56.2
FARM_1035,Telangana,Rangareddy,Rice,Kharif,11.2,1154.8,31.6,53.6,8.6,6.89,71.1,140,63,39,Tube Well,218,4.1,86,5.55,61.26,17625,690134,1079708,389574,6460.7,8.59,60
FARM_1036,Tamil Nadu,Thanjavur,Groundnut,Kharif,7,856.1,28.2,60.5,5.7,7.32,48.4,92,79,50,Drip,219,3.7,90,4.93,34.14,13981,357841,477311,119470,7377.5,6.68,67.1
FARM_1037,Andhra Pradesh,Kurnool,Cotton,Kharif,11,693,28.8,75,8.4,6.85,53.7,85,37,42,Drip,210,3.9,78,6.42,67.65,14117,706728,955015,248287,6452.2,9.95,51.6
FARM_1038,Tamil Nadu,Salem,Maize,Kharif,8,852.7,29.3,68.7,6.2,6.6,44.6,116,51,15,Drip,135,3.5,74,5.66,45.4,17490,493873,794046,300173,5978.5,9.47,74.9
FARM_1039,Tamil Nadu,Madurai,Cotton,Kharif,3.9,1035.2,28.8,70.9,6.5,6.61,61.8,101,44,44,Sprinkler,177,4.2,77,6.42,25.34,16058,313104,406910,93806,5872.5,10.93,62.7
FARM_1040,Andhra Pradesh,Krishna,Rice,Kharif,8.7,780.7,26.7,75.4,7.3,7.33,55.7,144,63,54,Rainfed,153,4.1,79,5.91,53.92,17417,637978,939125,301147,7329.8,8.06,51.4
FARM_1041,Haryana,Ambala,Maize,Kharif,8.2,874.8,28.7,71.2,6.7,6.94,72.6,141,46,50,Tube Well,120,3.2,84,5.74,44.89,16906,495916,758910,262994,6834.3,8.4,39.5
FARM_1042,Haryana,Karnal,Maize,Kharif,8.4,979.6,28.4,64.1,7.8,7.03,65,140,52,25,Sprinkler,203,2.5,81,5.27,45.93,18452,459350,847500,388150,5270.5,10,57.4
FARM_1043,Karnataka,Mysuru,Maize,Kharif,8.7,868,27.6,75,7.3,6.13,53.4,119,79,58,Tube Well,204,4.9,85,4.83,42.91,16322,536397,700377,163980,5498.7,8.78,50.1
FARM_1044,Haryana,Karnal,Cotton,Kharif,8.2,953.9,27.8,76.6,8.8,6.43,75.5,110,75,54,Sprinkler,171,4.1,81,6.87,56.74,15434,646326,875725,229399,6667.6,10.3,45.7
FARM_1045,Tamil Nadu,Madurai,Soybean,Kharif,5.8,763.6,28.3,74.1,6.9,7,57.4,126,77,69,Sprinkler,192,3.4,69,7.05,45.45,16566,550356,752925,202569,6414.4,10.99,41.8
FARM_1046,Karnataka,Shimoga,Maize,Kharif,6.1,780.2,28.4,66,7.1,7.21,60.5,79,67,61,Rainfed,188,4.4,88,2.91,18.16,16497,216298,299586,83288,5389.2,5.4,53.5
FARM_1047,Maharashtra,Nagpur,Maize,Kharif,5.9,807.7,27.8,71.8,6.5,6.88,50.6,136,86,34,Sprinkler,177,4.2,84,6.06,34.05,17978,368646,612151,243505,5235.9,11.57,60.8
FARM_1048,Tamil Nadu,Salem,Soybean,Kharif,7.6,811.3,27.5,73.1,9.4,7.07,54,108,45,65,Tube Well,168,3.6,85,6.53,50.19,15814,526935,793705,266770,6630.5,9.85,41.3
FARM_1049,Madhya Pradesh,Indore,Groundnut,Kharif,8.9,824.9,26.2,85,9.5,5.95,50.1,131,36,43,Sprinkler,153,3.5,78,6.06,53.8,17054,625053,917505,292452,7148.7,8.48,52.2
FARM_1050,Madhya Pradesh,Gwalior,Soybean,Kharif,8.4,998,28.3,82.7,6,6.72,69.4,129,58,46,Drip,160,4.1,78,6.27,57.82,15653,734529,905056,170527,7019,8.93,63.5
FARM_1051,Andhra Pradesh,Chittoor,Groundnut,Kharif,6.5,741.2,29.7,63.9,6.2,6.86,58.1,127,63,59,Rainfed,162,2.1,90,5.48,37.12,13645,452992,506502,53510,5722.9,9.58,44.6
FARM_1052,Uttar Pradesh,Lucknow,Soybean,Kharif,9.6,945.1,28.1,79.1,5.6,7.22,70.1,101,28,29,Drip,162,3.1,95,5.65,55.68,17303,657634,963431,305797,6021.9,9.38,58.3
FARM_1053,Maharashtra,Pune,Groundnut,Kharif,5.7,867.1,27.8,68.5,8.3,7.12,75.1,111,54,53,Drip,190,4.6,77,6.61,38.77,17546,432788,680258,247470,5856.4,11.29,35.6
FARM_1054,Punjab,Jalandhar,Soybean,Kharif,7.9,927.3,28.6,70.5,7.6,7,62.5,130,44,28,Tube Well,148,4,84,4.89,34.54,17709,380908,611669,230761,5577,8.77,69.8
FARM_1055,Gujarat,Ahmedabad,Rice,Kharif,10.1,833.7,27.2,63,6.1,6.81,52.8,115,60,35,Canal,200,4.8,78,5.31,56.67,16607,659429,941119,281690,5475.4,9.7,63.4
FARM_1056,Gujarat,Ahmedabad,Soybean,Kharif,8.5,911.2,26.6,69.6,6.5,7.26,56.6,129,74,43,Sprinkler,224,3.6,86,5.42,49.12,14556,601233,714991,113758,4566.3,11.87,45.2
FARM_1057,Tamil Nadu,Thanjavur,Maize,Kharif,6.7,996.2,28.2,65.1,6.4,7.56,62.3,82,58,68,Canal,159,4.4,78,4.51,30.49,17594,380506,536441,155935,5019.5,8.98,62.1
FARM_1058,Andhra Pradesh,Krishna,Groundnut,Kharif,6.1,629.4,27.6,68.5,8.3,6.28,45.7,108,43,52,Rainfed,156,4.1,85,5.34,31.82,16852,435554,536231,100677,7222.9,7.39,45.5
FARM_1059,Haryana,Rohtak,Rice,Kharif,7.8,801,30.5,84.4,8.1,7.1,47.5,88,73,46,Sprinkler,196,3.8,82,5,39.38,17520,464175,689938,225763,5820.3,8.59,70
FARM_1060,Punjab,Patiala,Soybean,Kharif,6.2,1063.8,27.3,59.5,7.8,7.15,45,143,48,30,Rainfed,198,2.9,87,5.42,31.98,15265,367708,488175,120467,6208.1,8.73,56.8
FARM_1061,Haryana,Karnal,Cotton,Kharif,3.9,717.7,31.9,80.1,5.7,7.07,50.1,120,61,53,Drip,213,4.3,76,5.76,23.3,15040,287897,350432,62535,6396.7,9,60.6
FARM_1062,Uttar Pradesh,Kanpur,Cotton,Kharif,8.3,907.7,30,61,7.3,7.66,67.7,138,50,58,Canal,207,5.1,88,5.76,51.87,18148,646271,941337,295066,7331.1,7.86,43.9
FARM_1063,Madhya Pradesh,Gwalior,Maize,Kharif,7.2,899,25.5,77.8,8.2,7.32,55.8,158,40,54,Sprinkler,236,3.6,68,6.12,44.15,16314,474527,720263,245736,5644.8,10.84,58.2
FARM_1064,Gujarat,Rajkot,Rice,Kharif,11.3,736.5,27.9,78.3,6.5,6.15,49.8,66,38,36,Drip,172,4.1,81,6.45,71.29,16346,757291,1165306,408015,5554.9,11.61,60.1
FARM_1065,Punjab,Amritsar,Soybean,Kharif,8.6,921.3,28.1,92.9,7,7.46,60,85,86,45,Rainfed,191,3.8,75,6.1,49.37,15922,515992,786069,270077,5719.6,10.67,44.9
FARM_1066,Karnataka,Belagavi,Cotton,Kharif,8.3,948.9,27.4,68.2,8.7,7.83,56.8,152,46,64,Rainfed,256,4,94,6.53,48.4,15464,539859,748458,208599,6170.2,10.58,58.1
FARM_1067,Madhya Pradesh,Bhopal,Rice,Kharif,7,978.7,30.8,68.5,9,7.21,54.6,135,76,53,Tube Well,165,4.3,96,5.72,40.81,17593,466294,717970,251676,5826.5,9.82,59.4
FARM_1068,Tamil Nadu,Tiruchirappalli,Groundnut,Kharif,6.1,877.5,32.8,63.4,6.6,6.31,60.3,87,37,53,Canal,153,3.4,84,5.73,33.97,14406,335024,489372,154348,6010.7,9.53,59.7
FARM_1069,Tamil Nadu,Coimbatore,Rice,Kharif,10.2,697.5,27,70.7,8,7.36,63.1,117,61,63,Drip,142,4.3,91,4.92,52.5,17408,626361,913920,287559,6539.1,7.52,62.3
FARM_1070,Madhya Pradesh,Gwalior,Soybean,Kharif,7.7,610.8,26.2,88.5,6.1,6.26,59.6,181,38,31,Rainfed,152,3.1,84,6.67,49.79,16297,576514,811428,234914,5594.1,11.92,63.5
FARM_1071,Maharashtra,Pune,Cotton,Kharif,10.2,894.9,33.6,60.3,6.9,6.8,59.7,114,59,55,Rainfed,170,4.2,81,6.32,66.62,16601,772395,1105959,333564,6147.7,10.28,67.5
FARM_1072,Uttar Pradesh,Varanasi,Groundnut,Kharif,9.4,1030.7,30.1,75.8,7.6,6.74,61.2,147,61,52,Rainfed,187,4.3,73,4.77,44.01,14704,442943,647123,204180,7508.5,6.35,57.4
FARM_1073,Maharashtra,Aurangabad,Soybean,Kharif,9.9,898.9,28.8,55.2,5.1,7.25,63.3,85,63,33,Canal,225,4.1,81,4.42,45.09,16093,496769,725633,228864,6742.6,6.56,61
FARM_1074,Tamil Nadu,Salem,Cotton,Kharif,10.9,815.1,31.5,76,7.6,6.49,57.7,125,57,43,Rainfed,141,4.6,74,6.71,69.8,17371,836725,1212496,375771,5548.5,12.09,36.2
FARM_1075,Haryana,Kurukshetra,Groundnut,Kharif,9.5,950.8,30.9,73.7,6.9,7.45,49,86,39,43,Rainfed,159,2.6,96,6.15,57.21,15327,764818,876858,112040,6891.4,8.92,57.5
FARM_1076,Telangana,Nalgonda,Maize,Kharif,5.7,643.6,29.4,69.4,7,6.54,60.5,110,45,19,Tube Well,190,4.4,69,6.31,32.85,15577,402853,511704,108851,6676.6,9.45,58.7
FARM_1077,Uttar Pradesh,Varanasi,Rice,Kharif,7.9,1073.1,26.4,59.8,8,6.55,50.8,107,61,44,Sprinkler,169,4,92,5.28,38.47,16552,426642,636755,210113,6514.2,8.11,51.4
FARM_1078,Madhya Pradesh,Gwalior,Soybean,Kharif,7.1,690.4,31.3,64.2,8.3,6,65.1,93,50,50,Tube Well,239,4.5,80,4.35,28.79,15113,324383,435103,110720,7120.7,6.11,52.9
FARM_1079,Madhya Pradesh,Gwalior,Soybean,Kharif,8.5,912.2,30.6,56.7,6.6,7.28,53.1,111,51,58,Sprinkler,206,2.9,90,5.3,43.6,17881,498755,779612,280857,4710.7,11.25,47
FARM_1080,Maharashtra,Solapur,Soybean,Kharif,8.9,627.1,29.8,56.4,8.3,6.73,52.6,119,52,42,Drip,193,4.2,82,5.42,49.68,16927,528486,840933,312447,5527.9,9.8,63.3
FARM_1081,Karnataka,Shimoga,Maize,Kharif,11,736,27.3,73,8.3,6.54,58.2,167,53,39,Drip,187,2.8,70,6.6,71.28,13879,810544,989295,178751,4955.2,13.32,58
FARM_1082,Tamil Nadu,Tiruchirappalli,Rice,Kharif,5,842.8,23.5,78.1,5.4,5.91,64.2,145,73,47,Rainfed,130,4.1,81,5.59,30.5,16267,328021,496144,168123,7149.8,7.82,60.9
FARM_1083,Haryana,Karnal,Rice,Kharif,7.2,679.3,30.2,80.7,7,7.29,54.9,129,38,56,Rainfed,154,3.2,83,4.93,34.42,17317,453654,596051,142397,4789.1,10.29,53.5
FARM_1084,Madhya Pradesh,Gwalior,Cotton,Kharif,6.4,920.5,27.3,69.2,5.6,6.36,53.5,125,57,42,Rainfed,169,3.1,80,3.99,25.54,15141,302289,386701,84412,4744.1,8.41,56.9
FARM_1085,Andhra Pradesh,Krishna,Soybean,Kharif,6.8,1001.8,31.3,60.5,7,7.18,60.1,140,80,22,Tube Well,139,3.3,76,4.88,33.48,16598,376417,555701,179284,5688.6,8.58,62.5
FARM_1086,Maharashtra,Nagpur,Maize,Kharif,9.8,805.4,30.6,74,6.9,6.43,50.3,144,66,54,Tube Well,173,4.8,85,5.65,51.72,17153,644012,887153,243141,4994,11.31,57
FARM_1087,Andhra Pradesh,Kurnool,Cotton,Kharif,10.9,821.3,25.6,69.8,6.7,5.8,60.9,148,78,53,Sprinkler,165,3.8,87,5.35,60.29,18918,653726,1140566,486840,7306.3,7.32,75.2
FARM_1088,Maharashtra,Aurangabad,Soybean,Kharif,10.8,788.3,30.8,73.1,8.3,6.71,61.8,111,61,63,Canal,185,5.4,73,5.09,56.58,14551,624522,823296,198774,6332.1,8.04,55.3
FARM_1089,Madhya Pradesh,Bhopal,Rice,Kharif,7.6,1203.9,26.2,66.4,6.2,6.17,52.6,130,61,55,Rainfed,149,4.6,85,6.67,53.08,15090,690189,800977,110788,5137.7,12.98,42.5
FARM_1090,Maharashtra,Aurangabad,Maize,Kharif,7.4,784.9,26.9,69.3,6.8,6.83,39.2,164,77,29,Rainfed,174,3.8,92,6.43,50.27,17590,609977,884249,274272,6617.9,9.72,68.6
FARM_1091,Tamil Nadu,Tiruchirappalli,Cotton,Kharif,7.5,1025,29.5,62.1,8.5,6.06,71.7,129,59,43,Canal,186,4.2,74,8.66,69.08,16810,730926,1161235,430309,6839.7,12.66,47.7
FARM_1092,Uttar Pradesh,Lucknow,Maize,Kharif,7.6,932.1,29.5,78.6,6.5,6.56,45,114,70,35,Rainfed,220,3.6,93,5.12,43.01,16923,523103,727858,204755,4795.7,10.68,53.1
FARM_1093,Haryana,Rohtak,Groundnut,Kharif,9.2,863.2,26.1,76.4,6.7,6.95,48,175,61,64,Rainfed,178,3.3,74,5.39,47.88,16022,566217,767133,200916,7211.3,7.47,47.9
FARM_1094,Madhya Pradesh,Bhopal,Groundnut,Kharif,8.2,643.6,30,60.9,8.5,6.91,60.5,179,44,53,Drip,178,3.8,80,5.48,43.18,15466,451692,667822,216130,7041.7,7.78,51.9
FARM_1095,Madhya Pradesh,Indore,Groundnut,Kharif,5.8,862.4,26.2,76.3,7,6.87,48.5,114,56,48,Canal,153,4.8,93,6.59,35.88,15052,392703,540066,147363,4663.7,14.13,41.1
FARM_1096,Punjab,Jalandhar,Rice,Kharif,8.6,735.8,27.1,75.3,5.9,6.56,66.9,60,43,42,Canal,162,4.5,74,5.25,40.31,15589,442119,628393,186274,6937.1,7.57,53.8
FARM_1097,Andhra Pradesh,Krishna,Cotton,Kharif,5.2,686.9,28.6,65.1,8.1,6.85,54.1,127,45,52,Rainfed,164,4.6,88,5.55,28.87,16043,352270,463161,110891,6351.7,8.74,48.2
FARM_1098,Madhya Pradesh,Ujjain,Groundnut,Kharif,8.9,964.3,26.3,62.2,6.8,6.59,50.5,164,65,45,Tube Well,142,3.7,76,3.86,34.41,16802,414849,578157,163308,6857.3,5.63,58.5
FARM_1099,Tamil Nadu,Tiruchirappalli,Cotton,Kharif,7.6,662.2,30.2,89.5,8.5,6.87,65,133,61,51,Sprinkler,247,4.4,83,5.3,43.69,14978,475106,654389,179283,5997.9,8.84,51.2
FARM_1100,Madhya Pradesh,Indore,Maize,Kharif,5.8,1032.3,34.2,77.3,7.6,6.04,68.3,85,47,49,Sprinkler,245,3.9,80,5.98,35.11,15839,451857,556107,104250,6794.4,8.8,58.3
FARM_1101,Maharashtra,Aurangabad,Soybean,Kharif,9.3,900.5,34.9,67.6,7.3,7.1,59.9,97,48,35,Tube Well,179,3.7,85,6.47,59.63,15873,688946,946507,257561,5037.8,12.84,51.3
FARM_1102,Andhra Pradesh,Krishna,Cotton,Kharif,8.9,776.4,29.8,74.8,6.6,6.92,65.3,149,59,45,Canal,162,2.8,71,6.51,57.61,17608,636753,1014397,377644,5633.2,11.56,60.3
FARM_1103,Haryana,Hisar,Cotton,Kharif,6.1,700.1,26.5,69.4,8.4,6.98,66.6,99,41,33,Rainfed,136,3.5,77,6.68,43.03,16706,485422,718859,233437,5470.4,12.21,49.6
FARM_1104,Gujarat,Ahmedabad,Groundnut,Kharif,7,993.1,27.4,72.3,7.8,6.13,62.2,120,70,62,Rainfed,195,3.8,78,5.66,40.69,15794,529891,642658,112767,6566.7,8.62,72.7
FARM_1105,Andhra Pradesh,Chittoor,Cotton,Kharif,6.7,768.9,25.2,69.2,6.4,6.55,55.6,139,38,50,Canal,181,4.2,77,6.62,41.74,16084,431929,671346,239417,6789,9.75,56
FARM_1106,Gujarat,Ahmedabad,Soybean,Kharif,7.3,963.1,30.3,66,6.7,6.56,52.8,102,68,61,Tube Well,144,3.4,87,6.79,54.2,16519,587890,895330,307440,4913.4,13.82,64.3
FARM_1107,Madhya Pradesh,Jabalpur,Groundnut,Kharif,8.1,815.5,26.5,72.1,7.8,6.79,51.1,120,62,32,Tube Well,224,4,85,6.54,53.43,18767,654630,1002721,348091,7092.9,9.22,51.1
FARM_1108,Madhya Pradesh,Ujjain,Rice,Kharif,8.4,953.1,29.1,67.4,7.5,8.06,62.2,125,52,46,Rainfed,202,4.3,82,6.75,55.48,16727,577596,928014,350418,6588.9,10.24,39.6
FARM_1109,Maharashtra,Nashik,Groundnut,Kharif,5.5,811.7,32.5,69.7,7.4,7.07,64,156,63,56,Tube Well,163,3.6,88,5.55,30.24,16453,396115,497539,101424,6714.2,8.27,49.2
FARM_1110,Gujarat,Junagadh,Rice,Kharif,8.2,1114.9,26.9,64.8,8.7,6.86,51.9,147,69,54,Sprinkler,224,3.5,76,4.96,40.03,15749,467106,630432,163326,5803.2,8.55,48.9
FARM_1111,Haryana,Rohtak,Cotton,Kharif,9.9,1000.5,29.3,80,7.4,6.82,44.5,109,33,64,Tube Well,213,4,87,4.42,46.84,15257,527517,714638,187121,7407.4,5.97,66
FARM_1112,Uttar Pradesh,Varanasi,Soybean,Kharif,7.4,764,32.4,75.2,8.5,6.55,38.3,111,68,39,Sprinkler,202,4.3,87,5.53,41.62,15395,455188,640740,185552,6109.2,9.05,58.2
FARM_1113,Karnataka,Raichur,Groundnut,Kharif,8.3,708,26.4,76.8,7.7,6.6,66.5,114,57,41,Canal,138,3.4,85,6.9,54.63,16575,600560,905492,304932,7095.6,9.72,51.9
FARM_1114,Gujarat,Vadodara,Maize,Kharif,7.4,818.5,27.6,64.9,8.7,7.02,61.1,87,57,46,Drip,132,3.4,78,5.21,40.43,17517,540873,708212,167339,6183,8.43,57.2
FARM_1115,Uttar Pradesh,Varanasi,Cotton,Kharif,8.3,937,30,69.8,7.1,6.66,46.8,114,67,41,Rainfed,179,3,87,6.72,51.54,17993,654926,927359,272433,6491.3,10.35,52.6
FARM_1116,Punjab,Patiala,Soybean,Kharif,11.8,679.9,28.1,65.8,5.3,7.15,48.9,100,44,45,Sprinkler,221,4.8,78,4.46,53.92,17041,587748,918851,331103,6712.8,6.64,63.1
FARM_1117,Gujarat,Surat,Maize,Kharif,6.7,776.3,28.7,69.2,9.1,5.78,58.6,102,32,46,Drip,162,3.9,77,6.08,38.4,17834,453794,684826,231032,6321,9.62,48.6
FARM_1118,Tamil Nadu,Coimbatore,Maize,Kharif,6.4,817.4,29.3,82.4,8.6,7.08,52.6,128,55,49,Sprinkler,146,5.3,79,6.14,40.38,17006,497493,686702,189209,6469.8,9.49,62.7
FARM_1119,Gujarat,Rajkot,Groundnut,Kharif,10.6,831.9,31.3,71,6.6,7.08,65.4,123,76,24,Canal,162,3.3,85,5.11,54.68,16619,601251,908727,307476,5829.1,8.77,63.6
FARM_1120,Tamil Nadu,Madurai,Groundnut,Kharif,7.4,917.2,29.3,67.7,6.8,6.8,57.3,101,42,35,Canal,203,3,83,4.8,32.38,16375,358511,530223,171712,6770.1,7.09,48.3
FARM_1121,Maharashtra,Solapur,Rice,Kharif,9,594.6,28.5,80,7.3,6.88,65.5,83,48,46,Drip,207,4.8,84,4.35,40.51,16743,487306,678259,190953,7020.7,6.2,56.3
FARM_1122,Maharashtra,Pune,Soybean,Kharif,10.4,755.4,32.4,66,8,6.56,45.9,156,59,38,Canal,223,3.8,82,4.6,48.29,15493,587300,748157,160857,5241.4,8.78,50
FARM_1123,Punjab,Patiala,Cotton,Kharif,7.9,758.2,29.3,72,5.9,6.32,65.3,128,38,39,Sprinkler,151,3.9,84,6.19,51.5,15463,585348,796345,210997,6008.7,10.3,47.5
FARM_1124,Andhra Pradesh,Chittoor,Maize,Kharif,7.3,535.6,26.5,79,5.3,7.66,44.6,146,33,57,Canal,196,3.5,72,5.4,41.85,17140,482918,717309,234391,5310.5,10.17,48.1
FARM_1125,Madhya Pradesh,Jabalpur,Maize,Kharif,11.8,825.4,37.1,76.7,5.1,6.54,66.9,120,46,51,Canal,176,3.9,76,6.92,87.21,17333,1152704,1511611,358907,5340.1,12.96,36.1
FARM_1126,Andhra Pradesh,Krishna,Groundnut,Kharif,7.5,913.7,26.3,76.8,6,5.6,53.7,89,51,38,Tube Well,183,4,75,5.61,42.35,17374,469617,735789,266172,6410.5,8.75,59
FARM_1127,Haryana,Ambala,Rice,Kharif,7.7,728,27,90.4,5.4,6.08,55.7,136,70,62,Drip,196,3.2,82,7.44,61.37,17402,782976,1067961,284985,6475.6,11.49,47.1
FARM_1128,Tamil Nadu,Thanjavur,Rice,Kharif,9.3,888.4,29.6,68.2,7.2,7.28,47.7,162,49,49,Rainfed,158,3.9,88,5.32,50.74,15215,585060,772009,186949,6239.4,8.53,51
FARM_1129,Madhya Pradesh,Bhopal,Cotton,Kharif,7.9,662.7,31,70,4.5,6.93,57,95,62,22,Tube Well,175,3.2,88,4.7,38.71,15825,460918,612586,151668,5551,8.47,54.4
FARM_1130,Karnataka,Belagavi,Soybean,Kharif,8.5,965.9,25.7,62.5,8.1,6.26,65.3,125,70,37,Sprinkler,185,3.2,88,6.08,47.03,17467,522583,821473,298890,6186.3,9.83,55.1
FARM_1131,Tamil Nadu,Coimbatore,Rice,Kharif,9.4,915.2,28.3,81.9,7,5.83,57.8,127,52,55,Sprinkler,137,4,86,5.92,54.34,17157,657973,932311,274338,5928.2,9.99,50.4
FARM_1132,Punjab,Jalandhar,Soybean,Kharif,7.2,684.8,26,74,5.7,6.41,65.8,97,58,39,Canal,204,3.4,79,6.54,44.8,19071,537634,854381,316747,6808.7,9.61,47.8
FARM_1133,Maharashtra,Solapur,Cotton,Kharif,6.6,800.6,28.9,76.9,7.3,7.22,82.5,129,46,45,Tube Well,159,4,91,5.24,35.92,16790,470098,603097,132999,5393.8,9.71,54.4
FARM_1134,Madhya Pradesh,Ujjain,Rice,Kharif,7.9,904.3,27.8,77.7,6.5,6.62,53.4,119,54,32,Drip,177,4.7,71,4.67,36.03,16720,384440,602422,217982,4511.5,10.35,49
FARM_1135,Karnataka,Dharwad,Cotton,Kharif,6.6,1153.7,28.8,75.9,5.9,6.93,58.3,111,50,30,Tube Well,177,3.4,77,5.44,36.38,15664,374053,569856,195803,6856.9,7.93,61.7
FARM_1136,Haryana,Hisar,Soybean,Kharif,7.4,851.4,27.8,58.6,7.7,7.45,69.3,78,46,37,Drip,136,4.9,78,2.66,20.04,15484,242902,310299,67397,5860.2,4.54,59.7
FARM_1137,Karnataka,Raichur,Groundnut,Kharif,6.3,1019.4,32.3,67.5,9.9,7.96,48.7,115,44,54,Canal,179,4.6,85,4.68,29.06,16776,343662,487511,143849,6604.9,7.09,68.2
FARM_1138,Karnataka,Shimoga,Rice,Kharif,7.1,862.7,31.9,61.1,7.7,6.24,57.3,147,72,59,Rainfed,169,4.2,86,5.18,35.51,19566,386755,694789,308034,5918.6,8.75,58.2
FARM_1139,Madhya Pradesh,Indore,Maize,Kharif,9.8,1036.1,27,70.1,7.4,6.2,48.4,122,78,56,Tube Well,187,4,73,6.29,66.71,13739,711196,916529,205333,5263.9,11.95,41.1
FARM_1140,Karnataka,Raichur,Cotton,Kharif,8.7,741.2,29.9,73.1,5.7,6.47,60.4,109,56,50,Sprinkler,175,3.9,81,5.56,50.91,17968,558306,914751,356445,5801.3,9.58,63.8
FARM_1141,Maharashtra,Solapur,Soybean,Kharif,5.7,965.8,28.9,67.7,8.7,6.72,57.4,139,61,34,Sprinkler,189,4.9,88,6,37.4,14861,439926,555801,115875,5792.9,10.36,55.8
FARM_1142,Andhra Pradesh,Krishna,Groundnut,Kharif,6.8,1053,23.3,68.3,7.3,7.02,46.8,106,43,43,Rainfed,195,3.5,79,5.68,42.55,17537,532395,746199,213804,7073.5,8.03,53
FARM_1143,Gujarat,Surat,Soybean,Kharif,7.7,704.1,28.9,56.7,8.8,6.53,64.6,120,47,39,Rainfed,250,4.1,77,7.05,53.57,16054,492075,860013,367938,5543.5,12.72,57.1
FARM_1144,Madhya Pradesh,Gwalior,Soybean,Kharif,9.2,804.5,31.8,73.6,9.5,6.71,62.5,126,54,41,Rainfed,209,3.3,70,4.75,42.45,14304,417646,607205,189559,6499.1,7.31,59.2
FARM_1145,Telangana,Rangareddy,Maize,Kharif,7.3,958,32.9,63.3,8.3,6.55,36.3,109,53,63,Canal,184,4,89,6.11,43.7,17996,566110,786425,220315,6672.7,9.16,49.6
FARM_1146,Andhra Pradesh,Guntur,Maize,Kharif,7.4,871.9,31.6,75.8,5.7,5.91,61.1,129,40,45,Tube Well,88,5,88,5.74,43.12,16517,507803,712213,204410,5501.7,10.43,49
FARM_1147,Telangana,Sangareddy,Soybean,Kharif,3,1045.2,28.7,74.6,6.6,7.37,58.5,114,47,59,Tube Well,186,3.2,93,7.03,21.94,16277,251342,357117,105775,5381.5,13.06,53.6
FARM_1148,Tamil Nadu,Coimbatore,Rice,Kharif,10.5,880.2,30.7,74.2,6.6,6.31,62.8,159,62,54,Rainfed,201,2.8,79,4.82,49.96,15716,605374,785171,179797,4402.8,10.95,49.3
FARM_1149,Haryana,Rohtak,Groundnut,Kharif,7.5,814.9,28.9,87.6,8,6.97,50,100,74,51,Sprinkler,211,3.6,85,5.97,44.27,17472,448210,773485,325275,7535.2,7.92,41.1
FARM_1150,Punjab,Amritsar,Rice,Kharif,9.2,817.8,29.1,77.2,8.5,7.41,49.2,87,41,47,Drip,142,4.2,89,5.5,50.68,16520,536507,837234,300727,6343,8.67,53.2
FARM_1151,Andhra Pradesh,Chittoor,Maize,Kharif,8,856.1,30.4,79.8,6.7,7.81,56.3,124,46,47,Drip,169,4.1,75,5.68,49.17,18752,679944,922036,242092,5712.9,9.94,51.2
FARM_1152,Haryana,Ambala,Rice,Kharif,9.6,1150.8,28.5,75.9,7.4,6.64,48.9,148,62,53,Rainfed,196,3,78,5.36,50.77,15253,542387,774395,232008,5100.2,10.51,39.6
FARM_1153,Maharashtra,Aurangabad,Maize,Kharif,8.8,983.8,28.2,63.8,8.5,6.78,45.3,119,82,45,Sprinkler,164,2.6,79,5.32,48.74,16400,523452,799336,275884,6376.8,8.34,69.2
FARM_1154,Karnataka,Mysuru,Cotton,Kharif,7.4,953.3,27.3,69.3,7,6.52,52.4,84,48,48,Rainfed,205,3.7,75,6.3,47.9,17024,595339,815450,220111,6054.8,10.4,61.4
FARM_1155,Maharashtra,Pune,Maize,Kharif,6.2,829,27.8,59.8,6.3,6.53,63.3,98,56,51,Drip,186,3.2,90,6.63,40.07,15398,482956,616998,134042,4937.3,13.43,50.7
FARM_1156,Uttar Pradesh,Varanasi,Groundnut,Kharif,5,897.1,32.3,55.6,8.1,6.91,50.9,124,57,54,Tube Well,141,2.7,71,5.82,28.7,14882,298783,427113,128330,5910.5,9.85,49.8
FARM_1157,Andhra Pradesh,Kurnool,Soybean,Kharif,7.3,928.1,26.8,74,8.5,6.73,52.6,130,60,43,Tube Well,184,4.3,83,5.41,40.86,15659,462170,639827,177657,6661.5,8.12,53.5
FARM_1158,Punjab,Bathinda,Rice,Kharif,7.8,978.8,25.9,69.8,7.4,6.78,70.1,131,57,53,Sprinkler,124,4.3,74,6.04,49.18,17027,589084,837388,248304,5792.6,10.43,50.8
FARM_1159,Haryana,Kurukshetra,Maize,Kharif,7.9,762.6,31.4,84.7,7.9,6.98,55.2,123,44,51,Sprinkler,213,3.9,86,6.38,50.8,17772,616791,902818,286027,4732.6,13.48,66.2
FARM_1160,Gujarat,Ahmedabad,Cotton,Kharif,8.7,862.1,27.8,81.5,6.3,7.39,58,155,58,45,Rainfed,185,3.4,87,5.88,55.04,16518,690540,909151,218611,6515.4,9.02,55.5
FARM_1161,Madhya Pradesh,Bhopal,Cotton,Kharif,8.5,1129.3,26.3,71.5,8.5,6.89,54.2,88,26,40,Canal,185,2.9,69,6.18,51.94,14340,566657,744820,178163,4139.8,14.93,57.9
FARM_1162,Telangana,Nalgonda,Maize,Kharif,10.6,801.5,27.4,73,7.1,6.54,60.2,97,37,51,Canal,113,4.8,85,4.29,46.32,16623,553113,769977,216864,5625.2,7.63,44.4
FARM_1163,Haryana,Rohtak,Cotton,Kharif,6,807.6,28.9,73.3,8.5,6.73,44.9,67,47,32,Sprinkler,238,3.6,78,4.98,27.38,16014,347233,438463,91230,6621.4,7.52,47.6
FARM_1164,Haryana,Ambala,Cotton,Kharif,9.8,568,24.9,83.5,7.9,6.58,55.4,106,33,40,Tube Well,199,3.6,80,4.95,51.49,17094,599825,880170,280345,6620.7,7.48,59.3
FARM_1165,Punjab,Jalandhar,Soybean,Kharif,10,916.4,29.1,78.7,5.6,7.69,64.2,131,61,44,Rainfed,163,3.5,78,6.68,70.64,13630,791246,962823,171577,5387.3,12.4,51.9
FARM_1166,Madhya Pradesh,Bhopal,Soybean,Kharif,8.7,895.4,27.3,88.6,8.9,7.26,56.8,146,63,49,Tube Well,196,3.3,85,5.22,45.5,16607,500481,755619,255138,5996,8.71,52
FARM_1167,Tamil Nadu,Thanjavur,Rice,Kharif,6.6,954,29.8,58.1,7.1,7.07,64.4,142,51,20,Rainfed,113,3.7,81,5.14,34.67,16010,377761,555067,177306,6535.8,7.86,68.9
FARM_1168,Andhra Pradesh,Guntur,Rice,Kharif,5.6,824.6,26.2,52,5.2,6.76,80.2,120,46,57,Drip,161,4,75,5.87,33,16461,411818,543213,131395,5149.6,11.4,39.7
FARM_1169,Tamil Nadu,Thanjavur,Rice,Kharif,9.2,892.5,34,71.1,8.4,5.87,65.9,88,69,34,Sprinkler,143,4.2,84,4.55,41.88,19189,521297,803635,282338,6112.3,7.44,44.9
FARM_1170,Haryana,Kurukshetra,Rice,Kharif,9,730.9,25.5,70.4,7.6,6.27,53.6,124,50,50,Drip,174,4.5,83,4.91,41.69,17117,466404,713608,247204,6791,7.23,47.7
FARM_1171,Punjab,Patiala,Cotton,Kharif,6.8,994.6,29.9,75,5.6,7.05,61.1,124,45,48,Rainfed,198,3.7,85,6.82,49.8,18612,571906,926878,354972,7071.4,9.64,61.4
FARM_1172,Telangana,Nalgonda,Rice,Kharif,7.7,847.3,24.5,64,7.2,6.44,46,97,55,42,Canal,121,4.1,79,6.09,45.71,17917,549158,818986,269828,6131.6,9.93,55.4
FARM_1173,Haryana,Kurukshetra,Cotton,Kharif,6.1,831.8,30.3,64.8,5.2,6.7,63,122,54,33,Rainfed,187,3.7,82,5.73,33.35,18244,389372,608437,219065,5310.4,10.79,53.9
FARM_1174,Maharashtra,Nagpur,Soybean,Kharif,10.9,740.1,26.4,63.7,7.8,6.67,45.6,117,67,59,Sprinkler,170,3.2,97,4.68,52.54,15867,578000,833652,255652,5076.1,9.22,52.1
FARM_1175,Uttar Pradesh,Varanasi,Maize,Kharif,10.4,714.3,28.5,71.4,7.2,6.5,51.4,105,37,56,Rainfed,162,3.9,75,4.86,49.76,18436,592892,917375,324483,6693.9,7.26,49.1
FARM_1176,Andhra Pradesh,Chittoor,Soybean,Kharif,10.1,961.9,27.4,79.2,8.2,6.72,59.7,125,42,43,Rainfed,185,3.8,68,4.71,46.04,17481,529158,804825,275667,5850.8,8.05,46.3
FARM_1177,Uttar Pradesh,Lucknow,Cotton,Kharif,11.6,803,29.6,68.2,8.9,6.48,57,114,27,61,Canal,168,4.7,77,5.11,51.43,16959,511249,872201,360952,6718.3,7.61,42.1
FARM_1178,Andhra Pradesh,Krishna,Cotton,Kharif,7.9,691.3,28.2,69.3,7.7,7.08,68.1,135,64,75,Tube Well,188,2.9,84,5.47,43.91,16679,526713,732375,205662,6451.6,8.48,46
FARM_1179,Andhra Pradesh,Chittoor,Rice,Kharif,9.1,765.6,27.6,68.2,7.1,6.38,50.6,118,55,53,Rainfed,159,4.2,84,5.34,51.35,17606,476266,904068,427802,6834.6,7.81,54.5
FARM_1180,Uttar Pradesh,Lucknow,Soybean,Kharif,8.9,664.1,26.9,80.5,8.3,6.44,57.2,101,45,34,Sprinkler,159,3.2,85,7.21,63.21,17525,686311,1107755,421444,6975.5,10.34,54
FARM_1181,Haryana,Kurukshetra,Cotton,Kharif,9.5,1109.9,25.5,82.6,7.1,7.06,59.5,116,32,60,Sprinkler,142,4.7,87,9.77,92.56,16633,978248,1539550,561302,6336,15.42,52
FARM_1182,Andhra Pradesh,Guntur,Maize,Kharif,12.3,763.1,24.3,70.8,7.4,7.2,64.6,116,58,41,Tube Well,180,3,88,4.92,58.88,16384,657349,964690,307341,7205.9,6.83,56.9
FARM_1183,Haryana,Ambala,Groundnut,Kharif,5.5,953.4,32.9,77.5,7.8,6.5,51.1,137,35,43,Sprinkler,177,4.4,78,6.28,32.5,16073,382364,522373,140009,6246.4,10.05,55.9
FARM_1184,Punjab,Jalandhar,Soybean,Kharif,8.7,938.7,28.2,67,7.8,6.53,51.1,119,58,52,Sprinkler,172,2.3,76,5.38,50.12,14944,668469,748993,80524,4690,11.47,59.7
FARM_1185,Madhya Pradesh,Gwalior,Soybean,Kharif,9.7,583.6,24.4,71.9,8.6,5.76,39.5,129,41,42,Canal,143,4.5,86,5.41,50.92,15809,545950,804994,259044,5898.4,9.17,60.4
FARM_1186,Haryana,Rohtak,Rice,Kharif,8.4,1005.6,29.4,64.2,7,6.03,60.9,131,52,42,Tube Well,178,3.4,90,5.94,50.95,16339,584594,832472,247878,7652.8,7.76,53.9
FARM_1187,Gujarat,Ahmedabad,Maize,Kharif,5.1,1181.6,30,65.8,7.1,6.9,53.3,119,67,42,Tube Well,233,4,83,6.41,30.48,16303,326882,496915,170033,6166.2,10.4,56
FARM_1188,Punjab,Ludhiana,Groundnut,Kharif,7.7,813.5,28,64.4,6.2,6.65,56.5,143,44,63,Drip,144,3.5,79,4.41,33.11,15011,407335,497014,89679,6011.2,7.34,52.7
FARM_1189,Punjab,Jalandhar,Rice,Kharif,7.3,828.6,27.7,58.6,7.5,6.61,74.6,101,48,32,Canal,157,4,82,4.39,28.33,16588,329087,469938,140851,4495.2,9.77,53.7
FARM_1190,Karnataka,Shimoga,Soybean,Kharif,6.5,962.7,26,82,7.4,6.37,72.5,122,55,63,Canal,220,4,83,6.47,44.72,16307,501476,729249,227773,6633.2,9.75,46.4
FARM_1191,Telangana,Nalgonda,Soybean,Kharif,11.7,663.8,29,73.2,5.1,6.75,61.9,105,56,28,Rainfed,150,4.8,89,6.47,85.56,16787,898574,1436296,537722,6752,9.58,43.5
FARM_1192,Haryana,Kurukshetra,Cotton,Kharif,6,724.3,29.1,71.9,7.6,6.64,56.7,120,57,47,Sprinkler,210,3.4,71,5.4,34.77,18649,431968,648426,216458,6131.2,8.81,46.6
FARM_1193,Karnataka,Belagavi,Soybean,Kharif,4.9,683.3,25.8,68.4,8.8,6.39,62.6,105,56,41,Sprinkler,154,3.3,90,6.22,27.92,15843,303617,442337,138720,6286.3,9.89,62.6
FARM_1194,Tamil Nadu,Thanjavur,Maize,Kharif,6.6,986,26.3,57.1,10.1,7.13,62.5,145,33,56,Tube Well,192,4.5,81,5.54,34.39,14924,397469,513236,115767,5217.5,10.62,65.9
FARM_1195,Uttar Pradesh,Meerut,Maize,Kharif,11,742.7,30.4,64.4,8.1,6.69,58.1,137,66,42,Tube Well,188,3.9,84,5.14,55.92,16991,693732,950137,256405,6269.8,8.2,43.9
FARM_1196,Madhya Pradesh,Bhopal,Soybean,Kharif,11.8,1026.2,26.8,75.6,6.6,6.63,68,103,57,50,Tube Well,238,4.6,79,4.41,56,16694,670166,934864,264698,5838.2,7.55,46
FARM_1197,Andhra Pradesh,Chittoor,Maize,Kharif,10.7,761.1,27.4,81.5,6.2,6.76,70.7,158,70,49,Sprinkler,147,3,83,4.76,53.69,18543,622018,995574,373556,7250.8,6.56,56.7
FARM_1198,Haryana,Karnal,Maize,Kharif,9,860.1,27.4,92.6,6.8,6.92,60,148,58,27,Drip,169,3.5,76,5.42,45.95,13500,486321,620325,134004,5530.7,9.8,60.1
FARM_1199,Andhra Pradesh,Guntur,Groundnut,Kharif,6.3,863.3,27.8,56.7,8.1,6.95,55.9,125,56,39,Tube Well,189,5.1,77,6.89,42.5,16380,557571,696150,138579,7150.2,9.64,57.2
FARM_1200,Haryana,Kurukshetra,Groundnut,Kharif,9.6,852.5,29.3,78.3,6.6,7.2,58.6,116,33,36,Tube Well,177,4,87,5.54,53.74,17571,592639,944266,351627,6059.5,9.14,45.7
FARM_1201,Andhra Pradesh,Guntur,Rice,Kharif,5.1,765.8,29.4,62.9,9.9,6.54,63.6,118,53,44,Rainfed,154,3.9,84,5.42,27.56,13362,296945,368257,71312,6519,8.31,56
FARM_1202,Telangana,Nalgonda,Cotton,Kharif,9.4,937.2,24.2,61.6,7.2,6.67,69.7,124,41,38,Rainfed,163,4,84,4.98,44.11,16551,431908,730065,298157,6333.3,7.86,48.3
FARM_1203,Karnataka,Mysuru,Groundnut,Kharif,4.6,577.4,30.4,69.7,5.8,7.85,52.8,87,79,44,Canal,205,4.3,82,5.57,26.95,18239,304087,491541,187454,6827.1,8.16,62.5
FARM_1204,Andhra Pradesh,Krishna,Maize,Kharif,5.4,691.5,28.8,81.2,6.4,6.31,55.7,96,44,45,Sprinkler,186,3.8,81,6.26,35.38,17067,417741,603830,186089,7058.1,8.87,52.9
FARM_1205,Maharashtra,Nagpur,Maize,Kharif,9.3,809.2,29.7,73.8,6.3,6.82,60.8,108,54,41,Drip,219,4.1,70,6.68,66.28,15749,879732,1043844,164112,6444.9,10.36,52.9
FARM_1206,Uttar Pradesh,Kanpur,Groundnut,Kharif,8.4,1102.6,31.1,53.8,7.3,6.48,67.3,86,48,58,Rainfed,178,3.7,80,5.36,47.54,15616,600153,742385,142232,5990.5,8.95,54.1
FARM_1207,Gujarat,Junagadh,Groundnut,Kharif,8,738.1,26.9,75.8,8.1,6.76,72,130,53,48,Drip,163,3.9,73,6.26,50.06,17402,568425,871144,302719,6416.4,9.76,52.2
FARM_1208,Karnataka,Raichur,Soybean,Kharif,5.7,945.7,29.5,70.3,7.7,6.77,64.5,113,50,50,Tube Well,173,3.9,78,5.77,31.29,17810,360319,557275,196956,7232.6,7.98,60.1
FARM_1209,Maharashtra,Aurangabad,Rice,Kharif,9.5,1091.3,24,75.1,8.1,6.98,44.2,103,57,54,Rainfed,167,3.4,88,5.91,59.66,15083,619944,899852,279908,4988,11.85,65
FARM_1210,Maharashtra,Solapur,Maize,Kharif,8.1,1158.5,30.8,66.9,6.5,6.45,78.1,122,45,35,Tube Well,200,4.3,84,4.51,37.03,18092,411166,669947,258781,4836.3,9.33,62.1
FARM_1211,Tamil Nadu,Coimbatore,Groundnut,Kharif,9,608.6,31,73.9,8.2,6.9,58,116,56,32,Drip,233,3.5,88,5.38,46.86,17747,544306,831624,287318,5345,10.07,67.8
FARM_1212,Punjab,Bathinda,Groundnut,Kharif,8.7,727.6,28.1,58.1,8.1,6.26,54.8,151,54,61,Rainfed,177,4.4,90,5.84,54.95,16855,577367,926182,348815,6422.4,9.09,39.4
FARM_1213,Maharashtra,Nashik,Maize,Kharif,7.2,782,30.1,82.2,8.2,6.57,59.8,112,81,44,Canal,184,3.5,85,5.03,38.67,16631,432581,643121,210540,5420.4,9.28,60.5
FARM_1214,Madhya Pradesh,Jabalpur,Rice,Kharif,10.1,646.2,27.7,79.5,7.2,6.92,52.5,121,48,45,Sprinkler,187,4.5,77,4.44,46.82,14980,546912,701364,154452,6452.4,6.88,67.3
FARM_1215,Haryana,Kurukshetra,Maize,Kharif,8.8,1020,26.9,70.8,6.3,6.13,69.4,105,41,61,Sprinkler,153,4.3,73,5.72,46.35,15497,615620,718286,102666,6879.6,8.31,42.5
FARM_1216,Tamil Nadu,Madurai,Groundnut,Kharif,8.4,630.7,27.2,73.8,9.4,7.51,47.8,127,26,30,Canal,152,4.4,78,4.87,40.61,14996,443015,608988,165973,5227,9.32,50.3
FARM_1217,Madhya Pradesh,Ujjain,Maize,Kharif,7.6,811.6,27.1,65.3,9.7,6.65,68.4,98,46,18,Tube Well,163,3.3,82,6.22,48.72,16541,628381,805878,177497,6731.8,9.24,48.4
FARM_1218,Andhra Pradesh,Chittoor,Groundnut,Kharif,7.3,915.7,31.5,78,8,7.06,43.6,113,65,56,Tube Well,218,3.1,87,6.05,41.34,17876,429495,738994,309499,6421.7,9.42,67.6
FARM_1219,Karnataka,Raichur,Cotton,Kharif,5.4,1194.2,29.5,80.2,7.4,6.81,64.7,126,60,54,Drip,185,4.6,85,6.06,32.82,14414,370512,473067,102555,6056.1,10.01,71.1
FARM_1220,Haryana,Kurukshetra,Groundnut,Kharif,8.7,720.8,32,72.6,6.8,6.53,74.2,99,53,38,Rainfed,176,3.3,84,4.72,40.47,17736,457282,717776,260494,5755.1,8.2,58
FARM_1221,Andhra Pradesh,Anantapur,Soybean,Kharif,8.2,592,28.1,75.6,7.3,6.26,73.7,130,61,51,Tube Well,134,3.4,89,5.69,44.43,17030,591671,756643,164972,5967.6,9.53,56.7
FARM_1222,Punjab,Amritsar,Maize,Kharif,11.5,949.2,31.9,71.6,7,7.3,59.5,146,50,35,Tube Well,195,3.5,81,6.09,67.61,18645,908008,1260588,352580,5099.6,11.94,52.6
FARM_1223,Madhya Pradesh,Ujjain,Groundnut,Kharif,7,840.7,29.7,72.1,7.9,6.32,56.5,110,52,36,Rainfed,223,3.5,88,6.34,44.68,17779,517670,794366,276696,6386.7,9.93,47
FARM_1224,Haryana,Ambala,Cotton,Kharif,6.7,826,30.8,72,6.8,6.55,66.4,127,63,49,Tube Well,126,4.7,82,6.58,40.96,15486,415476,634307,218831,6645.4,9.9,61.2
FARM_1225,Uttar Pradesh,Agra,Cotton,Kharif,6.6,842.4,29.7,65.3,8,7.22,45.5,159,59,71,Drip,252,4.9,71,5.4,35.94,16661,406043,598796,192753,6248.9,8.64,63
FARM_1226,Telangana,Rangareddy,Cotton,Kharif,9.4,676.4,35.1,72.8,5.2,7.29,56.5,142,80,17,Sprinkler,209,3.4,79,2.93,28.11,19423,321448,545981,224533,6383.2,4.59,43.7
FARM_1227,Karnataka,Raichur,Rice,Kharif,8.4,807.1,30.5,75.2,6.8,6.6,53.1,110,52,40,Rainfed,168,5.2,92,6.4,53.98,18534,580173,1000465,420292,4221.2,15.16,52.8
FARM_1228,Punjab,Jalandhar,Groundnut,Kharif,7.8,854,25.9,67.9,6.8,7.42,56.2,112,50,51,Drip,194,4.2,83,5.75,41.16,15699,486350,646171,159821,5349.3,10.75,56.1
FARM_1229,Karnataka,Shimoga,Cotton,Kharif,8.3,947.4,32.1,70.5,6.5,6.93,47.8,88,39,41,Drip,185,3.8,72,5.82,46.03,17985,520858,827850,306992,6582.3,8.84,55.2
FARM_1230,Tamil Nadu,Thanjavur,Maize,Kharif,8.5,610.3,27.1,78.1,8.2,7.34,61.5,119,46,33,Sprinkler,161,3.6,91,6.13,46.77,16201,459185,757721,298536,5147,11.91,52.9
FARM_1231,Tamil Nadu,Madurai,Maize,Kharif,8.5,1012.1,27.3,65.2,5.9,6.63,71.5,107,33,38,Drip,148,4.3,82,5.06,42.63,17975,408173,766274,358101,6769.5,7.47,54.5
FARM_1232,Karnataka,Shimoga,Soybean,Kharif,9.5,761.8,27.3,62.8,4.9,6.75,50.7,102,63,40,Drip,144,4.3,80,6,53.68,16891,572014,906709,334695,6224.5,9.64,52.9
FARM_1233,Telangana,Warangal,Cotton,Kharif,10,897.6,27.5,71.2,5.5,6.92,63.1,114,53,33,Canal,163,5,87,6.01,57.96,16333,671237,946661,275424,5826.8,10.31,51.3
FARM_1234,Andhra Pradesh,Krishna,Soybean,Kharif,8.9,838.7,31.3,71,8.1,6.87,74.1,123,26,53,Rainfed,188,3.7,81,5.25,40.96,16043,469206,657121,187915,6300.6,8.33,58
FARM_1235,Maharashtra,Pune,Rice,Kharif,11.1,871.5,25.4,75.7,9.6,6.82,62.7,76,41,57,Sprinkler,180,3.3,80,6.49,72.6,18135,848402,1316601,468199,4507.4,14.4,55.6
FARM_1236,Gujarat,Surat,Groundnut,Kharif,5.8,890,30.3,60.4,6.7,7.07,77.9,83,62,53,Canal,188,4.2,83,5.18,31.18,15845,349640,494047,144407,5370.3,9.65,55
FARM_1237,Punjab,Patiala,Cotton,Kharif,8.6,710.7,29.8,89.5,6.2,6.43,59.2,157,58,47,Drip,257,4.1,73,5.64,50.33,16189,543481,814792,271311,6090.4,9.26,62.2
FARM_1238,Karnataka,Dharwad,Cotton,Kharif,9.7,827.9,29,77.8,6.8,6.6,54.1,134,47,43,Sprinkler,178,3.7,91,5.47,55.57,15727,661949,873949,212000,4981.8,10.98,49.8
FARM_1239,Uttar Pradesh,Agra,Maize,Kharif,8.7,660.9,28.5,80.1,7.7,7.08,59.4,118,53,52,Drip,144,2.4,70,5.05,45.38,17556,482729,796691,313962,6409,7.88,53.8
FARM_1240,Karnataka,Mysuru,Rice,Kharif,10.6,816.7,29.6,65.5,6.4,7.21,67,121,62,59,Tube Well,204,4.3,77,6.87,71.19,17069,820850,1215142,394292,6194.6,11.09,57.1
FARM_1241,Haryana,Ambala,Rice,Kharif,8.7,739,27.2,70.2,6.3,7.57,61,115,66,37,Canal,158,4.4,85,5.1,40.6,16752,444346,680131,235785,6252.2,8.16,51.1
FARM_1242,Haryana,Hisar,Cotton,Kharif,9.8,828,29,76.8,7,6.49,66.4,107,54,56,Canal,127,4.3,76,7.36,64.08,16069,720001,1029702,309701,6283.8,11.71,51.6
FARM_1243,Punjab,Bathinda,Maize,Kharif,6.5,1017.5,29.9,75.1,5.1,6.58,60.7,123,76,53,Tube Well,211,2.6,83,5.36,36.79,14851,445620,546368,100748,5937.3,9.03,48.3
FARM_1244,Andhra Pradesh,Anantapur,Rice,Kharif,7.4,885.7,31,62.8,6.4,6.73,56.3,134,72,37,Sprinkler,199,3.4,78,5.96,43.97,17602,464720,773960,309240,5593.5,10.66,60.2
FARM_1245,Madhya Pradesh,Indore,Soybean,Kharif,10.3,809.8,27.8,69.7,7.4,6.91,56.6,107,83,57,Rainfed,131,4.3,74,5.65,65.7,16640,720427,1093248,372821,6771,8.34,46.5
FARM_1246,Telangana,Rangareddy,Rice,Kharif,10,775.5,28.3,70,9.4,6.73,73.3,118,50,48,Rainfed,168,3.6,84,4.92,49.91,16674,569382,832199,262817,7256.2,6.78,51.8
FARM_1247,Haryana,Kurukshetra,Maize,Kharif,7.7,989.3,27.5,65.7,7.6,6.52,71.4,139,38,41,Canal,197,4.1,78,4.78,35.5,17325,365024,615038,250014,5217.7,9.16,44.2
FARM_1248,Gujarat,Junagadh,Maize,Kharif,9.5,658,26.3,66,7.2,6.72,61.8,144,65,46,Canal,238,3.9,85,4.15,43,17936,456501,771248,314747,7102,5.84,57.8
FARM_1249,Madhya Pradesh,Indore,Soybean,Kharif,6,827.7,26.7,69.6,6.8,6.52,58.6,102,54,51,Canal,149,3.8,79,5.88,36.91,15357,412693,566827,154134,7079.8,8.31,54.8
FARM_1250,Tamil Nadu,Thanjavur,Cotton,Kharif,8.4,797.4,28.4,71.8,7.9,7.36,49.9,171,63,27,Tube Well,119,3.8,83,5.99,50.7,15133,590097,767243,177146,6881.5,8.7,59.4
FARM_1251,Tamil Nadu,Salem,Soybean,Kharif,9.5,900,30.3,73.4,9.5,6.68,55.5,128,47,53,Tube Well,230,4.6,72,5.14,49.87,19864,591072,990618,399546,6596.5,7.79,51.5
FARM_1252,Telangana,Nalgonda,Cotton,Kharif,9.6,859.8,26,75.4,7,6.92,52.9,117,42,47,Sprinkler,131,3.2,77,6.62,62.41,16503,712347,1029952,317605,7437.8,8.9,58.3
FARM_1253,Madhya Pradesh,Gwalior,Soybean,Kharif,7.1,570.4,30.1,64,8.3,7.06,51.3,149,55,50,Tube Well,190,4.2,86,6.44,47.21,15831,537307,747382,210075,5174.5,12.45,58.9
FARM_1254,Punjab,Patiala,Groundnut,Kharif,9.3,856.6,27.8,65.5,9.1,6.74,75,159,48,52,Rainfed,177,4.8,85,5.53,51.02,16981,652930,866371,213441,5632.2,9.82,57.3
FARM_1255,Maharashtra,Nagpur,Groundnut,Kharif,9.4,793.9,26.9,73.6,9.1,5.94,48.7,160,44,38,Sprinkler,164,4.4,89,6.03,57.72,16942,622955,977892,354937,5807.1,10.38,47.6
FARM_1256,Telangana,Warangal,Rice,Kharif,9.2,839.4,31.3,67.9,5,6.85,58.7,158,61,31,Tube Well,166,3.7,84,6.54,63.29,16455,816720,1041437,224717,5541.3,11.8,59.3
FARM_1257,Telangana,Rangareddy,Soybean,Kharif,8.9,771.2,29.7,59,8.9,7.09,42.5,141,45,43,Sprinkler,175,3.7,72,5.21,46.98,19087,507730,896707,388977,7379.5,7.06,51.5
FARM_1258,Karnataka,Shimoga,Soybean,Kharif,7.9,1074.6,30.3,84.3,7.6,7.49,56.9,150,42,40,Drip,202,3.7,80,4.28,35.56,15498,427226,551109,123883,5046.1,8.48,58
FARM_1259,Punjab,Amritsar,Rice,Kharif,7.3,937.2,28.4,73.5,8.2,6.21,67.4,93,43,22,Tube Well,180,4.6,82,4.82,34.51,15721,407033,542532,135499,6430,7.5,51.1
FARM_1260,Telangana,Rangareddy,Cotton,Kharif,9.8,630,25,67.9,7.5,6.91,44.8,110,33,31,Sprinkler,214,3.4,81,5.44,54.06,17185,662141,929021,266880,5980,9.1,57.6
FARM_1261,Punjab,Bathinda,Groundnut,Kharif,5.9,917.3,29.4,82.5,8.3,7.05,61.5,123,53,52,Canal,146,4,85,5.01,31.48,16038,321252,504876,183624,5939,8.44,47.5
FARM_1262,Punjab,Amritsar,Groundnut,Kharif,8.2,1105.4,30,76.3,8.6,7.34,53.7,115,49,26,Drip,174,4.2,71,4.93,41.41,17286,451324,715813,264489,7612.3,6.48,60.7
FARM_1263,Telangana,Rangareddy,Rice,Kharif,11.6,787.2,26.3,80.1,7.4,7.41,55.6,75,38,54,Drip,142,3.6,93,5.66,67.9,16450,777043,1116955,339912,7282.8,7.77,37.6
FARM_1264,Maharashtra,Pune,Maize,Kharif,8.7,983.4,27.7,63.4,7.1,6.44,64.7,119,81,39,Tube Well,249,2.8,79,4.62,39.55,16436,436949,650044,213095,5078.8,9.1,63.5
FARM_1265,Haryana,Karnal,Soybean,Kharif,9.8,996.2,26.2,84.1,7,6.4,60.3,107,38,53,Canal,175,2.8,82,4.58,45.63,15376,600821,701607,100786,7067.7,6.48,46.7
FARM_1266,Telangana,Rangareddy,Cotton,Kharif,8,623.7,24.2,68.7,7,6.64,74.1,91,59,57,Tube Well,208,3.7,75,5.88,45.64,18498,568838,844249,275411,6231.7,9.44,65.7
FARM_1267,Uttar Pradesh,Kanpur,Cotton,Kharif,8.6,825.7,27.9,78.2,7.5,6.48,70.2,101,46,40,Rainfed,155,3.6,81,6.32,56.53,18435,562211,1042131,479920,5083.6,12.43,50.1
FARM_1268,Gujarat,Vadodara,Soybean,Kharif,7,649,27.7,74.4,8.3,7.11,44.5,111,63,55,Drip,145,4.6,85,3.86,27.08,13996,319898,379012,59114,7037,5.49,48
FARM_1269,Karnataka,Dharwad,Rice,Kharif,5.3,1009.8,24.6,69.7,7.3,6.09,49.8,113,41,48,Rainfed,136,2.7,91,5.21,27.44,15681,362712,430287,67575,4925.5,10.58,57
FARM_1270,Gujarat,Rajkot,Rice,Kharif,9.2,702.4,30.5,77,6.9,6.84,61,107,62,44,Rainfed,235,3.4,72,5.16,50.49,13603,586530,686815,100285,6662.3,7.75,53.6
FARM_1271,Gujarat,Vadodara,Cotton,Kharif,8.6,1065.1,23.9,69.5,6,6.67,58.4,128,61,41,Rainfed,196,2.9,85,9.82,86.16,16181,1128175,1394155,265980,4699.6,20.9,51.1
FARM_1272,Gujarat,Vadodara,Soybean,Kharif,7.9,954.9,32.5,68.2,8.9,6.33,64.1,142,78,37,Canal,158,3.8,75,5.49,38.62,14119,418710,545276,126566,6774.6,8.1,50.6
FARM_1273,Andhra Pradesh,Anantapur,Maize,Kharif,11.2,585.4,31.7,72.1,7.6,7.05,55.1,131,44,47,Rainfed,174,4,83,4.59,50.57,17437,604087,881789,277702,3730.9,12.3,70.2
FARM_1274,Gujarat,Vadodara,Groundnut,Kharif,7.5,969.5,28.3,59.2,5.4,6.37,54.8,179,67,50,Rainfed,165,3,73,5.61,42.52,16474,442233,700474,258241,5170.9,10.85,32.4
FARM_1275,Punjab,Patiala,Soybean,Kharif,9.1,813.8,29.9,71.1,6.9,7.14,66.5,148,68,31,Sprinkler,168,3.2,82,5.29,41.34,17225,459364,712082,252718,5304.7,9.97,53.8
FARM_1276,Tamil Nadu,Salem,Soybean,Kharif,9.7,980.9,25.4,68.3,8,6.48,48.5,130,67,53,Tube Well,188,3.6,87,6.94,66.8,17159,786864,1146221,359357,5165.4,13.44,50
FARM_1277,Madhya Pradesh,Gwalior,Soybean,Kharif,8.7,836.5,28.7,67.4,6.8,6.2,58.4,141,43,53,Drip,205,3.7,83,5.66,46.81,16871,508432,789732,281300,5294.7,10.69,57.4
FARM_1278,Madhya Pradesh,Gwalior,Soybean,Kharif,10.3,1167,27.2,65.6,7.9,6.3,68,127,42,57,Drip,168,2.6,77,3.8,35.76,16754,371081,599123,228042,6249.5,6.08,53.9
FARM_1279,Andhra Pradesh,Kurnool,Soybean,Kharif,8.6,885.3,25.6,76.3,7.2,7.31,56.5,72,30,64,Tube Well,128,3.7,79,4.53,38.97,17518,450867,682676,231809,6183.6,7.33,61.4
FARM_1280,Madhya Pradesh,Jabalpur,Soybean,Kharif,9,800.9,32.7,77,7.2,6.41,55.8,118,55,41,Tube Well,172,3.9,90,5.2,47.38,16160,523795,765661,241866,6997.1,7.43,53.5
FARM_1281,Madhya Pradesh,Ujjain,Groundnut,Kharif,9.7,871.1,30.3,66.5,6.1,6.22,61.4,98,68,41,Drip,184,3.7,78,6.1,61.38,17186,763757,1054877,291120,7612.2,8.01,48.5
FARM_1282,Haryana,Kurukshetra,Cotton,Kharif,6.7,560.1,27.5,73.5,5.9,7.02,46.5,105,63,58,Sprinkler,156,3.3,87,5.08,32.43,15432,331378,500460,169082,6486.3,7.83,47.4
FARM_1283,Gujarat,Surat,Soybean,Kharif,7.8,705.1,32.1,81.1,6.7,6.71,73.5,95,69,52,Rainfed,175,4.4,81,5.66,43.36,16597,497948,719646,221698,4804.1,11.78,61.4
FARM_1284,Gujarat,Rajkot,Rice,Kharif,8.1,738.3,31.5,80.2,8.2,6.63,37.6,130,50,61,Drip,135,2.6,82,5.75,45.48,15977,570686,726634,155948,6364.8,9.03,67.2
FARM_1285,Haryana,Karnal,Cotton,Kharif,10.2,945.5,29.6,82.8,5.7,6.76,59.9,153,59,50,Tube Well,210,4.1,79,5.47,53.91,14822,594395,799054,204659,5732.3,9.54,55.4
FARM_1286,Karnataka,Mysuru,Groundnut,Kharif,6.1,896.2,26.8,69.2,7.4,6.36,68.2,149,56,25,Rainfed,202,3.4,86,6.71,41.22,17279,451999,712240,260241,6148.9,10.91,66.5
FARM_1287,Uttar Pradesh,Meerut,Rice,Kharif,7.2,894.5,29.4,70.1,7.7,6.74,55,134,62,54,Rainfed,170,3.9,72,5.19,35.78,17516,380034,626722,246688,6647.2,7.81,39.7
FARM_1288,Gujarat,Ahmedabad,Groundnut,Kharif,5.4,802.4,23.8,68.6,5.8,6.54,50,121,54,45,Canal,132,3.4,82,4.89,27.56,16126,270367,444433,174066,6750.9,7.24,49.9
FARM_1289,Maharashtra,Pune,Maize,Kharif,10.1,976.4,24.9,68.8,6.2,6.16,57.1,124,49,40,Canal,203,3.5,76,3.95,42.65,17611,509586,751109,241523,6227,6.34,55.9
FARM_1290,Telangana,Rangareddy,Cotton,Kharif,6.7,980.7,28.2,60.5,7.1,6.54,64.5,94,47,52,Sprinkler,205,4,85,5.32,35.61,18538,445462,660138,214676,6238.4,8.53,57.2
FARM_1291,Gujarat,Junagadh,Rice,Kharif,6.4,784.4,27,66.8,7.6,6.47,51.6,128,89,53,Drip,174,3.9,91,5.05,31.57,15934,365232,503036,137804,6416.2,7.87,52.4
FARM_1292,Punjab,Amritsar,Cotton,Kharif,6,873.6,27.1,60.7,6.7,7.09,46.7,129,60,52,Rainfed,163,2.9,83,4.97,29.47,15804,338812,465744,126932,6794.5,7.31,56
FARM_1293,Uttar Pradesh,Varanasi,Maize,Kharif,8.1,923.9,30.1,73.8,6.6,6.56,54.3,107,40,44,Drip,176,1.4,75,5.76,46.35,15904,558187,737150,178963,5531,10.41,58.5
FARM_1294,Punjab,Patiala,Rice,Kharif,11.6,684.5,22.1,68.7,7.1,6.92,63.4,132,55,31,Canal,240,3.2,74,6.56,75.41,16035,821287,1209199,387912,6222.1,10.54,61.2
FARM_1295,Punjab,Jalandhar,Rice,Kharif,6.7,694,29.8,69.7,6.6,6.64,59.3,143,43,34,Sprinkler,185,4.3,91,5.12,35.94,16611,417699,596999,179300,5756.5,8.89,61.7
FARM_1296,Haryana,Kurukshetra,Cotton,Kharif,8.1,960.6,24.1,69.7,8.4,5.48,56.7,94,39,46,Sprinkler,159,2.7,81,5.46,44.61,18122,520061,808422,288361,5998.5,9.1,58
FARM_1297,Punjab,Patiala,Rice,Kharif,8.3,1137.6,28.8,70.1,6.1,6.5,55.5,143,43,47,Drip,192,2.7,94,6.1,47.47,15665,506940,743618,236678,6958.8,8.77,61.2
FARM_1298,Gujarat,Surat,Cotton,Kharif,10.3,832.4,26.5,73.6,6.7,6.66,74,104,55,48,Rainfed,166,4.7,82,4.59,45.2,17830,521715,805916,284201,7269.5,6.31,39.8
FARM_1299,Telangana,Sangareddy,Maize,Kharif,8.5,777.9,27.3,72,6.7,7.13,68.5,154,71,58,Canal,162,3,84,6.26,55.59,16440,573160,913900,340740,5353.1,11.69,56.6
FARM_1300,Gujarat,Vadodara,Soybean,Kharif,10.9,477.4,28.4,84,9,7.18,72.3,95,48,58,Rainfed,186,4.1,97,6.19,60.69,15151,666148,919514,253366,6342,9.76,51.3
FARM_1301,Madhya Pradesh,Gwalior,Maize,Kharif,10.1,576.5,25,67.4,8,5.7,57.2,98,38,53,Tube Well,166,3.2,79,6,65.66,16998,670369,1116089,445720,5870.2,10.22,44.8
FARM_1302,Uttar Pradesh,Agra,Cotton,Kharif,7.8,824.4,33.4,64.6,8.2,7.12,58.1,109,40,33,Canal,230,4.2,88,5.72,44.77,17816,513084,797622,284538,5653.1,10.12,48
FARM_1303,Karnataka,Mysuru,Rice,Kharif,7.2,987.2,29.9,74,9.9,6.68,43.4,130,67,37,Rainfed,202,3.8,73,5.85,44.7,19371,515338,865884,350546,7357.5,7.95,53.5
FARM_1304,Uttar Pradesh,Agra,Soybean,Kharif,6.1,1011.8,26.5,67.5,8.2,6.95,50.2,90,53,55,Drip,180,4.3,89,4.45,27.52,14340,301769,394637,92868,5941.5,7.49,61.6
FARM_1305,Andhra Pradesh,Kurnool,Maize,Kharif,6.9,1061,28.1,56.3,7.7,6.9,66.3,130,44,46,Tube Well,147,3.5,79,5.49,36.24,16873,375915,611478,235563,5295.8,10.37,58.6
FARM_1306,Punjab,Amritsar,Maize,Kharif,11.6,765.9,30.9,72.9,6.6,6.15,51.5,143,75,52,Rainfed,174,4.6,86,6.33,68.62,16361,887850,1122692,234842,6654.4,9.51,50
FARM_1307,Gujarat,Surat,Rice,Kharif,9.1,868.5,26.2,73.6,7.2,6.19,52.3,110,41,36,Rainfed,191,3.6,81,5.73,49.21,14994,540329,737855,197526,5790.1,9.9,52.8
FARM_1308,Karnataka,Mysuru,Cotton,Kharif,9,556.9,30.5,70,6.1,6.91,67.9,107,52,38,Drip,210,3.3,77,4.7,44.4,15393,518027,683449,165422,8531.2,5.51,56.1
FARM_1309,Maharashtra,Solapur,Rice,Kharif,11.1,985.2,27.4,74.6,7.5,6.54,68.6,104,43,57,Rainfed,147,4.3,84,6.56,74.51,14977,768528,1115936,347408,6915.6,9.49,64.2
FARM_1310,Haryana,Ambala,Maize,Kharif,9.7,814.6,27.8,71,6.6,6.88,64.3,104,50,50,Rainfed,193,3.3,97,5.58,50.67,16719,612137,847152,235015,6659.6,8.38,64.2
FARM_1311,Madhya Pradesh,Ujjain,Cotton,Kharif,4.6,840.9,24.9,75.1,8.5,6.84,60.6,132,66,50,Drip,164,4.2,84,6.83,31.57,17041,369838,537984,168146,5386.7,12.68,53.9
FARM_1312,Madhya Pradesh,Indore,Cotton,Kharif,7.9,875.3,29.5,73.6,7.1,7.1,54.8,101,50,56,Rainfed,184,3.3,78,4.02,32.03,15588,407045,499284,92239,6259.6,6.42,56.1
FARM_1313,Andhra Pradesh,Kurnool,Soybean,Kharif,10.8,886.6,32.7,64.4,6.6,6.32,49.7,124,42,22,Canal,178,2.6,83,6.4,64.56,15831,701602,1022049,320447,5417.5,11.81,69.1
FARM_1314,Tamil Nadu,Coimbatore,Cotton,Kharif,6.8,994.1,30.3,61.2,6.5,6.7,43.2,121,51,37,Rainfed,191,3.6,93,5.94,38.51,16548,491458,637263,145805,6335.4,9.38,53.9
FARM_1315,Karnataka,Dharwad,Soybean,Kharif,9.4,792,29.4,62.7,7.1,5.65,74.6,122,58,44,Rainfed,215,4.3,89,4.62,42.36,16702,436570,707497,270927,6996.5,6.6,52.2
FARM_1316,Andhra Pradesh,Anantapur,Maize,Kharif,4.5,936.3,29.8,72,7.1,7.44,55.2,66,40,47,Rainfed,189,3.3,76,2.79,12.41,16734,140542,207669,67127,5425.3,5.14,59.1
FARM_1317,Tamil Nadu,Madurai,Maize,Kharif,8.6,1086.7,27.2,77.7,7,6.49,81.4,65,43,47,Sprinkler,230,4.5,84,5.83,51.67,14474,569744,747872,178128,4739.3,12.3,57.7
FARM_1318,Haryana,Rohtak,Maize,Kharif,10.1,850.7,26.3,72,7.2,8.1,44.2,121,29,54,Tube Well,171,3.5,88,5.42,51.97,15074,637000,783396,146396,7317.6,7.41,37.2
FARM_1319,Gujarat,Junagadh,Cotton,Kharif,7.4,717.4,23,64,8.7,7.76,58.7,129,68,43,Tube Well,214,3.4,85,4.59,33.75,17018,383798,574358,190560,6595.3,6.96,60.6
FARM_1320,Tamil Nadu,Coimbatore,Maize,Kharif,7.1,567.7,26.8,76.4,7,6.8,65.2,112,53,41,Tube Well,146,4.5,84,6.44,43.53,15366,523406,668882,145476,6799.8,9.47,48.4
FARM_1321,Madhya Pradesh,Ujjain,Cotton,Kharif,8.5,808.4,28.4,75.7,8.4,6.99,54.9,142,26,58,Sprinkler,257,2.6,82,6.56,58.71,17373,586640,1019969,433329,4696.4,13.97,58.3
FARM_1322,Madhya Pradesh,Gwalior,Maize,Kharif,10.7,1032.1,27,76,8.7,6.44,44,126,65,59,Drip,179,3.7,73,5.13,51.21,14143,534628,724263,189635,5917.9,8.67,53.6
FARM_1323,Haryana,Rohtak,Cotton,Kharif,7.6,821.9,27.9,72.2,7,6.48,53.2,97,55,39,Canal,218,3.3,84,6.47,50.75,14640,619537,742980,123443,7047.7,9.18,48.1
FARM_1324,Uttar Pradesh,Meerut,Cotton,Kharif,8.2,1141.9,23.6,67.4,7.1,5.69,47,83,56,49,Drip,188,4.9,78,6.18,48.98,14533,558230,711826,153596,5762,10.73,49.6
FARM_1325,Tamil Nadu,Tiruchirappalli,Groundnut,Kharif,9.1,750.2,26.2,69.8,7.3,7.37,48.9,141,55,52,Canal,196,2.9,86,5.02,47.57,17196,564731,818014,253283,6800.6,7.38,58.1
FARM_1326,Tamil Nadu,Salem,Cotton,Kharif,5.7,786.6,30.7,74.2,7.6,6.92,60.6,118,43,47,Sprinkler,204,3.6,83,5.58,29.41,14802,359841,435327,75486,4398.7,12.69,43.8
FARM_1327,Haryana,Hisar,Rice,Kharif,7.7,744.5,31.7,73.4,4.3,7.17,56.2,96,76,61,Tube Well,176,3.6,83,6.12,45.8,19125,482589,875925,393336,6628.7,9.23,53.7
FARM_1328,Maharashtra,Solapur,Groundnut,Kharif,6.6,580.5,27.4,79.7,7.8,7.45,57.8,137,89,46,Canal,215,3.9,72,4.16,29.02,16416,303120,476392,173272,8166,5.09,58.6
FARM_1329,Punjab,Amritsar,Cotton,Kharif,7,937.4,30.1,65.4,9.8,6.61,61.9,82,64,38,Rainfed,141,2.8,74,4.98,33.99,15716,369132,534187,165055,4635,10.74,61.2
FARM_1330,Gujarat,Junagadh,Cotton,Kharif,5.1,847.8,28.3,87.2,7.5,6.3,65,113,57,22,Tube Well,171,3.2,78,5.42,26.5,16966,314162,449599,135437,7185.3,7.54,50.9
FARM_1331,Telangana,Nalgonda,Soybean,Kharif,9.3,1071.7,30.6,71.8,5.6,6.98,61.6,92,42,42,Tube Well,160,4.9,77,5.42,49.3,15536,588772,765925,177153,7693.6,7.04,63.6
FARM_1332,Maharashtra,Solapur,Soybean,Kharif,6.1,786.9,27.8,68.8,6.8,7.06,59.5,75,63,39,Rainfed,218,4,97,5.81,38.01,15834,458116,601850,143734,6314.8,9.2,55.3
FARM_1333,Uttar Pradesh,Kanpur,Soybean,Kharif,8.4,945,30.5,70.3,6.4,6.18,65.4,131,53,47,Rainfed,184,4,91,6.27,50.97,17405,565291,887133,321842,7262.9,8.63,63.8
FARM_1334,Maharashtra,Pune,Rice,Kharif,8.2,935.5,27.9,72.7,7.7,6.32,56.9,88,28,54,Drip,221,4.4,79,5.62,50.33,17096,524999,860442,335443,5947.4,9.45,51.9
FARM_1335,Karnataka,Mysuru,Groundnut,Kharif,8.8,881.4,29.7,80.2,5.6,7.01,62,139,18,61,Canal,195,3.9,86,4.71,37.48,18222,446873,682961,236088,7274.7,6.47,54.1
FARM_1336,Haryana,Hisar,Soybean,Kharif,8,873.6,30.5,70.4,6,7.25,59.4,123,62,49,Drip,205,4.4,81,6.06,46.66,18587,578945,867269,288324,5664.1,10.7,64.3
FARM_1337,Andhra Pradesh,Anantapur,Groundnut,Kharif,6,816.1,27.1,53.1,5.7,6.86,83.6,126,49,58,Canal,196,2.9,81,4.54,25.34,16908,300488,428449,127961,5529.5,8.21,49
FARM_1338,Punjab,Ludhiana,Soybean,Kharif,4.8,866,28,70.1,7.6,6.81,45.4,121,93,41,Sprinkler,175,4,83,5.89,28.98,17967,383617,520684,137067,4821.7,12.22,55.5
FARM_1339,Haryana,Ambala,Rice,Kharif,4.9,820.3,27.2,58.2,7.3,6.07,67.1,129,44,38,Rainfed,150,3,87,5.29,26.67,16300,302071,434721,132650,7216,7.33,67.9
FARM_1340,Uttar Pradesh,Lucknow,Groundnut,Kharif,8.2,922.4,30.7,67,6.1,6.92,65.9,77,70,60,Tube Well,201,3.8,79,5.77,48.96,13292,576524,650776,74252,5443.3,10.6,51.5
FARM_1341,Gujarat,Rajkot,Rice,Kharif,8.6,938.1,25,74,6.6,7.18,45,117,47,42,Canal,151,4.2,83,5.78,43.53,15486,504928,674106,169178,6121.8,9.44,56.5
FARM_1342,Gujarat,Junagadh,Maize,Kharif,9.2,1218.3,33.6,77.2,7.2,6.67,71.1,133,65,46,Sprinkler,152,3.8,80,5.76,53.73,14042,631382,754477,123095,4959.2,11.61,51.1
FARM_1343,Gujarat,Vadodara,Groundnut,Kharif,8.6,697.6,26,68.7,8.4,6.52,62.2,186,56,46,Canal,196,4,79,4.51,39.66,16829,498605,667438,168833,7118.7,6.34,65.9
FARM_1344,Andhra Pradesh,Anantapur,Maize,Kharif,9,1021.4,25.7,76.5,6.6,6.85,63.7,126,61,49,Canal,242,3.8,82,5.95,52.53,17104,601590,898473,296883,7438.5,8,57.3
FARM_1345,Haryana,Kurukshetra,Maize,Kharif,11.5,703.6,28.4,79.1,5.7,6.29,55.3,110,52,28,Rainfed,159,4.8,85,5.57,70.37,16290,818766,1146327,327561,3903.5,14.27,48.7
FARM_1346,Haryana,Karnal,Groundnut,Kharif,7.7,920.3,30,75.4,7.1,5.94,55.5,139,63,53,Sprinkler,148,3.1,75,5.6,45.48,17067,563761,776207,212446,5494.7,10.19,54.9
FARM_1347,Gujarat,Vadodara,Soybean,Kharif,10.4,647.8,30.2,76,7.5,6.71,70.6,99,44,39,Rainfed,209,4.9,90,4.27,47.52,16838,540675,800142,259467,6681.6,6.39,56.2
FARM_1348,Tamil Nadu,Madurai,Cotton,Kharif,8.5,1050.9,28,66.5,6.3,7.06,67.2,126,76,35,Canal,197,3.4,80,6.08,48.04,14830,555406,712433,157027,5371,11.32,58.3
FARM_1349,Andhra Pradesh,Guntur,Maize,Kharif,7.3,975.9,30,69,8.5,7.01,63.9,111,51,53,Rainfed,151,4.3,82,4.74,32.97,17210,449847,567414,117567,6229,7.61,65.4
FARM_1350,Karnataka,Shimoga,Soybean,Kharif,8.3,998.7,28,68,8.2,6.22,59.1,139,82,38,Tube Well,130,3.3,83,5.51,41.39,16512,438696,683432,244736,6038.7,9.12,54.5
FARM_1351,Karnataka,Belagavi,Maize,Kharif,11.5,847.8,29,70.3,6.7,7.05,49.2,142,52,48,Tube Well,198,3.9,84,5.16,63.54,15145,746635,962313,215678,6389.7,8.08,59.3
FARM_1352,Tamil Nadu,Coimbatore,Cotton,Kharif,7.3,722.7,28.5,73.3,7.6,6.8,54.4,114,56,31,Drip,194,3.9,84,4.89,35.15,15725,413206,552734,139528,7115.1,6.87,45.8
FARM_1353,Gujarat,Ahmedabad,Cotton,Kharif,11.1,842.5,29,69.3,6.4,7.32,37.4,142,57,39,Drip,153,3.1,98,4.45,49.14,15037,548346,738918,190572,6348.5,7.01,54.2
FARM_1354,Gujarat,Junagadh,Groundnut,Kharif,7.9,961,30.2,74,6.5,7.19,56.8,168,50,40,Drip,154,3.6,78,6.81,55.92,17939,611701,1003149,391448,6762.6,10.07,48.4
FARM_1355,Telangana,Warangal,Maize,Kharif,3.8,1058.3,28.3,71,8.1,6.02,55.6,106,43,47,Drip,187,4.1,76,5.54,21.41,15570,268080,333354,65274,6729.4,8.23,62.6
FARM_1356,Haryana,Rohtak,Groundnut,Kharif,8.5,816.8,27.7,80.4,7.7,6.73,53.6,149,57,56,Sprinkler,179,4.2,67,4.82,40.08,17741,461315,711059,249744,5769.6,8.35,48.9
FARM_1357,Tamil Nadu,Salem,Groundnut,Kharif,8.9,784.2,23.7,63.9,8.1,6.7,54,103,67,51,Sprinkler,106,3.9,91,6.02,44.58,16792,510083,748587,238504,6883.3,8.75,80.1
FARM_1358,Telangana,Sangareddy,Maize,Kharif,7.8,856.5,25.2,65.5,6.4,6.8,48.7,111,49,63,Drip,150,4.2,84,4.68,38.56,16398,410087,632307,222220,7279,6.43,67.3
FARM_1359,Tamil Nadu,Salem,Groundnut,Kharif,6.1,982.2,26.7,79.5,6.1,6.58,64.7,94,59,43,Rainfed,157,3.5,78,5.47,34.2,17197,346908,588137,241229,5787.6,9.45,66.9
FARM_1360,Karnataka,Mysuru,Rice,Kharif,7.8,801.9,26,60.8,7.4,6.86,66.2,100,38,39,Rainfed,153,3.7,76,6.53,44.87,16546,537580,742419,204839,5839.6,11.18,54.5
FARM_1361,Madhya Pradesh,Indore,Soybean,Kharif,7.4,1005.5,26.8,80.2,6.5,7.18,60.6,120,55,50,Sprinkler,224,3.3,96,13.02,86.92,17395,1055980,1511973,455993,6245.2,20.85,65.8
FARM_1362,Andhra Pradesh,Kurnool,Groundnut,Kharif,11.2,631.2,28.6,75.2,8.8,6.85,54.7,104,69,40,Tube Well,198,5.1,79,4.91,49.68,15368,624204,763482,139278,6111.7,8.03,47.5
FARM_1363,Haryana,Hisar,Soybean,Kharif,9.2,791.8,29.2,61.2,8.4,7.03,70.1,129,64,52,Tube Well,149,3.9,76,5.71,56.05,16559,697008,928132,231124,6801.6,8.4,58.5
FARM_1364,Tamil Nadu,Coimbatore,Soybean,Kharif,8.7,1077.1,29.9,81,6.5,6.64,60.5,142,47,44,Drip,214,4.3,89,5.39,43.4,14790,541723,641886,100163,7151.6,7.54,48.2
FARM_1365,Maharashtra,Nagpur,Groundnut,Kharif,9.7,1122.8,30,69.7,8,6.66,69.6,97,69,56,Tube Well,205,4.2,85,5.12,47.79,16259,514464,777018,262554,7025.1,7.29,64.3
FARM_1366,Haryana,Kurukshetra,Soybean,Kharif,8.7,665.2,31.3,78.3,7.3,7.29,59.4,120,30,56,Tube Well,191,2.8,80,5.3,47.46,17626,525140,836530,311390,6300.1,8.41,67.7
FARM_1367,Uttar Pradesh,Varanasi,Maize,Kharif,7,787.4,28.8,66.1,5.6,6.49,52.2,121,51,39,Sprinkler,137,4,84,5.63,38.77,15165,439357,587947,148590,4868.8,11.56,47.7
FARM_1368,Gujarat,Rajkot,Soybean,Kharif,8.3,969.5,24.8,79.6,8.7,6.89,49.3,124,53,47,Sprinkler,216,5.1,80,5.49,48.13,15880,547899,764304,216405,7801.9,7.04,70.5
FARM_1369,Tamil Nadu,Thanjavur,Maize,Kharif,9.5,754.7,27.8,55.9,8.4,6.44,59.2,107,41,33,Rainfed,199,3.1,78,6.68,69.41,16561,785798,1149499,363701,5417.6,12.33,55.8
FARM_1370,Tamil Nadu,Thanjavur,Maize,Kharif,7.6,835.4,28.7,77.5,6.6,7.62,53.8,115,29,41,Tube Well,211,4.5,76,5.27,38.98,18029,456416,702770,246354,7629.5,6.91,49.5
FARM_1371,Karnataka,Mysuru,Cotton,Kharif,7.5,845,32.4,69.6,7,6.31,51.6,116,76,57,Drip,187,3.5,79,5.6,40.51,16253,436313,658409,222096,5017.2,11.16,46.4
FARM_1372,Karnataka,Belagavi,Maize,Kharif,9.2,527.8,26.3,66.5,8.4,6.79,57.5,163,46,51,Sprinkler,218,4.7,82,5.85,56.28,15488,729273,871665,142392,6555.2,8.92,43.9
FARM_1373,Maharashtra,Nagpur,Soybean,Kharif,7.7,832.4,25.9,54.1,5.1,6.65,62.6,123,62,41,Tube Well,137,4.3,76,6.06,46.12,18191,559438,838969,279531,7208.8,8.41,59.4
FARM_1374,Andhra Pradesh,Guntur,Maize,Kharif,7.5,536.8,27.1,68,5.3,7.83,49.9,116,44,31,Tube Well,186,3.6,87,5.83,42.16,17140,489586,722622,233036,5900.1,9.88,46
FARM_1375,Telangana,Nalgonda,Rice,Kharif,9.8,643.4,28.9,73,6,7.26,52.9,103,28,49,Drip,183,4.2,87,5,53.4,18186,658937,971132,312195,6305.6,7.93,51.3
FARM_1376,Maharashtra,Nashik,Soybean,Kharif,8.1,766.4,26.1,71,7.8,6.57,78.2,91,45,42,Rainfed,148,3.5,82,4.94,39.09,16539,462441,646510,184069,6058.8,8.15,62.6
FARM_1377,Telangana,Rangareddy,Soybean,Kharif,8.7,854.7,22.9,82.9,7.6,6.69,50.2,81,63,60,Drip,190,4.8,82,5.01,44.63,17382,456498,775759,319261,6164.2,8.13,41.4
FARM_1378,Punjab,Bathinda,Maize,Kharif,7.1,681.6,29.1,62.4,6.4,6.57,65.9,132,59,35,Rainfed,161,4.1,77,4.67,33.16,15016,420907,497931,77024,5479,8.52,58.9
FARM_1379,Gujarat,Vadodara,Maize,Kharif,9,960.5,30.7,47.8,7.3,6.44,61.7,123,71,62,Rainfed,204,3.9,81,5.75,51.51,19393,638432,998933,360501,5657.5,10.16,70.7
FARM_1380,Punjab,Jalandhar,Rice,Kharif,10.9,780.4,30.6,66.9,6.7,7.22,51.3,118,46,27,Canal,211,4.5,81,4.49,48.87,15552,470495,760026,289531,6366.6,7.05,56.7
FARM_1381,Andhra Pradesh,Anantapur,Soybean,Kharif,13.7,848.9,29.9,60.1,7.5,6.79,52.6,139,46,45,Drip,181,4.3,82,5.38,75.49,15741,943867,1188288,244421,6878.6,7.82,56.4
FARM_1382,Karnataka,Shimoga,Cotton,Kharif,10.7,655,26.9,70.9,6.5,6.94,57,122,43,54,Drip,196,4.2,75,6.17,69.55,18524,779135,1288344,509209,6671.1,9.25,65.2
FARM_1383,Haryana,Karnal,Groundnut,Kharif,7.2,765.3,24.7,59.9,7.2,7.21,61.2,129,50,46,Drip,184,4.4,76,5.22,37.75,16249,401071,613400,212329,3551.4,14.7,48.7
FARM_1384,Uttar Pradesh,Lucknow,Rice,Kharif,6,729.9,26.1,62.3,5.8,6.62,60.6,123,46,37,Rainfed,200,3.7,91,5.59,32.9,16430,350090,540547,190457,6475.1,8.63,50.2
FARM_1385,Uttar Pradesh,Kanpur,Cotton,Kharif,9.6,1025.7,28.9,67.9,5.3,6.8,52.7,176,61,48,Rainfed,207,4.4,81,6.01,56.51,18405,667840,1040067,372227,6823.1,8.81,55.2
FARM_1386,Telangana,Warangal,Cotton,Kharif,8.7,718.5,28.9,72.8,5.9,6.87,41.6,119,66,45,Rainfed,190,3.7,65,5.31,45.57,18150,467211,827096,359885,5921,8.97,52.3
FARM_1387,Tamil Nadu,Salem,Groundnut,Kharif,10,888.6,28.9,57.9,8,6.84,47.6,115,52,49,Rainfed,156,3.7,74,4.93,47.36,17672,518057,836946,318889,6585,7.49,53.2
FARM_1388,Karnataka,Shimoga,Cotton,Kharif,7.2,661.5,32.2,61.8,5.7,6.22,68.9,126,40,38,Drip,186,3.7,83,6.36,49.56,17414,583753,863038,279285,6782,9.38,41.5
FARM_1389,Uttar Pradesh,Varanasi,Groundnut,Kharif,9.3,874.9,32.9,67.5,8.4,6.61,58,127,58,53,Drip,182,3.7,70,6.43,58.06,15371,588252,892440,304188,5617.8,11.45,50.5
FARM_1390,Maharashtra,Nashik,Maize,Kharif,10.1,888,30.6,69.9,6.5,6.92,63,124,50,47,Canal,164,3.6,78,5.87,60.93,17800,706301,1084554,378253,6624.1,8.86,51.4
FARM_1391,Maharashtra,Nagpur,Rice,Kharif,4.1,795.8,32.2,86.8,6.8,6.65,62.7,124,67,43,Tube Well,252,4.4,93,6.52,26.51,15230,292789,403747,110958,6001.4,10.86,46.5
FARM_1392,Punjab,Ludhiana,Rice,Kharif,7.1,899.2,24.7,64.9,6.2,6.38,59.9,118,61,40,Sprinkler,189,2.7,85,7.16,48.75,19789,511668,964714,453046,6483.1,11.04,54.1
FARM_1393,Gujarat,Rajkot,Rice,Kharif,9.9,803.9,28.5,70.4,7.4,6.97,45.6,158,62,42,Tube Well,157,4.7,81,6.07,61.57,15960,605438,982657,377219,6136.5,9.89,45.1
FARM_1394,Gujarat,Ahmedabad,Soybean,Kharif,10.9,1062,30,62.1,9.2,6.59,67.1,136,55,48,Canal,158,4.2,81,5.27,59.02,17183,613855,1014141,400286,5718.9,9.22,53.4
FARM_1395,Karnataka,Belagavi,Cotton,Kharif,9.3,1012.4,27.6,76.4,9,6.62,63,149,54,35,Sprinkler,189,3.7,85,5.25,47.27,16169,492664,764309,271645,5631.4,9.32,60.8
FARM_1396,Andhra Pradesh,Krishna,Groundnut,Kharif,9.2,714,25.2,76.8,9.7,7.15,54.5,129,55,63,Drip,219,4.3,78,4.8,48.16,15513,589515,747106,157591,5988.4,8.02,61.2
FARM_1397,Punjab,Jalandhar,Cotton,Kharif,11.3,849.3,29.9,74.6,6,7.41,49.3,114,77,51,Drip,210,3.8,87,5.39,65.26,16142,705836,1053427,347591,5276.6,10.21,61.3
FARM_1398,Karnataka,Shimoga,Maize,Kharif,8.1,999.4,28.8,65.7,6.5,6.73,59.9,130,54,32,Drip,212,3.6,81,5.64,44.55,16219,441462,722556,281094,5923.8,9.52,54.6
FARM_1399,Haryana,Kurukshetra,Cotton,Kharif,6.5,800.1,30.1,69.1,5.1,5.98,52.3,116,55,54,Drip,170,3.4,95,7.29,45.87,18073,516079,829009,312930,5634.8,12.94,47.2
FARM_1400,Maharashtra,Nashik,Rice,Kharif,7.4,853.3,29.5,71.7,8.4,7.96,58.6,103,66,39,Rainfed,182,3.9,86,5.98,42.43,15788,502353,669885,167532,6341,9.43,55.3
FARM_1401,Punjab,Bathinda,Soybean,Kharif,7.9,801.1,25.8,74,6.1,6.42,67.1,91,58,27,Tube Well,167,3.3,84,5.19,39.53,15767,505418,623270,117852,5766.1,9,63.3
FARM_1402,Telangana,Medak,Groundnut,Kharif,5.7,910.6,27.8,70.9,6.7,5.69,55.3,95,56,50,Sprinkler,118,3.9,73,5.56,31.93,16524,341170,527611,186441,4329.1,12.84,69.5
FARM_1403,Uttar Pradesh,Varanasi,Rice,Kharif,5.6,800.2,31.8,71,7.7,7.12,71.4,95,50,32,Tube Well,200,3.2,87,4.6,24.33,15320,279915,372736,92821,6606.5,6.96,67.7
FARM_1404,Uttar Pradesh,Meerut,Maize,Kharif,6.9,771.1,22.7,65.3,5.5,6.73,62.4,85,56,54,Tube Well,148,4.6,79,5.53,41.49,18044,433273,748646,315373,6447.2,8.58,47.1
FARM_1405,Gujarat,Junagadh,Maize,Kharif,8.4,588,30.2,82.3,7.8,6.19,63.8,143,35,53,Tube Well,203,2.8,72,6.75,52.07,17182,431098,894667,463569,6956.4,9.7,49
FARM_1406,Karnataka,Raichur,Cotton,Kharif,9.7,894.4,23.8,77.6,4.9,7.07,61.3,124,66,55,Canal,196,4,80,3.06,29.13,15680,363958,456758,92800,5253.5,5.82,40.8
FARM_1407,Karnataka,Shimoga,Cotton,Kharif,9.1,950,28.5,54.8,8.5,5.55,48.5,142,52,49,Tube Well,195,3.8,68,5.69,49.86,17131,596374,854152,257778,6704.1,8.49,46
FARM_1408,Telangana,Rangareddy,Groundnut,Kharif,8,912.2,28.6,63.1,6.6,7.36,53.2,106,72,26,Tube Well,176,4.8,76,6.29,50.36,15319,564715,771465,206750,5122.7,12.28,57.9
FARM_1409,Tamil Nadu,Tiruchirappalli,Groundnut,Kharif,3.7,694.9,27.5,62,6.4,7.4,52.1,147,69,57,Sprinkler,214,4.4,90,5.76,20.54,17345,265750,356266,90516,5192.2,11.09,62.1
FARM_1410,Madhya Pradesh,Gwalior,Soybean,Kharif,9.3,1013.9,25,70.4,5.9,6.83,50.2,109,69,42,Rainfed,158,3.8,77,5.7,55.82,14219,649644,793705,144061,5112.2,11.15,63.5
FARM_1411,Tamil Nadu,Salem,Maize,Kharif,9.3,836.3,31.4,69.2,6.3,7.5,58,102,39,35,Drip,191,3.1,84,4.99,43.73,15988,519545,699155,179610,5504.3,9.07,53.3
FARM_1412,Tamil Nadu,Madurai,Groundnut,Kharif,4.4,866.9,29.6,60.9,6.7,6.26,55.6,63,62,49,Tube Well,171,3.4,79,5.72,24.21,18487,289892,447570,157678,8215.9,6.96,68.3
FARM_1413,Haryana,Karnal,Maize,Kharif,8.5,844.7,25.2,83.3,6.1,6.4,50.3,95,33,37,Sprinkler,164,4.3,88,5.37,48.43,16908,542738,818854,276116,5661.7,9.48,59.2
FARM_1414,Telangana,Rangareddy,Groundnut,Kharif,7.2,695.1,29.6,79.4,7.8,6.76,53,113,41,58,Tube Well,156,3.3,82,6.88,49.6,17952,645553,890419,244866,5959.8,11.54,64.1
FARM_1415,Maharashtra,Solapur,Groundnut,Kharif,5.6,658.2,27.8,68.7,7.4,6.75,70.1,143,81,53,Canal,234,3.7,88,5.56,32.58,16012,363552,521671,158119,6433.6,8.64,51.3
FARM_1416,Andhra Pradesh,Anantapur,Groundnut,Kharif,10.6,724.4,26.1,76.1,7.3,6.76,53.7,131,47,34,Sprinkler,186,2.2,84,5.12,49.75,16412,600750,816497,215747,7152.7,7.16,49.7
FARM_1417,Uttar Pradesh,Meerut,Soybean,Kharif,7.2,695.3,28.6,59.4,7.4,6.5,54.4,115,42,33,Drip,172,3.6,84,6.25,43.81,17005,614095,744989,130894,5758.7,10.85,62.9
FARM_1418,Maharashtra,Nashik,Cotton,Kharif,10.2,846.7,31.9,73.8,7.3,6.97,64.9,137,72,55,Canal,185,3.5,81,6.34,64.06,16605,721481,1063716,342235,6575.4,9.64,52.3
FARM_1419,Tamil Nadu,Thanjavur,Maize,Kharif,6.6,1079,33.4,71.6,6.5,6.95,62.4,127,48,50,Drip,163,2.8,80,5.89,40.32,16682,446945,672618,225673,5870,10.03,55.4
FARM_1420,Madhya Pradesh,Bhopal,Soybean,Kharif,10.1,904.3,24.1,69.5,6.5,6.28,65.7,129,66,37,Drip,123,4.3,87,4.41,41.74,15006,486444,626350,139906,6422.1,6.87,53.7
FARM_1421,Punjab,Ludhiana,Maize,Kharif,11.1,1067.5,28.9,70.1,7.8,6.16,56.4,116,69,47,Rainfed,175,4.5,83,5.31,60.27,15050,706798,907064,200266,5237.8,10.14,56.1
FARM_1422,Haryana,Rohtak,Groundnut,Kharif,8,770.6,32.5,69.7,6.8,6.3,54.1,86,58,55,Drip,204,3.6,94,5.5,46.59,15275,510104,711662,201558,6995.6,7.86,59.7
FARM_1423,Karnataka,Belagavi,Maize,Kharif,7.8,860,32,83.3,9.1,8.06,58.3,91,45,35,Rainfed,194,3.8,81,6.41,49.25,15489,617714,762833,145119,6634.7,9.66,58.2
FARM_1424,Uttar Pradesh,Meerut,Rice,Kharif,10.5,884.9,29.8,74.9,7.3,6.75,68.3,143,57,53,Rainfed,218,3,98,4.42,45.22,17457,450219,789406,339187,7067.5,6.25,61
FARM_1425,Uttar Pradesh,Varanasi,Soybean,Kharif,9.3,846.4,27.6,62.1,6.9,7.37,50.7,103,39,42,Rainfed,219,4,78,6.36,61.56,17962,695658,1105741,410083,6381.5,9.97,57.5
FARM_1426,Punjab,Ludhiana,Groundnut,Kharif,5,643.3,24.5,74.5,7.3,7.86,50.4,103,57,33,Sprinkler,174,3.5,84,6.11,30.15,17630,412008,531545,119537,7424.9,8.23,46.5
FARM_1427,Haryana,Ambala,Cotton,Kharif,4.5,926.2,29.3,77.7,7,6.6,52.6,109,58,50,Canal,125,3.6,72,5.67,27.9,18138,288176,506050,217874,4914.4,11.54,55.5
FARM_1428,Gujarat,Junagadh,Groundnut,Kharif,7.2,874.1,27.2,64.7,5.6,6.06,57.3,127,62,32,Tube Well,176,3.7,91,5.21,37.59,16125,357988,606139,248151,7109,7.33,38.1
FARM_1429,Haryana,Rohtak,Rice,Kharif,5.5,804.6,27.5,55.7,8.2,7.03,60.4,142,48,46,Drip,120,3.4,81,6.3,35.06,18486,402730,648119,245389,6250.1,10.08,63.2
FARM_1430,Telangana,Nalgonda,Maize,Kharif,4.8,507.6,27.4,76.1,8.3,7.47,63.5,97,48,59,Canal,161,4.4,79,6.46,32.63,16500,362088,538395,176307,5517.7,11.71,56.9
FARM_1431,Telangana,Medak,Groundnut,Kharif,5.5,753.9,29.2,66.8,6.8,6.7,41.9,130,43,44,Sprinkler,205,3.3,78,5.98,31.78,16622,420093,528247,108154,6143.1,9.73,58.8
FARM_1432,Maharashtra,Nagpur,Groundnut,Kharif,9.4,992.7,29.5,72.8,6.4,6.65,56.7,141,50,34,Sprinkler,166,3.4,78,5.61,55.5,16083,664542,892607,228065,6292,8.92,52.5
FARM_1433,Karnataka,Shimoga,Groundnut,Kharif,10,859,29.1,70.8,6.2,6.25,61.9,122,37,44,Canal,215,3.2,79,5.55,51.42,16484,634671,847607,212936,5762.3,9.63,51.1
FARM_1434,Telangana,Rangareddy,Maize,Kharif,11.7,563,27.3,70.5,7.6,6.6,34,126,67,42,Drip,241,4.2,82,5.37,62.35,17123,592098,1067619,475521,5462.5,9.83,57
FARM_1435,Maharashtra,Nagpur,Rice,Kharif,6.7,875.3,31.8,63.1,6.5,7.59,64.7,77,72,47,Canal,206,3.8,83,4.92,33.18,15816,367895,524775,156880,7338.7,6.7,58.7
FARM_1436,Haryana,Hisar,Groundnut,Kharif,9.3,1000.8,31.4,65.6,6.8,6.61,51.3,122,42,35,Tube Well,193,3.9,80,4.19,39.91,18289,422250,729914,307664,4660,8.99,39.7
FARM_1437,Maharashtra,Solapur,Maize,Kharif,7.2,678,27.4,66.8,6.7,7.2,47.7,119,67,48,Drip,148,3,77,5.24,40.26,18389,473015,740341,267326,5059.8,10.36,58.5
FARM_1438,Maharashtra,Solapur,Groundnut,Kharif,10.3,974.8,32.8,66.8,5.4,6.99,52.1,77,36,47,Sprinkler,151,3.9,80,5.1,53.26,16407,654393,873837,219444,6698.2,7.61,64.8
FARM_1439,Haryana,Karnal,Groundnut,Kharif,9.1,781.4,26.1,83.8,5.4,6.59,52.6,125,68,37,Drip,218,4,82,5.07,46.96,15918,509293,747509,238216,5653.3,8.97,60.4
FARM_1440,Uttar Pradesh,Varanasi,Maize,Kharif,11.1,950.6,29.4,73.4,7.7,5.94,58.3,84,57,37,Drip,174,2.9,81,4.8,51.52,18122,583859,933645,349786,5238.2,9.16,44.1
FARM_1441,Punjab,Patiala,Cotton,Kharif,8.6,829.1,28.7,73.9,7.9,6.3,57.1,146,53,61,Sprinkler,165,4,74,5.38,44.56,18236,510171,812596,302425,5351.8,10.05,45.3
FARM_1442,Tamil Nadu,Thanjavur,Rice,Kharif,12.2,525.3,32.1,65.1,7.2,6.8,54.8,101,49,44,Canal,183,4.1,70,5.74,67.39,15336,674561,1033493,358932,6362.1,9.02,60.5
FARM_1443,Punjab,Patiala,Cotton,Kharif,8.5,648.6,28.5,87.9,5.1,6.6,42.4,132,59,60,Rainfed,184,3.5,78,5.13,44.54,15825,526856,704846,177990,5091.6,10.08,45.1
FARM_1444,Punjab,Bathinda,Cotton,Kharif,6.8,775.3,33.1,72.4,6,7.29,47.5,115,70,39,Sprinkler,199,3.8,79,5.89,42.97,17416,573400,748366,174966,4576.2,12.87,52.2
FARM_1445,Andhra Pradesh,Chittoor,Rice,Kharif,8.2,865.8,27.8,71.1,8.6,7.13,62,133,77,56,Sprinkler,169,3.4,75,7.3,59.86,16409,644407,982243,337836,6533,11.17,69.9
FARM_1446,Uttar Pradesh,Varanasi,Rice,Kharif,7.7,1064.7,26,78.2,7.5,6.67,40.8,105,43,35,Rainfed,178,2.3,90,5.8,48.06,16439,514622,790058,275436,5511.8,10.52,72.8
FARM_1447,Uttar Pradesh,Varanasi,Groundnut,Kharif,10.3,831,23.5,79.9,8.3,6.48,74.6,102,40,37,Rainfed,141,4.1,76,5.56,59.24,16151,698658,956785,258127,6086.8,9.13,60.2
FARM_1448,Uttar Pradesh,Varanasi,Maize,Kharif,6.4,931.3,29.1,80.3,7.6,6.47,61.8,70,61,44,Rainfed,224,4.3,79,4.58,29.14,17751,360650,517264,156614,6375.1,7.18,57
FARM_1449,Madhya Pradesh,Indore,Rice,Kharif,9.5,998,25.6,77.6,7.9,7.32,62.7,124,77,31,Sprinkler,189,3.1,83,5.27,49.38,17246,517464,851607,334143,6059.4,8.7,51.3
FARM_1450,Maharashtra,Solapur,Cotton,Kharif,8.3,708,26.3,62.2,7.3,6.5,68.3,133,60,43,Sprinkler,183,4.2,72,4.82,40.84,17133,489764,699712,209948,5628.9,8.56,56.3
FARM_1451,Madhya Pradesh,Gwalior,Cotton,Kharif,11.8,840.9,27.2,72.7,6.5,6.57,61.1,131,57,54,Canal,223,3.2,71,11.06,130.92,16182,1482047,2118547,636500,5699.6,19.4,52.4
FARM_1452,Uttar Pradesh,Varanasi,Maize,Kharif,9.8,788.7,25.9,70.1,7.1,6.55,50.9,87,39,39,Tube Well,163,4,86,4.96,46.08,18960,477865,873677,395812,6152.3,8.06,51.2
FARM_1453,Gujarat,Ahmedabad,Cotton,Kharif,6.5,911,28.7,88.1,8.8,6.53,61.8,145,54,48,Drip,233,3.2,96,5.01,30.1,16358,340622,492376,151754,5451.1,9.19,50.7
FARM_1454,Tamil Nadu,Thanjavur,Groundnut,Kharif,9.8,990.2,30.9,78.7,6.8,7.17,55.7,120,55,32,Canal,164,4.6,73,6.12,65.87,17248,707580,1136126,428546,5051.8,12.11,49.9
FARM_1455,Maharashtra,Pune,Groundnut,Kharif,9.3,748.9,27.1,78.6,6.3,6.34,58,120,64,34,Tube Well,173,2.9,90,6.17,57.47,16857,617934,968772,350838,6542.7,9.43,56.7
FARM_1456,Karnataka,Raichur,Cotton,Kharif,7.8,724.6,24.1,67.6,7.2,7.01,64,154,53,50,Sprinkler,227,3.5,89,5.11,38.8,16080,481419,623904,142485,5798.5,8.81,52.9
FARM_1457,Telangana,Warangal,Soybean,Kharif,9.7,678,31.2,62.2,7.6,6.17,56.6,158,38,35,Drip,126,3.1,89,6.88,72.52,14579,731667,1057269,325602,6184,11.13,51.9
FARM_1458,Gujarat,Junagadh,Rice,Kharif,5.6,766.5,24.3,75.3,6.7,6.39,50.5,129,49,34,Sprinkler,112,3.7,86,6.87,36.73,14578,394064,535450,141386,6185.7,11.11,49.2
FARM_1459,Punjab,Amritsar,Maize,Kharif,6.5,728.9,27.7,55.4,8.5,6.3,72.2,119,89,43,Canal,194,3.4,84,6.35,40.78,16714,435389,681597,246208,6591.6,9.63,54.2
FARM_1460,Maharashtra,Nagpur,Groundnut,Kharif,11,872.7,27.2,78.5,6.9,6.77,45.3,104,52,51,Drip,182,4.2,90,6.81,74.93,17436,904036,1306479,402443,7355.3,9.26,58.9
FARM_1461,Gujarat,Surat,Maize,Kharif,11,590.3,29.5,67.4,6.8,6.6,59.6,120,44,56,Drip,156,4.2,80,5.52,60.17,17444,633128,1049605,416477,7598.5,7.26,50.9
FARM_1462,Gujarat,Surat,Rice,Kharif,9.7,967.6,30.4,89.8,8.4,6.93,44.9,128,48,60,Rainfed,185,3.7,82,5.7,59.01,17362,689094,1024532,335438,6074.5,9.38,48.1
FARM_1463,Tamil Nadu,Madurai,Groundnut,Kharif,6.9,620.6,27.6,73,9.5,7.27,49,120,54,18,Rainfed,191,3.1,80,6,41.59,18935,488493,787507,299014,7399.1,8.11,52.8
FARM_1464,Karnataka,Belagavi,Rice,Kharif,5.6,969.3,31,77.8,5.6,7.23,60.3,110,57,54,Tube Well,246,4.4,77,4.74,27.38,16400,357202,449032,91830,6967,6.8,42.9
FARM_1465,Maharashtra,Nashik,Groundnut,Kharif,7.2,852.3,28.5,78.3,7.8,6.32,68.3,110,48,46,Sprinkler,206,3.7,81,5.71,38.52,14254,483041,549064,66023,4902.2,11.65,53.2
FARM_1466,Gujarat,Vadodara,Groundnut,Kharif,12,483.2,25.4,67,6.3,6.26,58.8,104,48,46,Tube Well,159,4,82,5.72,62.43,16809,715077,1049386,334309,4199.8,13.62,56.9
FARM_1467,Maharashtra,Aurangabad,Rice,Kharif,7,623.5,27.8,79.1,6.9,7.28,61.6,109,33,50,Tube Well,125,3.3,88,5.46,39.71,15877,464808,630476,165668,5252.1,10.4,50
FARM_1468,Maharashtra,Pune,Groundnut,Kharif,7.4,773.3,29.8,78,8.4,6.49,66.2,120,61,33,Tube Well,187,4.1,78,6.26,48.32,14476,627727,699480,71753,6592.6,9.5,54
FARM_1469,Gujarat,Surat,Maize,Kharif,9.9,782.7,26.3,64.3,5.1,6.54,73.7,99,68,29,Rainfed,191,4.3,83,4.82,50.47,14343,550964,723891,172927,5849,8.24,72.8
FARM_1470,Uttar Pradesh,Meerut,Maize,Kharif,10.8,851,28,61.2,5.9,6.4,57.8,132,60,26,Rainfed,237,4.6,81,5.85,63.54,17414,804987,1106486,301499,5843,10.01,56.9
FARM_1471,Punjab,Jalandhar,Soybean,Kharif,8.8,902,26.6,63.3,7.8,6.64,43.7,140,42,42,Canal,190,5.1,88,5.56,49.07,18214,504448,893761,389313,4526.3,12.28,58.4
FARM_1472,Maharashtra,Solapur,Rice,Kharif,9.6,915.8,30.4,61.9,4.8,6.78,35.2,107,47,46,Canal,185,4.6,86,6.74,65.03,17278,752759,1123588,370829,5717.8,11.79,52.3
FARM_1473,Madhya Pradesh,Jabalpur,Rice,Kharif,7.8,946.1,31.4,95,9.4,7.33,65.6,90,64,27,Canal,232,4,78,5.7,45.6,16757,566534,764119,197585,5460.1,10.44,48.3
FARM_1474,Telangana,Nalgonda,Cotton,Kharif,9.9,637.1,26.9,78.1,5.2,6.18,60.3,121,34,50,Sprinkler,202,4.6,90,6.6,61.69,15598,769903,962241,192338,7596.2,8.69,51.4
FARM_1475,Madhya Pradesh,Bhopal,Groundnut,Kharif,7.8,801,32.3,67.3,6.6,6.59,62.6,107,67,36,Drip,205,3.2,77,6.58,50.03,15841,605912,792525,186613,7756.5,8.48,62.6
FARM_1476,Uttar Pradesh,Kanpur,Groundnut,Kharif,9.2,725.6,29.7,68.8,6.1,7.73,64.6,118,34,43,Sprinkler,228,3.7,87,5.6,52.79,17579,648922,927995,279073,5702,9.82,50.4
FARM_1477,Andhra Pradesh,Kurnool,Soybean,Kharif,11.7,991.5,26.6,70.3,7.1,6.71,57.9,87,47,42,Tube Well,188,2.9,72,5.67,68.19,16493,799839,1124658,324819,5585,10.15,49.4
FARM_1478,Madhya Pradesh,Bhopal,Maize,Kharif,9.8,815.7,27.3,69,7.9,7.21,53.3,82,48,50,Canal,191,3.9,94,6.76,63.66,16424,670470,1045552,375082,3358.9,20.13,43.8
FARM_1479,Maharashtra,Nagpur,Maize,Kharif,12.1,1120.3,25.7,71.2,8.2,5.58,66.8,111,44,45,Rainfed,152,4.3,81,7.35,92.22,17727,962944,1634784,671840,5812.9,12.64,49.4
FARM_1480,Karnataka,Raichur,Groundnut,Kharif,7.6,828,31.4,65.2,8.8,7.33,80.6,104,53,44,Tube Well,159,3.1,88,5.36,35.98,16892,397527,607774,210247,6810.4,7.87,40.7
FARM_1481,Uttar Pradesh,Meerut,Groundnut,Kharif,6,709.2,25.3,73.6,7.8,6.57,47,168,51,47,Sprinkler,172,4.5,96,6.11,37.46,18305,448895,685705,236810,5552.8,11,51.2
FARM_1482,Madhya Pradesh,Indore,Maize,Kharif,6.4,753.8,28.6,76.5,6.5,7.13,54.4,132,66,55,Canal,197,3.9,82,6.24,43.06,16389,526606,705710,179104,5712.1,10.92,45.3
FARM_1483,Maharashtra,Nashik,Maize,Kharif,8.8,952.4,27.9,60.4,4.6,6.81,66.9,155,63,39,Tube Well,149,3.8,84,7.02,64.5,16402,793845,1057929,264084,6691.6,10.49,50.5
FARM_1484,Karnataka,Mysuru,Groundnut,Kharif,10.6,891,27.9,80,6.2,6.46,64,121,45,34,Drip,192,3.8,76,5.74,59.92,17566,709161,1052555,343394,6563.9,8.74,44.5
FARM_1485,Madhya Pradesh,Gwalior,Maize,Kharif,8.7,566.3,34,77.3,7.5,6.08,65.7,114,59,37,Tube Well,174,3.2,89,6.26,55.24,14453,650968,798384,147416,6933.5,9.03,53.8
FARM_1486,Telangana,Warangal,Soybean,Kharif,6.7,781.3,31.9,73.2,8.8,6.38,56.7,142,56,13,Drip,230,3.4,82,6.62,44.71,15655,447141,699935,252794,6392.9,10.36,44.8
FARM_1487,Andhra Pradesh,Guntur,Maize,Kharif,8.5,590.1,27.1,77.1,6.2,7.7,66.8,138,46,40,Canal,183,2.6,78,5.89,48.76,17066,581010,832138,251128,5702.5,10.33,47.1
FARM_1488,Haryana,Karnal,Cotton,Kharif,7,832.6,25.3,77.8,8.5,6.81,72.1,154,66,51,Sprinkler,158,3.9,86,6.23,47.99,17451,571276,837473,266197,6352.3,9.81,55.3
FARM_1489,Tamil Nadu,Thanjavur,Maize,Kharif,8.2,977.5,26.4,68.7,7.1,6.92,54.8,68,47,34,Tube Well,244,4.2,92,5.53,44.1,16428,450892,724475,273583,5024.3,11.01,57.4
FARM_1490,Madhya Pradesh,Ujjain,Groundnut,Kharif,10.3,551.8,32.7,62.7,5,6.97,65.1,137,69,48,Drip,168,3.6,93,5.94,56.5,16510,602774,932815,330041,5584.3,10.64,58.9
FARM_1491,Karnataka,Dharwad,Groundnut,Kharif,5.8,826.1,24.9,68.4,7.1,6.91,63.8,169,59,41,Rainfed,196,2.8,87,5.43,32,16264,397968,520448,122480,5784,9.39,59.5
FARM_1492,Andhra Pradesh,Kurnool,Soybean,Kharif,9.1,812,28.1,75.6,6.5,6.74,49.7,128,40,45,Rainfed,163,3.3,84,4.93,48.19,16415,618455,791039,172584,7991.6,6.17,39.7
FARM_1493,Karnataka,Dharwad,Cotton,Kharif,11.2,893.2,27.2,78.4,6.4,7.22,69,136,55,60,Sprinkler,158,3.3,74,5.74,62.94,16673,710008,1049399,339391,5942.5,9.66,45.8
FARM_1494,Telangana,Nalgonda,Soybean,Kharif,11,905.5,31,72.7,8.4,6.51,48.6,147,74,24,Drip,173,3.3,77,3.62,42.4,15855,496353,672252,175899,6789.7,5.33,50.5
FARM_1495,Tamil Nadu,Coimbatore,Cotton,Kharif,10.6,735.8,24.8,83.5,6.7,6.45,50,145,64,48,Canal,183,3.4,80,6.37,63.73,16279,700059,1037461,337402,7627.1,8.35,61.8
FARM_1496,Telangana,Warangal,Rice,Kharif,6.8,787.7,29.8,70.7,6.1,7.12,58.3,150,64,49,Tube Well,178,4.4,84,2.8,18.39,14885,192815,273735,80920,5364.7,5.22,61
FARM_1497,Tamil Nadu,Madurai,Soybean,Kharif,7.7,754.6,29.6,92,7.1,6.13,63.4,101,42,50,Tube Well,227,4.5,79,4.95,41.95,17015,428231,713779,285548,6113.8,8.1,61.6
FARM_1498,Karnataka,Shimoga,Rice,Kharif,9.4,892.6,34.6,71,9.3,7.19,57.5,139,41,44,Drip,198,2.9,89,6.57,55.59,16446,663034,914233,251199,5987.4,10.97,49.3
FARM_1499,Punjab,Amritsar,Maize,Kharif,8.9,991.7,33.7,70.4,6.8,7.16,66.2,99,43,45,Rainfed,106,4,76,5.23,44.57,18043,476087,804177,328090,5569.6,9.39,58.5
FARM_1500,Haryana,Kurukshetra,Cotton,Kharif,5.6,680.4,24.8,77.2,6.7,7.23,47.5,128,53,47,Canal,147,4.2,76,5.95,32.15,16836,320135,541277,221142,7302.7,8.15,59.3
FARM_1501,Madhya Pradesh,Bhopal,Maize,Kharif,8.7,823.7,31.9,64.6,5.7,7.62,51.1,127,37,42,Sprinkler,165,4.1,78,5.07,41.93,18426,465540,772602,307062,4503.8,11.26,66.7
FARM_1502,Uttar Pradesh,Meerut,Maize,Kharif,7.2,997.8,29.3,65.1,7.2,5.99,64.1,87,48,50,Tube Well,147,3.5,92,5.89,40.78,16016,521800,653132,131332,7432.8,7.92,45.1
FARM_1503,Uttar Pradesh,Agra,Soybean,Kharif,7.4,798,27.4,57.7,8.1,6.7,73,117,60,36,Rainfed,183,3.5,76,5.09,37.74,16123,439700,608482,168782,8185.7,6.22,39.5
FARM_1504,Madhya Pradesh,Bhopal,Soybean,Kharif,6.1,672.7,33.5,74.3,5.9,6.49,65,150,56,51,Tube Well,147,4.3,77,5.16,31.63,18354,395269,580537,185268,5814.9,8.87,42.2
FARM_1505,Gujarat,Junagadh,Rice,Kharif,9.7,766.2,27.8,62.1,6.6,6.64,76.1,108,56,49,Drip,148,2.2,93,4.21,38.09,17079,510357,650539,140182,6315.2,6.67,43
FARM_1506,Uttar Pradesh,Meerut,Groundnut,Kharif,5.6,784.5,29.9,58.6,5.7,6.46,59.4,123,62,40,Canal,185,4,77,6.47,39.71,17717,391103,703542,312439,5942.4,10.89,41.8
FARM_1507,Madhya Pradesh,Gwalior,Rice,Kharif,2.8,449.3,29.1,68.8,7.9,6.64,40.3,129,71,51,Sprinkler,220,3.5,84,4.82,13.58,16309,129684,221476,91792,6141.2,7.85,45.7
FARM_1508,Madhya Pradesh,Ujjain,Groundnut,Kharif,9.8,877.1,26.4,82.2,7.4,6.6,60,86,63,36,Sprinkler,186,4.8,91,5.25,47.75,18729,570534,894310,323776,6041.3,8.69,40.5
FARM_1509,Telangana,Warangal,Rice,Kharif,7.3,1042.9,32.5,67.2,6.9,6.52,54.3,128,55,37,Tube Well,146,3.7,69,4.51,31.56,17535,362214,553405,191191,5197.8,8.68,59.4
FARM_1510,Madhya Pradesh,Jabalpur,Maize,Kharif,4.9,728.2,26.5,79.6,7.4,6.91,62.7,102,62,37,Tube Well,184,3.4,82,5.51,26.86,18509,279087,497152,218065,6532.5,8.43,74
FARM_1511,Telangana,Nalgonda,Maize,Kharif,7.4,883.4,27.4,72.8,5.8,6.82,56.7,154,58,20,Rainfed,139,3.7,86,6.22,45.21,16123,531951,728921,196970,5568.9,11.17,84.4
FARM_1512,Gujarat,Surat,Soybean,Kharif,8.5,847.2,33.5,64.8,7.3,7.32,60,112,42,50,Sprinkler,154,4.4,73,5.53,44.12,14063,532159,620460,88301,5104.2,10.83,60.3
FARM_1513,Uttar Pradesh,Meerut,Maize,Kharif,6,904.2,27.2,76,7.3,6.89,69.7,115,52,38,Canal,159,3.4,82,5.34,30.36,17838,357981,541562,183581,6171.7,8.65,66.2
FARM_1514,Haryana,Rohtak,Maize,Kharif,7.1,1140.3,29.3,69,6.4,6.4,68.3,127,50,47,Sprinkler,190,4.2,89,5.56,38.48,17765,458538,683597,225059,7294.3,7.62,50.4
FARM_1515,Punjab,Jalandhar,Cotton,Kharif,9.3,807.1,29.5,73.1,9.9,6.82,66.9,137,63,38,Canal,163,3.3,81,4.85,40.64,17360,414529,705510,290981,7505.3,6.46,72.8
FARM_1516,Karnataka,Mysuru,Maize,Kharif,9.3,1163.3,25.1,77.2,8.6,7.36,48.5,115,44,54,Drip,241,3.1,85,5.92,54.31,15978,607911,867765,259854,6048.9,9.79,50
FARM_1517,Gujarat,Surat,Groundnut,Kharif,10.8,689.9,32.4,70.1,6.9,6.08,49.2,143,54,55,Canal,209,4,86,6.05,64.84,16704,802100,1083087,280987,5544.6,10.91,49.4
FARM_1518,Karnataka,Shimoga,Rice,Kharif,10.2,1155.8,28.6,64.8,8.3,6.64,61.8,106,56,37,Rainfed,172,3.5,78,4.25,41.05,14145,444215,580652,136437,5653.5,7.52,51.9
FARM_1519,Maharashtra,Solapur,Rice,Kharif,6.4,744.3,27.8,65,9,7.06,49.1,114,52,43,Drip,160,3.5,77,4.97,31.54,17164,335056,541353,206297,5781.1,8.6,69.5
FARM_1520,Andhra Pradesh,Guntur,Groundnut,Kharif,10.2,916.8,28.4,64.4,8.2,6.68,57.9,161,47,67,Rainfed,164,3.4,89,4.03,40.86,15904,513315,649837,136522,6352,6.34,47.7
FARM_1521,Karnataka,Dharwad,Soybean,Kharif,9.6,754.2,31.8,71.6,9.2,6.47,42.1,77,49,43,Tube Well,184,3.6,84,6.28,57.64,17325,621956,998613,376657,6381.2,9.84,52.4
FARM_1522,Tamil Nadu,Thanjavur,Cotton,Kharif,10.3,938.4,29.3,76,7.9,6.72,59.9,127,57,46,Sprinkler,170,3.4,79,4.52,45.23,17741,543861,802425,258564,4728.1,9.56,66.6
FARM_1523,Telangana,Sangareddy,Groundnut,Kharif,6.9,872.6,32.7,69.8,7.3,6.2,48.7,134,50,29,Tube Well,178,3.6,73,6.72,47.99,14767,521410,708668,187258,6004.2,11.19,40.5
FARM_1524,Madhya Pradesh,Jabalpur,Rice,Kharif,10.2,787.2,26,73.4,8.3,6.84,47.1,107,30,43,Rainfed,254,4.5,87,6.71,67.17,15737,702025,1057054,355029,7072,9.49,59.6
FARM_1525,Madhya Pradesh,Indore,Soybean,Kharif,7.5,724,27.3,65.4,9.4,7.41,41.6,117,68,38,Canal,165,4.1,94,5.17,40.17,15072,494625,605442,110817,6382,8.1,57.3
FARM_1526,Gujarat,Junagadh,Soybean,Kharif,7.8,1081.6,32.2,81.3,5.8,6.87,55.7,113,66,37,Canal,129,3.8,89,5.51,44.85,15890,541036,712667,171631,5384.3,10.23,58.2
FARM_1527,Telangana,Rangareddy,Groundnut,Kharif,7.3,936.6,29.3,63.2,7.9,7.33,50.6,111,54,50,Canal,199,3.1,84,6.76,47.39,17012,519904,806199,286295,5630.5,12.01,54.8
FARM_1528,Gujarat,Rajkot,Soybean,Kharif,6.7,704.8,30.6,74,6.5,6.48,66,88,50,36,Drip,182,3.9,89,4.68,30.29,15703,347724,475644,127920,6035.7,7.75,44.7
FARM_1529,Karnataka,Raichur,Cotton,Kharif,8.7,979.5,28.9,70,6.1,7,69.2,70,67,66,Sprinkler,162,2.8,85,6.47,53.71,18718,590283,1005344,415061,6525.5,9.91,59.4
FARM_1530,Haryana,Rohtak,Soybean,Kharif,9.7,538.4,29.1,67.8,6.9,6.6,57.8,125,50,40,Tube Well,197,3.2,86,6.24,61.12,15833,712661,967713,255052,5916.9,10.55,52.5
FARM_1531,Tamil Nadu,Tiruchirappalli,Rice,Kharif,10.3,899,28.7,82.6,7.9,6.63,45.2,116,63,44,Drip,139,4.4,92,4.84,52.84,16188,616406,855374,238968,6218.8,7.78,55.3
FARM_1532,Andhra Pradesh,Chittoor,Cotton,Kharif,6.9,765.9,30.5,66.1,8.2,6.26,50.3,130,53,50,Rainfed,186,4.9,78,6.07,40.53,17137,491794,694563,202769,6078.4,9.99,51.5
FARM_1533,Gujarat,Surat,Maize,Kharif,6.5,769,27.9,60.2,7.1,6.21,62.1,108,49,38,Canal,181,4,74,5.79,37.59,18057,378207,678763,300556,5837.4,9.92,62.7
FARM_1534,Uttar Pradesh,Meerut,Maize,Kharif,8.8,855.6,30.2,59,6.3,6.81,61.1,155,74,48,Tube Well,179,4,80,4.68,40.69,17324,507914,704914,197000,5764.2,8.12,46.6
FARM_1535,Telangana,Rangareddy,Cotton,Kharif,7,965.4,30.6,50.9,7.4,6.51,61,119,75,50,Sprinkler,176,4.2,76,5.04,35.01,15670,349309,548607,199298,6035.2,8.35,37
FARM_1536,Haryana,Karnal,Rice,Kharif,7.4,846.9,31.1,63.2,6.7,6.59,42.3,122,81,56,Tube Well,160,4.7,76,5.37,39,15211,457094,593229,136135,5741.6,9.35,49.2
FARM_1537,Tamil Nadu,Thanjavur,Groundnut,Kharif,7.5,912.5,27.5,72.5,5.8,7.05,73.6,104,63,51,Canal,182,3.9,90,7.41,52.55,17840,656319,937492,281173,5637.2,13.14,56.4
FARM_1538,Madhya Pradesh,Jabalpur,Soybean,Kharif,10.4,716.6,29.5,69.7,7.2,7.35,53.9,111,64,48,Sprinkler,149,2.9,83,5.82,59.71,15342,593682,916071,322389,7456.4,7.81,57.1
FARM_1539,Telangana,Rangareddy,Groundnut,Kharif,6.9,781,30.2,73.3,7.6,5.78,50.5,103,31,55,Drip,251,4.4,75,7.19,53.75,17229,703964,926059,222095,6113.8,11.76,60.6
FARM_1540,Punjab,Jalandhar,Cotton,Kharif,5,624.8,31.3,80.4,7.2,7.18,59,159,56,57,Rainfed,124,4.8,83,5.83,29.9,17607,341186,526449,185263,7212,8.08,46.7
FARM_1541,Madhya Pradesh,Indore,Groundnut,Kharif,11.4,815.6,29.1,73.3,7.3,6.87,60.8,131,59,38,Rainfed,140,3.6,85,9.71,112.57,15366,1294783,1729751,434968,5907.5,16.44,54.4
FARM_1542,Maharashtra,Aurangabad,Soybean,Kharif,8.2,827.3,28.8,68.5,6.4,6.94,66.6,109,71,39,Tube Well,194,3,78,4.72,34.76,16476,405654,572706,167052,6323.7,7.46,50.1
FARM_1543,Telangana,Nalgonda,Groundnut,Kharif,9.3,757.4,31.8,70.6,6.4,6.21,49.7,118,78,51,Tube Well,170,3.9,82,4.38,39,15058,407563,587262,179699,5991.4,7.31,45.9
FARM_1544,Andhra Pradesh,Krishna,Groundnut,Kharif,8.5,866.6,24.5,67,8.3,6.94,48.8,98,36,59,Sprinkler,227,5.2,89,5.7,49.52,16464,577726,815297,237571,5634.5,10.12,55.6
FARM_1545,Gujarat,Junagadh,Cotton,Kharif,10.6,893.6,25.6,62.9,7.1,6.3,48.1,115,34,50,Drip,148,5.1,74,7,76.31,16161,907355,1233246,325891,6315.2,11.08,47.6
FARM_1546,Uttar Pradesh,Kanpur,Soybean,Kharif,8,739.3,26.6,75.6,8.4,6.61,76.2,90,48,40,Sprinkler,146,2.8,82,5.96,49.87,16012,524549,798518,273969,5553.7,10.73,53.1
FARM_1547,Andhra Pradesh,Anantapur,Groundnut,Kharif,7.1,797.2,26.7,69.1,8.7,7.04,42.9,119,61,45,Canal,176,3.8,74,4.03,29.34,16605,313590,487191,173601,6463.6,6.23,58.6
FARM_1548,Gujarat,Surat,Maize,Kharif,11.5,804.2,27.2,83.1,8,6.73,47.8,106,47,50,Sprinkler,170,4,83,5.85,69.57,19839,798218,1380199,581981,6564,8.91,43.5
FARM_1549,Punjab,Ludhiana,Rice,Kharif,8.8,873.6,32,63.7,5.3,6.22,51.6,103,66,51,Rainfed,183,4.2,81,4.97,42.51,16843,518954,715996,197042,6302.7,7.89,53.9
FARM_1550,Madhya Pradesh,Ujjain,Maize,Kharif,8.1,754.2,30,70.5,6.7,6.33,64.1,115,59,36,Drip,165,3.8,87,4.72,36.18,14817,380565,536079,155514,5377.7,8.78,58.2
FARM_1551,Gujarat,Surat,Soybean,Kharif,9.1,915.4,29,73.1,7.4,6.94,47.1,84,42,47,Tube Well,143,5,72,5.61,51.22,15998,621821,819418,197597,6352.3,8.83,65.2
FARM_1552,Andhra Pradesh,Anantapur,Cotton,Kharif,4.6,696.6,27,65.3,6,6.53,56.1,123,59,51,Drip,196,4.5,82,5.64,25.63,19009,316462,487201,170739,7716.4,7.31,62
FARM_1553,Karnataka,Raichur,Cotton,Kharif,6.3,841.7,23.1,75.8,6.2,7.1,53,123,57,65,Drip,170,4.2,82,5.35,33.46,14103,369923,471886,101963,5347.5,10,56.6
FARM_1554,Madhya Pradesh,Bhopal,Rice,Kharif,4.8,823.3,27.6,59.9,9.5,6.58,59.3,105,47,51,Sprinkler,232,4,77,4.73,22.76,18000,270651,409680,139029,5078.9,9.31,62
FARM_1555,Telangana,Rangareddy,Cotton,Kharif,8.8,1008.5,27.9,67.5,7,6.91,59.8,145,55,44,Canal,139,2.8,83,5.44,47.73,15086,564963,720055,155092,6050.2,8.99,45.6
FARM_1556,Uttar Pradesh,Kanpur,Maize,Kharif,8.9,939.4,30.1,79.3,7.3,7.04,62.1,131,62,40,Drip,198,4.4,78,6.45,61.16,16499,730902,1009079,278177,5601.3,11.52,53.6
FARM_1557,Tamil Nadu,Salem,Cotton,Kharif,10.6,657.8,26.1,67.2,7.5,7.19,68,122,57,52,Canal,228,4.3,81,5.62,57.27,15339,702483,878465,175982,5030.8,11.17,58.3
FARM_1558,Punjab,Ludhiana,Maize,Kharif,11.8,842.5,27.9,62.1,6.3,8.54,45.9,161,43,49,Sprinkler,159,4.6,76,4.99,53.99,17127,606460,924687,318227,6757.7,7.38,52.5
FARM_1559,Punjab,Ludhiana,Maize,Kharif,9.4,831.6,29.1,72.5,8.8,7.51,56.3,118,47,58,Drip,197,3.2,82,5.43,51.16,17627,566060,901797,335737,6370.7,8.52,58.8
FARM_1560,Haryana,Karnal,Soybean,Kharif,6.9,825.2,27.5,79.1,5.8,6.37,62.5,105,50,51,Canal,179,3.8,84,4.61,30.27,15470,392337,468277,75940,5929.5,7.77,33.4
FARM_1561,Punjab,Patiala,Rice,Kharif,8.1,891.3,25.5,66.2,7.2,6.69,66.2,113,51,42,Drip,114,3.8,87,5.67,43.96,15537,474811,683007,208196,6546.7,8.66,50.9
FARM_1562,Karnataka,Raichur,Soybean,Kharif,7.4,1005.5,31.5,69.4,6.7,6.8,52.7,119,55,48,Rainfed,150,3.3,81,5.09,35.67,15926,459097,568080,108983,6053.5,8.41,49.5
FARM_1563,Maharashtra,Nagpur,Rice,Kharif,7.2,735.2,29.6,64.2,7.1,6.83,65.2,140,66,60,Sprinkler,231,4.2,91,7.48,58.08,18692,609507,1085631,476124,6305.4,11.86,54.6
FARM_1564,Telangana,Rangareddy,Maize,Kharif,9.1,798.1,26.9,76.7,7.3,6.21,64,104,40,57,Sprinkler,202,3.8,64,5.92,52.41,15936,651376,835206,183830,5975.9,9.91,59.7
FARM_1565,Gujarat,Rajkot,Soybean,Kharif,6,829.9,28.7,73.4,5.7,7.74,59.8,126,32,40,Canal,236,4.1,81,6.47,36.44,16980,437974,618751,180777,5265.2,12.29,70.5
FARM_1566,Andhra Pradesh,Guntur,Rice,Kharif,10.2,628.2,28.6,64.3,7.7,6.85,53.5,79,57,28,Drip,216,3.4,85,6.62,68.8,17858,876717,1228630,351913,5466.3,12.11,45.8
FARM_1567,Tamil Nadu,Salem,Soybean,Kharif,6.4,945.8,31.7,70.3,7.2,6.51,60.4,122,68,57,Tube Well,188,2.8,84,5.19,34.34,13951,395352,479077,83725,6254.8,8.3,55.9
FARM_1568,Tamil Nadu,Tiruchirappalli,Maize,Kharif,8.6,832,28.1,73.7,9.1,6.74,57.4,127,66,36,Canal,185,3.2,76,6.03,48.88,16580,578430,810430,232000,5783.2,10.43,42.9
FARM_1569,Telangana,Rangareddy,Groundnut,Kharif,10,845.3,27.9,53.6,7.5,7.43,53.9,134,56,38,Drip,132,3.5,78,4.61,47.19,16576,506463,782221,275758,6043.9,7.63,57.7
FARM_1570,Uttar Pradesh,Agra,Rice,Kharif,6.1,972,22.3,76.8,7.1,6.4,58.4,103,68,51,Drip,189,3.9,81,5.42,31.91,16302,367764,520197,152433,6432,8.43,48.4
FARM_1571,Uttar Pradesh,Kanpur,Soybean,Kharif,7.4,972.1,29.3,71.9,5.3,7.43,50.5,100,70,27,Rainfed,152,3.8,75,5.6,42.34,15559,490085,658768,168683,6369.1,8.79,44.1
FARM_1572,Karnataka,Raichur,Groundnut,Kharif,7.6,1020,32,76.5,6.5,5.62,65.2,100,62,56,Canal,182,3.3,77,5.14,41.32,17477,404025,722150,318125,5310.3,9.68,66.1
FARM_1573,Andhra Pradesh,Guntur,Rice,Kharif,6.9,749.4,31.6,68.1,8,6.84,51.9,113,43,30,Rainfed,170,3.9,76,4.77,30.45,17138,328435,521852,193417,6418.4,7.43,62.4
FARM_1574,Andhra Pradesh,Guntur,Soybean,Kharif,7.8,742,32.1,81.5,9.9,6.67,59.2,126,59,41,Canal,190,3.9,76,4.88,35.6,16994,362491,604986,242495,4944.9,9.87,57.4
FARM_1575,Maharashtra,Solapur,Maize,Kharif,11.2,991.4,26.1,72.1,6.5,6.53,52.1,122,44,37,Canal,201,3.1,82,5.31,60.87,17040,710656,1037225,326569,4886.2,10.87,59.3
FARM_1576,Haryana,Rohtak,Soybean,Kharif,8.5,766.5,29.4,74.9,6.8,6.91,60,91,38,39,Rainfed,170,3.6,84,5.88,48.31,21628,550462,1044849,494387,5394.7,10.9,51.1
FARM_1577,Madhya Pradesh,Bhopal,Groundnut,Kharif,9.4,657.9,27,59.4,6.4,6.19,57.5,102,48,43,Rainfed,178,3.2,84,4.82,51.53,18296,612861,942793,329932,6345.9,7.6,61.8
FARM_1578,Gujarat,Vadodara,Groundnut,Kharif,10.6,930.2,27.7,79.5,9.3,6.8,63.2,137,69,36,Rainfed,208,3.7,88,6.33,66.15,16345,813615,1081222,267607,5475,11.56,50.9
FARM_1579,Punjab,Bathinda,Rice,Kharif,9.6,1091.6,27.5,89.4,6.9,6.96,57.4,154,60,46,Drip,173,4.6,82,5.66,56.01,16497,635056,923997,288941,5217.5,10.85,46.9
FARM_1580,Gujarat,Ahmedabad,Soybean,Kharif,6.3,883.8,29.7,55.9,6.7,6.97,59.3,102,49,45,Tube Well,220,3.7,81,6.42,40.52,16438,381110,666068,284958,5305.2,12.1,62
FARM_1581,Madhya Pradesh,Ujjain,Soybean,Kharif,7.8,736,28.4,77.6,7.8,7.05,60,132,60,42,Rainfed,208,3.9,82,6.34,47.64,17975,647480,856329,208849,4895.9,12.95,54.4
FARM_1582,Haryana,Karnal,Maize,Kharif,6.8,723.2,32.6,59.5,7.9,7.42,36,158,45,49,Canal,187,3.9,78,5.07,34.59,16301,442742,563852,121110,6323.3,8.02,54.3
FARM_1583,Maharashtra,Nagpur,Rice,Kharif,8.6,779.7,30.7,68.2,7.9,6.26,50.3,122,60,58,Sprinkler,139,3.8,74,4.04,34.58,16186,374416,559712,185296,6853.4,5.89,54.6
FARM_1584,Uttar Pradesh,Kanpur,Soybean,Kharif,5.7,877.4,30.2,73.3,7.4,7.15,60.3,155,48,50,Canal,181,4.9,65,5.1,29.51,15874,363470,468442,104972,6086.9,8.38,69.8
FARM_1585,Haryana,Karnal,Rice,Kharif,10.6,725.3,26.4,78,8.1,6.9,56.9,102,61,55,Rainfed,187,3.7,72,5.05,54.31,17820,618150,967804,349654,5666.6,8.91,52.9
FARM_1586,Maharashtra,Pune,Soybean,Kharif,10.3,1040.6,27.7,82.6,7.2,7.04,60.1,124,65,69,Rainfed,156,4.8,94,2.75,27.93,16805,362552,469364,106812,6295.4,4.37,64.2
FARM_1587,Madhya Pradesh,Bhopal,Groundnut,Kharif,10.4,917.4,31.7,66.9,8,6.67,58.2,151,68,56,Sprinkler,197,4.8,79,4.67,51.02,15625,635120,797188,162068,6855.6,6.81,70.2
FARM_1588,Andhra Pradesh,Guntur,Rice,Kharif,7.5,1013.2,26,65.4,8.6,6.72,42.8,106,61,51,Rainfed,189,4.1,83,5.3,39.79,17286,488755,687810,199055,4729.5,11.21,58.6
FARM_1589,Madhya Pradesh,Jabalpur,Soybean,Kharif,7.8,837.8,26.6,76,6.5,6.01,63.8,114,65,52,Rainfed,241,4.2,86,5.11,42.31,18341,467229,776008,308779,5794.8,8.82,68.9
FARM_1590,Haryana,Karnal,Rice,Kharif,7.2,538.2,27.3,64.4,5.4,7.83,52.8,100,55,33,Rainfed,222,4.8,84,4.28,31.28,17188,400747,537641,136894,6328.6,6.76,75.1
FARM_1591,Madhya Pradesh,Bhopal,Maize,Kharif,8.1,862.3,26.7,71.8,7.7,7.22,54.3,103,53,37,Canal,140,2.4,78,4.36,33.46,15670,330382,524318,193936,7507.5,5.81,56.4
FARM_1592,Tamil Nadu,Salem,Groundnut,Kharif,6.4,1114.6,27,64.1,6.6,7.79,51.2,119,42,46,Tube Well,180,4.3,84,6.14,40.01,15475,516892,619155,102263,6343.1,9.68,49
FARM_1593,Tamil Nadu,Madurai,Groundnut,Kharif,9,1058.6,26.7,73.8,5.5,5.79,58.9,88,57,44,Sprinkler,156,3.9,93,5.61,51.42,15879,666740,816498,149758,6978.7,8.04,61.4
FARM_1594,Andhra Pradesh,Anantapur,Rice,Kharif,9,616.4,30.5,67.6,8.1,6.81,59,145,57,60,Rainfed,199,3.3,90,5.83,52.81,16371,641904,864553,222649,5188.6,11.24,43.4
FARM_1595,Madhya Pradesh,Bhopal,Soybean,Kharif,7.8,755.4,27.5,69.5,9.7,7.16,53.1,120,58,46,Sprinkler,178,3.3,75,4.5,36.15,16977,474580,613719,139139,6628,6.79,55.5
FARM_1596,Gujarat,Junagadh,Groundnut,Kharif,7.7,930.2,30,77.2,8.6,6.17,66,127,47,64,Tube Well,161,3,71,4.56,36.29,18232,392318,661639,269321,7402.8,6.16,49.5
FARM_1597,Maharashtra,Aurangabad,Maize,Kharif,8,992.4,29.9,68.7,5.1,6.69,61.9,88,38,27,Drip,194,4.3,80,5.25,38.76,17715,469309,686633,217324,5765,9.11,55.5
FARM_1598,Punjab,Ludhiana,Cotton,Kharif,8.7,919.7,28.3,73.2,7.3,6.43,62.5,152,51,53,Canal,202,3.1,85,5.79,48.18,16800,550170,809424,259254,5100.3,11.35,47.4
FARM_1599,Punjab,Jalandhar,Rice,Kharif,7.2,799.2,28.3,75.2,6.8,6.1,54.9,150,54,54,Canal,174,3.6,84,4.61,32.59,16224,416342,528740,112398,5342.8,8.63,44.2
FARM_1600,Gujarat,Ahmedabad,Rice,Kharif,8.7,903.1,31.1,75.5,6,6.54,38.8,137,64,44,Rainfed,188,3.7,89,5.54,44.27,15920,471051,704778,233727,7716,7.18,42.1
FARM_1601,Uttar Pradesh,Kanpur,Soybean,Kharif,6.5,974.3,27.9,74.2,6.7,6.65,46.8,134,58,74,Tube Well,186,3.9,87,5.78,37.53,17055,457407,640074,182667,5553.4,10.41,31.7
FARM_1602,Karnataka,Dharwad,Cotton,Kharif,7.2,592.5,31.1,51.7,9.4,8,55,125,47,51,Rainfed,215,3.8,79,5.57,40.87,15077,498292,616197,117905,5204.7,10.7,53.9
FARM_1603,Uttar Pradesh,Meerut,Groundnut,Kharif,7.2,738.2,25.8,64.1,7.5,7.45,51.3,147,77,53,Canal,177,3,78,6.21,42.91,15821,507175,678879,171704,5717.2,10.86,50.9
FARM_1604,Tamil Nadu,Salem,Maize,Kharif,9.6,684,27.7,77.1,7.3,6.26,59.6,112,63,62,Drip,215,5.2,89,6.39,61.56,16193,686771,996841,310070,5583.5,11.44,59.1
FARM_1605,Madhya Pradesh,Indore,Cotton,Kharif,7.7,832.6,28.9,62.5,6.2,7.07,58.4,131,41,53,Tube Well,158,4.2,81,4.92,37.08,18039,404111,668886,264775,7127.9,6.9,45.7
FARM_1606,Andhra Pradesh,Kurnool,Cotton,Kharif,9.3,797.6,34,64.2,8.8,7.07,56.5,94,32,47,Sprinkler,161,3,82,5.51,53.44,18215,650126,973410,323284,5346.1,10.31,48.9
FARM_1607,Uttar Pradesh,Lucknow,Groundnut,Kharif,7.8,702.2,27.2,69.6,8.1,7.43,61.6,133,39,44,Sprinkler,214,4,72,5.1,38.11,15906,455445,606178,150733,6400.4,7.97,57.9
FARM_1608,Tamil Nadu,Thanjavur,Groundnut,Kharif,6.6,874.5,25.9,73.2,6.4,6.64,66.7,111,60,53,Drip,160,3,82,6.43,41.7,17691,476186,737715,261529,5181.1,12.41,54.8
FARM_1609,Uttar Pradesh,Varanasi,Groundnut,Kharif,9.9,674.6,30.6,64.2,4.7,6.63,51.8,143,45,38,Canal,201,4.1,78,5.07,47.25,18508,491694,874503,382809,5419,9.36,54.2
FARM_1610,Uttar Pradesh,Agra,Maize,Kharif,8.5,847.7,27.2,71.5,7.1,6.39,44.8,135,49,32,Canal,181,3,77,6.68,59.42,15333,695886,911087,215201,7226.8,9.24,53.5
FARM_1611,Gujarat,Vadodara,Groundnut,Kharif,4.1,746.6,27.7,65.6,6.8,6.7,61.3,97,53,55,Canal,192,4.5,86,5.34,23.18,18619,260455,431588,171133,5610.3,9.52,57.6
FARM_1612,Karnataka,Mysuru,Cotton,Kharif,6.7,1234.7,33,59.4,8.1,6.06,60,128,41,40,Rainfed,175,3.1,92,4.67,30.55,15379,354600,469828,115228,5582.2,8.37,57.2
FARM_1613,Gujarat,Junagadh,Cotton,Kharif,8.8,1156.2,29.6,74.9,5.8,6.24,53.7,92,60,43,Drip,178,3,84,5.03,41.36,15953,477597,659816,182219,6290.5,8,55.1
FARM_1614,Tamil Nadu,Madurai,Maize,Kharif,8.4,828,26.2,84.4,6.5,6.05,63.5,133,53,32,Drip,183,4,94,6.58,51.91,15704,563361,815195,251834,5988.1,10.99,62.5
FARM_1615,Maharashtra,Solapur,Groundnut,Kharif,6.8,810.2,32.8,69.6,7.2,7.24,59.8,96,66,42,Sprinkler,244,3.4,71,5.62,35.81,16665,382899,596774,213875,7680.3,7.32,60.6
FARM_1616,Maharashtra,Aurangabad,Cotton,Kharif,9.3,906.9,26.4,62.4,6.4,6.31,57.8,111,67,54,Rainfed,193,4.3,84,5.47,51.96,15168,499457,788129,288672,6457.9,8.47,58.1
FARM_1617,Andhra Pradesh,Krishna,Groundnut,Kharif,7.9,935.3,29.3,76.7,7.9,7.28,58,108,62,46,Sprinkler,164,3.7,71,6.49,51.06,17603,534453,898809,364356,5860.1,11.07,62.9
FARM_1618,Karnataka,Raichur,Soybean,Kharif,10.1,758.7,28.2,63.1,7.4,7.13,65.8,111,56,58,Sprinkler,175,3.9,90,5.45,53.24,16693,592279,888735,296456,6413.5,8.5,56
FARM_1619,Madhya Pradesh,Gwalior,Groundnut,Kharif,9.7,651.3,28,74,7.4,6.84,56.6,134,52,42,Rainfed,157,4.5,97,5.48,48.71,15690,550764,764260,213496,4472.6,12.25,39.8
FARM_1620,Andhra Pradesh,Krishna,Cotton,Kharif,9.3,966.1,24.2,75.7,7.1,6.95,63.6,126,71,46,Rainfed,140,4.6,95,5.77,55.13,17592,619892,969847,349955,5836.2,9.89,54.4
FARM_1621,Haryana,Karnal,Maize,Kharif,8.7,778.5,26.7,69.4,7.1,6.78,69.7,118,61,56,Drip,176,3.9,81,5.2,41.45,15758,443685,653169,209484,6862.1,7.58,55.4
FARM_1622,Tamil Nadu,Tiruchirappalli,Groundnut,Kharif,9,875.9,30.3,64.1,7.1,6.11,52.2,94,46,48,Tube Well,156,3.5,79,6.06,51.67,16992,608889,877977,269088,5953.8,10.18,50.7
FARM_1623,Karnataka,Shimoga,Groundnut,Kharif,11.8,1067.2,29.8,84.1,6.1,6.65,68.9,133,54,46,Drip,182,4.4,82,5.78,64.9,15802,741582,1025550,283968,7197.1,8.03,65.8
FARM_1624,Madhya Pradesh,Indore,Soybean,Kharif,6.4,714.7,27.3,79.1,7.4,7.12,56,106,49,37,Rainfed,258,3,86,5.48,34.3,15405,376095,528392,152297,6973.4,7.86,48.3
FARM_1625,Tamil Nadu,Thanjavur,Soybean,Kharif,8.6,908.7,30.3,62.9,7.4,6.83,48.7,131,57,34,Sprinkler,135,3.5,82,5.45,41.82,14850,453644,621027,167383,6310.5,8.64,50.4
FARM_1626,Telangana,Nalgonda,Soybean,Kharif,12.4,953.7,31.2,74.3,8,6.31,55.6,125,27,45,Rainfed,151,3.9,87,5.58,72.35,16152,705058,1168597,463539,6925.8,8.06,52.7
FARM_1627,Telangana,Sangareddy,Soybean,Kharif,4,912,29,66.7,8.5,6.63,40,136,52,42,Rainfed,188,4,86,5.5,21.14,14851,239771,313950,74179,5451.1,10.09,41.6
FARM_1628,Punjab,Bathinda,Groundnut,Kharif,6.7,913.7,30.1,62.3,7.5,5.89,49.3,126,74,45,Drip,157,3.3,81,4.51,26.42,18698,335981,494001,158020,6766.1,6.67,42.7
FARM_1629,Uttar Pradesh,Agra,Groundnut,Kharif,8.5,1030.8,26.4,71.7,8.7,6.84,54.4,127,52,33,Tube Well,187,4.3,81,3.87,32.19,16772,359281,539891,180610,6780.7,5.71,56.6
FARM_1630,Punjab,Ludhiana,Rice,Kharif,6.4,865.9,32,65.1,9.6,6.22,49,99,87,30,Rainfed,197,3.7,84,6.79,39.99,15245,481018,609648,128630,4932.5,13.77,47.4
FARM_1631,Maharashtra,Aurangabad,Soybean,Kharif,8.1,911.2,30,83.9,8.7,6.16,62.5,82,36,44,Drip,207,4.1,77,10.02,77.55,16722,749852,1296791,546939,7307,13.71,53.6
FARM_1632,Punjab,Jalandhar,Groundnut,Kharif,8.5,759.2,27.9,78.6,5.6,6.81,74.5,133,59,50,Drip,181,3.2,72,5.75,51.29,15164,577111,777762,200651,7033.9,8.17,48.7
FARM_1633,Tamil Nadu,Coimbatore,Maize,Kharif,11.6,745.2,29.4,81.4,7.8,7.13,57.2,105,55,51,Drip,176,4.1,77,4.76,56.07,17666,618129,990533,372404,6195.4,7.68,55.9
FARM_1634,Telangana,Medak,Soybean,Kharif,6,945.5,31.2,78.1,6.6,6.84,50.8,133,53,47,Tube Well,231,2.6,73,6.4,38.47,17850,449083,686690,237607,6443.3,9.93,41.8
FARM_1635,Tamil Nadu,Coimbatore,Groundnut,Kharif,8.6,754.9,29.9,63.8,6.8,6.28,64.5,129,65,51,Tube Well,137,4.1,74,6.38,59.51,17393,660729,1035057,374328,5843.7,10.92,65.6
FARM_1636,Gujarat,Rajkot,Cotton,Kharif,10.1,881.7,28.1,67.2,7,6.72,43.8,137,66,41,Tube Well,160,4,87,6.76,62.28,16003,745005,996667,251662,5663.4,11.94,52.6
FARM_1637,Madhya Pradesh,Ujjain,Maize,Kharif,5.5,1078.6,29.9,74.6,7,5.99,71.2,101,62,35,Sprinkler,154,3.9,87,5.62,30.15,15725,382484,474109,91625,6247.5,9,59.3
FARM_1638,Gujarat,Vadodara,Cotton,Kharif,9.8,724.4,27.9,62.9,8.1,6.71,50.6,120,52,39,Rainfed,188,3.4,78,5.41,54.01,18690,614047,1009447,395400,6184.4,8.75,55.5
FARM_1639,Uttar Pradesh,Lucknow,Cotton,Kharif,5.6,774,30.1,82.1,7.8,8.24,50.1,137,64,37,Rainfed,190,3.7,80,5.76,34.22,16139,394135,552277,158142,5341.8,10.78,63.5
FARM_1640,Gujarat,Ahmedabad,Soybean,Kharif,7.1,750.3,32.3,67.8,6.6,6.58,56.5,100,53,41,Drip,146,3.7,79,5.22,39.53,16256,395758,642600,246842,6547,7.97,53.9
FARM_1641,Tamil Nadu,Madurai,Rice,Kharif,7.8,792.1,28.2,58.7,7.3,7.39,56.7,144,57,33,Sprinkler,176,3,80,5.81,42.03,14677,402562,616874,214312,6770.8,8.58,54.3
FARM_1642,Uttar Pradesh,Lucknow,Maize,Kharif,11.4,750.2,26.5,67.3,6.9,6.79,47.6,98,31,24,Canal,121,3.7,87,6.03,62.95,16222,735435,1021175,285740,5012.5,12.03,68.5
FARM_1643,Madhya Pradesh,Jabalpur,Groundnut,Kharif,8.3,922.4,30.9,55.1,7.4,7.36,56.5,133,67,40,Drip,191,3.5,76,5.2,44.61,16777,573226,748422,175196,7340.7,7.08,48.9
FARM_1644,Telangana,Rangareddy,Maize,Kharif,11,619.1,29.2,73.5,7.7,6.59,45.4,94,17,37,Canal,177,4.2,85,5.81,68.63,17909,754748,1229095,474347,5274.7,11.01,62.3
FARM_1645,Gujarat,Rajkot,Rice,Kharif,8.1,817,28,75.5,8.9,6.91,50.7,137,54,52,Rainfed,183,4.5,90,6.12,48.87,15874,524844,775762,250918,6803.7,9,57.4
FARM_1646,Madhya Pradesh,Gwalior,Soybean,Kharif,8.3,877.7,32.3,70.3,7.6,6.76,67.8,117,50,34,Rainfed,150,4.1,75,5.53,47.68,17296,552339,824673,272334,6355.2,8.7,56
FARM_1647,Telangana,Warangal,Cotton,Kharif,8.4,1066.9,32.2,64.6,5.8,5.98,60.7,94,46,55,Sprinkler,148,3.8,98,5.38,43.21,16117,469598,696416,226818,5838.2,9.22,53
FARM_1648,Uttar Pradesh,Meerut,Groundnut,Kharif,7.8,929.7,29.8,70.6,7.3,7.23,53.9,105,61,53,Sprinkler,141,3.6,84,5.32,40.77,15631,487261,637276,150015,6570,8.1,53.7
FARM_1649,Punjab,Ludhiana,Cotton,Kharif,10.1,745.2,25.4,49.4,6.6,7.06,67,117,72,70,Sprinkler,146,4.5,74,4.95,52.15,15967,625048,832679,207631,5644.6,8.77,75.1
FARM_1650,Karnataka,Belagavi,Maize,Kharif,8.6,914.1,29.4,89.9,6.6,6.7,53,110,49,46,Tube Well,162,4.7,98,6.72,62.67,16511,644162,1034744,390582,5549.8,12.11,59.8
FARM_1651,Andhra Pradesh,Chittoor,Rice,Kharif,9,912.5,29.7,72.7,5.7,6.94,57.9,81,59,34,Tube Well,227,3.5,90,5.63,51.04,17815,569808,909278,339470,4561.3,12.34,42.7
FARM_1652,Uttar Pradesh,Varanasi,Groundnut,Kharif,10.6,949.9,29.4,77.4,7.1,6.77,56,138,49,49,Drip,232,1.9,87,6.42,67.1,15005,695124,1006835,311711,5802.1,11.06,58.8
FARM_1653,Andhra Pradesh,Krishna,Cotton,Kharif,7.7,732.2,29.2,68.2,5.8,7.08,66.5,143,29,47,Tube Well,185,3.9,93,5.85,47.21,14876,529074,702296,173222,4983,11.74,59.5
FARM_1654,Maharashtra,Solapur,Cotton,Kharif,7.8,1034.2,26.3,71.9,6.1,7.17,55.3,88,58,30,Rainfed,183,2.8,88,4.77,36.26,14687,390203,532551,142348,5900.9,8.08,63.5
FARM_1655,Punjab,Amritsar,Cotton,Kharif,9.4,708.4,31.8,69.6,8.5,6.38,73.1,148,79,57,Drip,170,2.9,86,6.18,59.93,14682,634696,879892,245196,4720.4,13.09,41.6
FARM_1656,Madhya Pradesh,Jabalpur,Maize,Kharif,6.2,917,29,75.1,8.6,7.23,54.4,114,75,34,Canal,174,3.9,83,5.19,30.58,16560,326101,506405,180304,6983.5,7.43,55
FARM_1657,Gujarat,Rajkot,Groundnut,Kharif,6.3,620.5,29.3,64.8,7,7.56,48.2,103,74,72,Tube Well,203,4.9,83,6.43,41.41,15431,458485,638998,180513,5711.8,11.26,56.9
FARM_1658,Gujarat,Junagadh,Maize,Kharif,7.7,861.5,28.8,72,7,6.91,75.1,133,47,37,Canal,190,5.1,83,5.48,44.62,15287,480060,682106,202046,5915.8,9.26,48.8
FARM_1659,Andhra Pradesh,Guntur,Soybean,Kharif,5.1,636,31,82.6,5.2,6.21,74.5,93,63,23,Rainfed,174,3.2,79,6.67,35.91,17522,394651,629215,234564,5777,11.55,55
FARM_1660,Telangana,Warangal,Soybean,Kharif,9.1,858.7,25.8,71.9,8,7,54.7,148,48,45,Sprinkler,151,4.3,87,5.51,49.22,16077,527998,791310,263312,5076.5,10.85,45.9
FARM_1661,Madhya Pradesh,Indore,Maize,Kharif,10.4,931,27.9,74.2,6.6,6.89,46,129,61,59,Canal,213,4.1,83,6.87,73.05,16998,900642,1241704,341062,4934.8,13.92,46
FARM_1662,Madhya Pradesh,Ujjain,Rice,Kharif,7,809.1,30.5,80.6,5.7,7.27,63.1,96,40,43,Drip,136,4.6,83,6.74,48.14,16312,551871,785260,233389,6479.7,10.4,58.1
FARM_1663,Gujarat,Ahmedabad,Maize,Kharif,7.4,681.9,26.5,61.3,8.6,7.05,66.4,99,75,57,Rainfed,186,3.8,84,7.56,61.98,17308,819008,1072750,253742,6394.4,11.82,50.2
FARM_1664,Madhya Pradesh,Gwalior,Groundnut,Kharif,12.8,900.4,28.8,68.3,5.7,7.5,63.4,135,41,35,Canal,185,5.1,80,5.85,72.03,16146,928855,1162996,234141,6401.9,9.14,64.8
FARM_1665,Gujarat,Surat,Cotton,Kharif,8,844.2,30.4,69.8,6.7,6.82,60.4,107,46,49,Tube Well,173,2.8,86,6.15,48.25,15428,521503,744401,222898,4868.4,12.63,53
FARM_1666,Telangana,Sangareddy,Maize,Kharif,6.7,959.4,30,84.6,5,6.21,60.6,132,35,53,Rainfed,227,3.8,83,6.76,48.25,18398,612750,887704,274954,6190.5,10.92,58.4
FARM_1667,Madhya Pradesh,Bhopal,Rice,Kharif,10.8,689,26.1,64.7,5.7,7.05,57.8,114,42,61,Canal,210,3.4,89,6.41,74.89,16287,813198,1219733,406535,7134.2,8.98,66.1
FARM_1668,Karnataka,Mysuru,Cotton,Kharif,5.6,880.3,28.8,71.4,6.9,7.19,58.3,155,32,39,Rainfed,137,3.7,76,6.03,32.76,17183,420322,562915,142593,6530.2,9.23,48.7
FARM_1669,Maharashtra,Nagpur,Maize,Kharif,8.7,922.1,33.2,84.9,6.2,6.77,60.6,111,67,38,Sprinkler,127,3.1,89,5.17,49.99,17008,612999,850230,237231,6067,8.52,53.3
FARM_1670,Tamil Nadu,Salem,Groundnut,Kharif,6.3,695.5,31.6,71.3,6.3,6.77,41.1,132,47,60,Drip,194,3.2,84,5.82,36.5,15823,399555,577540,177985,5914.2,9.84,56.3
FARM_1671,Karnataka,Dharwad,Rice,Kharif,11.1,1007.7,28.4,69.1,5.4,6.33,56.2,93,50,25,Drip,221,3.3,85,6.56,76.12,15456,977266,1176511,199245,8033.7,8.17,58.6
FARM_1672,Andhra Pradesh,Chittoor,Rice,Kharif,8.9,966,26.8,64.7,10,7.13,65.2,93,54,52,Sprinkler,214,2.7,82,6.7,59.29,15881,699643,941584,241941,5438.8,12.32,40.1
FARM_1673,Punjab,Ludhiana,Soybean,Kharif,10.1,801.9,28.3,66.9,6.5,6.24,55.9,83,69,48,Sprinkler,153,3.4,74,5.98,62.43,16706,641514,1042956,401442,6328.1,9.45,49
FARM_1674,Madhya Pradesh,Bhopal,Rice,Kharif,8.8,794.6,28.5,79.7,8.4,7.87,61,131,46,46,Canal,164,4.4,86,5.91,50.53,20097,571206,1015501,444295,5296.6,11.16,60.8
FARM_1675,Andhra Pradesh,Kurnool,Cotton,Kharif,10.4,864.7,28.4,51,7.3,6.54,54.8,104,48,53,Canal,183,3.7,76,5.22,52.37,16074,578032,841795,263763,6739.9,7.74,45.3
FARM_1676,Andhra Pradesh,Chittoor,Soybean,Kharif,7.4,704.2,28.2,70.8,6.8,7.16,54.9,116,65,45,Sprinkler,191,4.3,91,2.35,17.74,17192,196450,304986,108536,7523.2,3.12,48.2
FARM_1677,Haryana,Rohtak,Maize,Kharif,7.9,1072.2,30.5,73.8,7.5,6.9,68.8,147,37,54,Rainfed,148,3.1,73,5.64,42.49,15442,491936,656131,164195,6033.7,9.35,51.2
FARM_1678,Karnataka,Mysuru,Cotton,Kharif,5.4,596.3,35.2,55,7.4,7.69,58.9,120,43,45,Rainfed,174,4.4,86,4.24,23.13,17314,261638,400473,138835,5221.6,8.12,47.8
FARM_1679,Tamil Nadu,Salem,Rice,Kharif,6.5,724.3,27.4,61.5,7.4,7,47.4,122,57,32,Tube Well,231,3.8,84,4.51,31.67,15693,416404,496997,80593,5572.4,8.09,55.2
FARM_1680,Karnataka,Raichur,Cotton,Kharif,9.2,851.3,31.8,63.3,8.2,6.73,63.3,90,64,62,Sprinkler,179,2.9,76,6.21,54.49,17602,575096,959133,384037,4588.3,13.53,47.8
FARM_1681,Maharashtra,Nagpur,Rice,Kharif,7.9,898.4,26.6,77.7,8.3,5.99,54.6,123,65,53,Sprinkler,174,3.4,78,5.1,41.05,16653,502970,683606,180636,6413.8,7.95,39.3
FARM_1682,Tamil Nadu,Madurai,Rice,Kharif,5.9,961.6,27.6,78.8,7.4,6.62,70.5,128,67,51,Rainfed,193,3.1,72,7.16,42.78,15011,503316,642171,138855,4898.5,14.62,67.5
FARM_1683,Uttar Pradesh,Lucknow,Rice,Kharif,7.5,1005.2,29.7,58.8,8.2,6.33,55.1,137,76,45,Drip,199,2.6,84,5.49,38.49,16343,453154,629042,175888,5732.3,9.58,54
FARM_1684,Karnataka,Belagavi,Maize,Kharif,7.8,895.1,25.3,78.4,8.1,6.24,59.2,98,55,57,Tube Well,185,2.7,90,5.35,42.82,15521,531405,664609,133204,5552.4,9.64,58.8
FARM_1685,Punjab,Bathinda,Soybean,Kharif,4.7,770.4,25.4,60.2,7.5,7.26,57.3,121,38,65,Sprinkler,145,3.8,98,6.48,30.1,15730,321969,473473,151504,4769.7,13.59,48.5
FARM_1686,Andhra Pradesh,Chittoor,Maize,Kharif,10.6,1138.2,29.7,70.9,6.6,6.33,58,110,50,39,Rainfed,196,3.1,84,4.38,49.62,16680,544142,827662,283520,5724.3,7.65,50.9
FARM_1687,Uttar Pradesh,Meerut,Maize,Kharif,9.9,852.4,28.4,69.9,6.2,6.5,53.1,132,51,41,Sprinkler,209,4.3,85,5.61,53.82,14869,663784,800250,136466,4296.7,13.06,53.5
FARM_1688,Gujarat,Rajkot,Groundnut,Kharif,6.9,982.4,30,66.1,8.9,5.91,59.5,100,44,37,Rainfed,186,3.7,92,4.89,30.54,15900,362719,485586,122867,5412.5,9.03,39.8
FARM_1689,Uttar Pradesh,Meerut,Rice,Kharif,7.4,985.2,29.8,80.6,7,6.8,67.6,79,71,47,Drip,179,3.9,79,6.56,47.26,18003,567298,850822,283524,6568.7,9.99,59.3
FARM_1690,Haryana,Ambala,Groundnut,Kharif,7.6,729.9,27.6,70.2,4.6,6.67,48.3,108,56,50,Canal,174,3.5,90,6.36,48.27,18700,540712,902649,361937,6657.5,9.55,53.4
FARM_1691,Uttar Pradesh,Kanpur,Maize,Kharif,5.8,722.6,24.8,72.7,6.8,6.5,65,151,38,72,Tube Well,96,3.4,83,5.17,30.52,14372,332751,438633,105882,6009.3,8.6,46.1
FARM_1692,Karnataka,Belagavi,Maize,Kharif,9.8,756.2,31,67.8,8.9,6.12,67.2,97,64,33,Drip,187,4.3,86,5.72,60.9,16497,761621,1004667,243046,6201.1,9.22,57.8
FARM_1693,Telangana,Warangal,Maize,Kharif,7.4,940.6,29.7,60.3,7,6.48,47.9,72,83,57,Canal,212,3.3,87,5.8,45.05,17534,516155,789907,273752,5820,9.97,89.3
FARM_1694,Punjab,Jalandhar,Cotton,Kharif,7.8,754.7,27,68.9,7.4,6.6,67.6,120,49,39,Sprinkler,199,3.2,81,6.24,46.84,15504,574013,726207,152194,5306.8,11.76,52.6
FARM_1695,Telangana,Sangareddy,Soybean,Kharif,8.7,874.6,28.1,71.5,8.2,6.75,58.4,120,60,55,Sprinkler,120,3.9,79,5.14,41.75,16838,469871,702987,233116,7215.9,7.12,56.4
FARM_1696,Uttar Pradesh,Varanasi,Soybean,Kharif,7.7,867.3,28.7,76.9,6.5,6.5,39.1,126,70,38,Sprinkler,181,3.6,85,5.49,44.95,16230,469415,729539,260124,5683.4,9.66,46.8
FARM_1697,Gujarat,Junagadh,Rice,Kharif,10.8,989.9,26.3,77.8,6.1,6.89,64.9,150,27,33,Drip,165,3.8,77,6.05,60.37,15081,776882,910440,133558,4973.4,12.16,54.6
FARM_1698,Tamil Nadu,Madurai,Rice,Kharif,9.3,936.8,30.3,68.3,7.1,6.07,52.3,164,54,48,Canal,190,4.2,83,6.26,55.96,16304,583269,912372,329103,5576.2,11.23,45
FARM_1699,Maharashtra,Pune,Soybean,Kharif,8.6,903.4,32.9,74.2,8.7,6.57,53,161,61,63,Sprinkler,193,3.5,77,7.41,71.65,17672,886440,1266199,379759,7785.7,9.52,51.2
FARM_1700,Uttar Pradesh,Lucknow,Groundnut,Kharif,7.1,978.6,28.9,73.5,6.6,6.63,46.8,113,54,50,Drip,202,4.4,88,6.12,40.75,15449,474893,629547,154654,6213.4,9.85,54.3
FARM_1701,Haryana,Kurukshetra,Maize,Kharif,7.6,1129.2,32.1,77.2,8.7,7.22,61.2,110,49,46,Tube Well,201,3.2,87,6.22,52.31,16027,607944,838372,230428,5132.1,12.12,44.6
FARM_1702,Madhya Pradesh,Jabalpur,Maize,Kharif,8.9,1047.4,26.5,73.7,8.5,6.88,71.6,130,54,63,Tube Well,199,3.7,85,4.64,38.77,15470,475411,599772,124361,7156.1,6.48,49.8
FARM_1703,Andhra Pradesh,Chittoor,Groundnut,Kharif,10.2,1007.9,29.5,76.5,8,7.39,53.1,60,60,43,Drip,140,2.7,89,5.26,56.66,16153,687313,915229,227916,5820.5,9.04,56.9
FARM_1704,Maharashtra,Aurangabad,Rice,Kharif,4.8,848.4,30,57.7,5.9,7.08,73.5,116,41,30,Canal,207,4.3,83,6.09,27.68,15079,284924,417387,132463,6765,9,57.7
FARM_1705,Telangana,Medak,Maize,Kharif,7.2,853.8,28.6,70.6,6.5,6.44,54.5,88,61,52,Canal,217,2.6,85,6.97,53.33,15869,627184,846294,219110,4992.2,13.96,68.4
FARM_1706,Maharashtra,Nagpur,Groundnut,Kharif,8.2,951.2,28.1,68,6.1,7.31,61.2,114,62,53,Drip,163,4.6,73,6.55,55.26,15925,601138,880016,278878,5033.7,13.01,55.5
FARM_1707,Telangana,Warangal,Groundnut,Kharif,6.9,1059.2,28.8,78.2,7.2,6.35,69.1,132,52,39,Canal,216,3.8,90,5.95,40.35,18215,451677,734975,283298,6199.7,9.6,46.2
FARM_1708,Uttar Pradesh,Kanpur,Groundnut,Kharif,9.3,772.9,29.6,78.8,7.9,7.28,43.8,104,57,40,Sprinkler,180,3.6,73,5.35,47.33,15621,503635,739342,235707,6503.3,8.23,52.2
FARM_1709,Tamil Nadu,Thanjavur,Rice,Kharif,10.5,1031.6,25.6,68.3,7,6.4,65.7,132,56,33,Sprinkler,118,4.2,85,5.41,61.18,16746,803153,1024520,221367,6489,8.34,70
FARM_1710,Punjab,Patiala,Groundnut,Kharif,8.3,818.5,30.8,66,8.1,7.28,44.5,105,46,43,Canal,162,2.7,86,5.68,51.43,15173,500852,780347,279495,6145.7,9.24,48.3
FARM_1711,Gujarat,Surat,Soybean,Kharif,7.9,679.1,29.1,67.4,6.6,6.57,71.7,122,45,45,Rainfed,243,3.7,73,4.86,39.68,15826,410292,627976,217684,5458.6,8.9,67.9
FARM_1712,Karnataka,Shimoga,Soybean,Kharif,9.8,1041.5,27.7,63.1,9.2,7.07,57.2,88,74,43,Tube Well,164,3.4,81,5.98,57.72,15884,583428,916824,333396,6452,9.27,50
FARM_1713,Tamil Nadu,Madurai,Groundnut,Kharif,4.1,862.9,28,70.4,7.1,6.94,54.1,111,38,37,Canal,177,3.2,84,5.85,22.67,17368,278627,393733,115106,5781.9,10.12,52.2
FARM_1714,Haryana,Ambala,Soybean,Kharif,10.1,915.6,29.1,63.4,8.3,6.72,56.9,134,70,49,Sprinkler,226,4,82,4.72,49.74,16154,590228,803500,213272,5499.4,8.58,59.7
FARM_1715,Uttar Pradesh,Meerut,Cotton,Kharif,9.2,765.7,30.7,60.1,7.3,6.5,47,120,52,42,Sprinkler,229,4.3,86,5.32,51.53,18053,616555,930271,313716,5011.9,10.61,54.2
FARM_1716,Telangana,Rangareddy,Maize,Kharif,3.7,767.2,30.6,70.1,5,6.78,70.5,99,74,62,Tube Well,187,3.9,79,5.94,22.95,17517,266944,402015,135071,6366.4,9.33,48.8
FARM_1717,Haryana,Rohtak,Groundnut,Kharif,5.9,683.9,25.3,69.3,7.6,6.73,50.3,111,53,48,Rainfed,162,3.9,83,5.81,34.15,17475,429292,596771,167479,6285.9,9.24,60.2
FARM_1718,Punjab,Bathinda,Soybean,Kharif,7.9,707.4,30.7,68.8,6.2,7.44,52.9,94,46,33,Sprinkler,174,4.7,81,6.67,55.64,17190,595076,956452,361376,7324.2,9.11,55.4
FARM_1719,Uttar Pradesh,Meerut,Cotton,Kharif,4.1,946.7,27.2,62.5,4.7,6.79,59.2,140,51,62,Drip,183,4.6,78,6.04,24.04,15512,231495,372908,141413,6802.5,8.88,45.9
FARM_1720,Maharashtra,Solapur,Cotton,Kharif,6.3,770.8,29.8,70.4,7.1,7.06,65.5,120,62,35,Canal,194,3.8,83,5.63,33.13,17243,306281,571261,264980,6044.3,9.31,51.3
FARM_1721,Punjab,Ludhiana,Rice,Kharif,7.2,697.1,30.5,69.8,6.3,6.83,58.7,137,51,49,Tube Well,201,3.6,78,9.85,75.14,15988,959166,1201338,242172,6483,15.19,54.2
FARM_1722,Karnataka,Raichur,Cotton,Kharif,9.1,799.4,26,76.5,8.6,7.18,51.7,114,71,55,Rainfed,177,4.3,73,5.95,54.15,16526,643584,894883,251299,5173.5,11.5,63.3
FARM_1723,Karnataka,Raichur,Cotton,Kharif,6.4,825.9,30.6,83.5,6.4,6.87,72.8,115,65,67,Sprinkler,183,4,96,6.46,40.33,16686,440425,672946,232521,5562.9,11.61,46
FARM_1724,Andhra Pradesh,Krishna,Cotton,Kharif,7,927.9,29.2,63.5,7.6,6.75,52.7,112,54,36,Drip,138,3.7,81,5.26,31.62,15658,342076,495106,153030,6491.5,8.1,58.5
FARM_1725,Tamil Nadu,Thanjavur,Soybean,Kharif,9.3,549.9,26.3,69,5,7.11,55.2,106,43,33,Drip,155,4,73,5.67,52.6,17175,649740,903405,253665,7078,8.01,45.6
FARM_1726,Gujarat,Surat,Cotton,Kharif,9.8,609.1,25.7,83,6.8,6.84,56.8,155,59,58,Tube Well,183,3.7,81,4.92,47.08,18274,545314,860340,315026,6844,7.19,59.4
FARM_1727,Maharashtra,Aurangabad,Groundnut,Kharif,7.4,852.2,28.8,68.7,6.4,7.23,59.4,142,59,48,Sprinkler,167,2.8,85,5.36,38.62,15737,537163,607763,70600,6868,7.8,49.7
FARM_1728,Madhya Pradesh,Bhopal,Cotton,Kharif,8.2,976.3,27.2,70.5,6.4,6.65,45.6,121,60,43,Rainfed,155,4,93,3.96,29.88,16751,333221,500520,167299,5714.5,6.93,55
FARM_1729,Andhra Pradesh,Anantapur,Maize,Kharif,10.7,907.1,27.5,79.7,7.6,7.36,51.7,108,35,53,Rainfed,206,2.9,80,6.08,67.31,17010,736464,1144943,408479,7089.7,8.58,43.9
FARM_1730,Haryana,Kurukshetra,Rice,Kharif,7.9,795,28.9,60.8,6.7,7.34,55,134,48,37,Canal,204,3.9,81,5.6,42.08,16620,464527,699370,234843,5690.3,9.84,46.1
FARM_1731,Madhya Pradesh,Indore,Rice,Kharif,5.6,816.1,21.6,79.7,7.5,6.71,44.6,98,68,57,Rainfed,178,2.8,88,6.35,36.35,16216,429782,589452,159670,6522.3,9.74,49.9
FARM_1732,Madhya Pradesh,Jabalpur,Rice,Kharif,6.8,624,28.2,62,8.1,6.05,69.8,135,64,34,Rainfed,214,3,80,5.04,31.63,16313,367370,515980,148610,6933.9,7.27,36.5
FARM_1733,Andhra Pradesh,Guntur,Rice,Kharif,7.1,940.8,30.2,76.4,7.2,6.99,46.9,131,55,27,Drip,152,3.9,76,6.13,47.05,15428,536035,725887,189852,4562.9,13.43,55.8
FARM_1734,Telangana,Warangal,Groundnut,Kharif,5.6,678.9,29.6,69.8,7.4,6.63,40.9,88,50,56,Rainfed,185,5.1,88,4.28,22.46,16985,240136,381483,141347,5210.9,8.21,50.7
FARM_1735,Uttar Pradesh,Meerut,Groundnut,Kharif,6.7,746.9,30.7,72.9,6.9,6.99,70,104,54,45,Rainfed,194,4,89,6.15,39.02,17188,451345,670676,219331,7106.4,8.65,60.4
FARM_1736,Madhya Pradesh,Bhopal,Soybean,Kharif,9.5,880.6,29.6,66.1,9,6.24,53.2,143,53,45,Tube Well,168,3.7,81,5.73,55.52,15705,670176,871942,201766,6152.3,9.31,47.4
FARM_1737,Uttar Pradesh,Agra,Rice,Kharif,8.7,944.4,30.3,80.2,6.4,6.17,50.5,123,67,30,Tube Well,145,4.4,79,7.37,61.05,15870,664182,968864,304682,6010.1,12.26,53
FARM_1738,Tamil Nadu,Madurai,Groundnut,Kharif,7.9,1246.6,29.5,76.1,7.4,7.58,61.2,137,66,49,Tube Well,140,3.5,79,4.94,36.66,14994,406084,549680,143596,6752.8,7.32,62.7
FARM_1739,Tamil Nadu,Coimbatore,Groundnut,Kharif,8.5,649.6,26.2,59,6.2,7.74,60.4,139,56,54,Tube Well,167,4,81,5.48,49.35,15765,540922,778003,237081,5053.6,10.84,50.3
FARM_1740,Tamil Nadu,Madurai,Groundnut,Kharif,8,822.9,26.1,66.5,8.3,7.21,60.8,106,55,55,Canal,175,4.1,74,5.5,45.86,16630,433354,762652,329298,6410.4,8.58,59.3
FARM_1741,Andhra Pradesh,Guntur,Maize,Kharif,8.5,887,30.4,72.8,8.2,7.03,47.1,150,78,40,Rainfed,175,4.1,77,6.24,55.33,14864,692430,822425,129995,6136.6,10.17,68.5
FARM_1742,Madhya Pradesh,Gwalior,Maize,Kharif,7.4,772.5,25.1,65.6,8.3,6.98,64.4,115,63,57,Tube Well,148,3.2,72,5.12,37.15,15052,448181,559182,111001,6375.4,8.03,57
FARM_1743,Madhya Pradesh,Indore,Groundnut,Kharif,8.1,775.5,31.6,79,6.2,6.82,50.1,146,65,43,Rainfed,125,4.1,92,5.94,42.05,15669,518778,658881,140103,6194.9,9.59,41
FARM_1744,Haryana,Ambala,Soybean,Kharif,8.3,626,31.6,59.2,5.1,6.39,51.6,108,73,55,Drip,196,3.7,74,6.56,56.28,15754,676956,886635,209679,5648.3,11.61,42.5
FARM_1745,Karnataka,Mysuru,Cotton,Kharif,9.2,562.1,27.9,67.3,9,7.28,58.9,155,60,49,Sprinkler,156,4,75,4.34,39.34,17641,428029,693997,265968,6268.9,6.92,48.4
FARM_1746,Maharashtra,Pune,Maize,Kharif,8.6,920,34,67.9,7.7,6.7,35,136,54,47,Canal,157,4.8,91,6.14,48.94,16570,524119,810936,286817,5155.6,11.91,52.3
FARM_1747,Punjab,Amritsar,Soybean,Kharif,8.3,964.2,30.3,64.9,6.3,7.02,46.4,130,58,50,Tube Well,201,4.8,83,5.95,52.77,17189,639116,907064,267948,6681.5,8.91,68.3
FARM_1748,Maharashtra,Aurangabad,Maize,Kharif,5.9,1023.7,29.9,64.9,7.9,6.67,52.1,117,54,58,Rainfed,156,4,90,6.12,36.6,16937,405057,619894,214837,6138.9,9.97,53.1
FARM_1749,Uttar Pradesh,Meerut,Rice,Kharif,6.5,985.7,28.9,65.8,8.3,6.27,45.2,99,37,61,Sprinkler,135,3.2,85,5.29,35.19,13609,450308,478901,28593,7036.6,7.52,51.3
FARM_1750,Karnataka,Raichur,Rice,Kharif,11.2,804.1,25,65.5,6.4,6.35,64.9,134,79,24,Tube Well,146,3.3,84,6.04,67.08,17807,848876,1194494,345618,5406,11.17,52.6
FARM_1751,Punjab,Jalandhar,Cotton,Kharif,4.3,707.5,24.3,64.8,6.8,6.88,72.2,109,36,45,Rainfed,179,4,76,7.32,34.15,17181,449836,586731,136895,6115.2,11.97,55.5
FARM_1752,Punjab,Patiala,Rice,Kharif,5.9,558.7,24.6,71.6,8.7,7.59,66.1,141,60,49,Rainfed,142,3.1,80,6.34,37.03,20627,399203,763818,364615,7536.5,8.41,79.6
FARM_1753,Gujarat,Vadodara,Maize,Kharif,7.2,1020.4,27.3,72.3,6.7,6.72,50.7,147,52,26,Rainfed,244,4.1,83,7.33,54.89,18237,567392,1001029,433637,5295.9,13.84,33.8
FARM_1754,Haryana,Kurukshetra,Rice,Kharif,4.5,967.4,25.9,79.2,8.1,6.77,52.5,118,64,47,Canal,230,4.8,81,4.81,20.52,15607,253470,320256,66786,6139.1,7.84,49.3
FARM_1755,Gujarat,Ahmedabad,Groundnut,Kharif,5.9,565.7,27,73.9,6.1,6.5,49.2,121,37,47,Drip,208,3.9,84,5.22,32.34,15564,363265,503340,140075,6661.2,7.84,52.9
FARM_1756,Maharashtra,Pune,Cotton,Kharif,8.6,572.1,32.1,71.6,5.2,6.81,47.8,103,49,42,Drip,132,3,75,5.22,47.16,16535,569056,779791,210735,7089.1,7.36,70.3
FARM_1757,Gujarat,Ahmedabad,Maize,Kharif,7.5,824.9,27.6,72.7,8,7.03,61.2,125,64,31,Rainfed,182,3.4,93,4.47,33.96,16922,385081,574671,189590,7091,6.3,32.3
FARM_1758,Punjab,Ludhiana,Groundnut,Kharif,8.2,895,27.6,58.5,10.1,6.6,71.8,170,33,54,Drip,133,4.4,80,4.01,32.43,15151,329937,491347,161410,5353,7.49,57.7
FARM_1759,Karnataka,Dharwad,Rice,Kharif,7,756.9,25.4,62.1,5.9,7.19,54.6,91,56,40,Rainfed,167,2.9,70,5.69,40.19,16574,547748,666109,118361,6511.3,8.74,56.8
FARM_1760,Tamil Nadu,Tiruchirappalli,Soybean,Kharif,9.4,829.3,29.5,88.5,6.3,6.68,56.4,127,69,54,Canal,182,4.2,80,6.32,62.6,16837,718080,1053996,335916,5531.9,11.42,58.3
FARM_1761,Telangana,Rangareddy,Groundnut,Kharif,6.9,867.3,28,70.4,7,6.29,62.1,140,42,35,Sprinkler,187,4.4,79,4.42,32.51,16440,421637,534464,112827,5541.1,7.98,58
FARM_1762,Telangana,Sangareddy,Cotton,Kharif,8.3,922.9,29.9,71,6.9,6.11,55.4,90,45,54,Rainfed,193,4.5,76,4.46,33.79,16753,387829,566084,178255,5915.2,7.54,59.5
FARM_1763,Punjab,Bathinda,Groundnut,Kharif,7.1,738.5,31.3,77.2,8,7.38,72.5,114,53,51,Drip,190,3.2,83,5.88,43.74,17348,496551,758802,262251,6217.6,9.46,53.1
FARM_1764,Karnataka,Belagavi,Cotton,Kharif,10.2,853.4,29.3,75.6,6.7,7.39,59.3,132,37,35,Tube Well,165,4.1,68,5.33,54.57,15918,627152,868645,241493,6656.7,8.01,51
FARM_1765,Tamil Nadu,Coimbatore,Soybean,Kharif,6.9,1072.5,27.6,59.3,4.5,6.9,61.4,124,63,44,Tube Well,175,4.1,79,6.61,43.2,17531,486781,757339,270558,7672.7,8.61,69.1
FARM_1766,Andhra Pradesh,Guntur,Maize,Kharif,6.6,789.1,31.7,72.4,8.8,6.84,49.5,105,64,41,Rainfed,216,4.7,74,2.39,14.93,15935,175069,237910,62841,5676.1,4.21,52.1
FARM_1767,Haryana,Hisar,Soybean,Kharif,7.3,941.8,26.8,77.7,9.1,6.95,65,132,55,55,Rainfed,190,4.4,85,5.48,38.87,15206,448162,591057,142895,7341.9,7.46,52
FARM_1768,Telangana,Medak,Groundnut,Kharif,5.4,968.4,30.8,70.6,9,7.24,67.9,116,76,61,Drip,196,3.2,77,4.13,22.25,15669,239853,348635,108782,6666,6.2,56.8
FARM_1769,Maharashtra,Nagpur,Rice,Kharif,12.1,901.7,30,68.5,6.3,6.84,49,116,51,33,Sprinkler,208,2.6,86,4.94,57.02,15534,663063,885749,222686,6685.3,7.39,59.8
FARM_1770,Madhya Pradesh,Ujjain,Soybean,Kharif,8,1008.1,24.4,79.3,8.3,7.33,66.7,113,59,44,Rainfed,184,5.1,86,5.53,47.21,18560,511411,876218,364807,6345.5,8.71,47.6
FARM_1771,Uttar Pradesh,Lucknow,Groundnut,Kharif,7.9,927.9,27.2,79.6,8.6,6.52,74.3,103,41,43,Sprinkler,174,4.3,75,6.01,43.94,14653,539859,643853,103994,6612.6,9.09,50
FARM_1772,Haryana,Ambala,Groundnut,Kharif,6.4,758.3,31.1,82.8,6.1,7.35,53.4,144,74,41,Sprinkler,208,4.8,81,5.6,35.8,15651,451009,560306,109297,5048.4,11.09,35.3
FARM_1773,Tamil Nadu,Tiruchirappalli,Soybean,Kharif,7.3,906.7,26.8,69.1,4,6.49,48,131,55,56,Drip,172,2.8,80,5.66,41.55,16302,492359,677348,184989,5367.3,10.55,57.2
FARM_1774,Punjab,Amritsar,Groundnut,Kharif,7.6,656.2,30.1,54.8,5,6.81,57.1,128,38,41,Canal,206,4.7,82,5.77,45.58,16654,462237,759089,296852,5174.4,11.15,62.2
FARM_1775,Punjab,Jalandhar,Maize,Kharif,7.7,865.9,31,63.6,8.5,7.02,60.6,141,64,45,Canal,231,3.5,89,5.82,43.46,17412,525048,756726,231678,6562.8,8.87,61.2
FARM_1776,Gujarat,Junagadh,Maize,Kharif,10.2,769.6,31.9,60.6,6.8,7.26,47.3,114,61,67,Canal,199,4.2,83,5.34,52.36,17177,625238,899388,274150,5633.4,9.48,49.8
FARM_1777,Haryana,Kurukshetra,Maize,Kharif,8,801.1,27,63,8.2,7.32,69.2,122,55,52,Rainfed,246,4.4,76,6.5,54.96,16006,650252,879690,229438,7925.3,8.2,60.7
FARM_1778,Madhya Pradesh,Bhopal,Maize,Kharif,7.4,786.8,27.4,75,6.1,7.43,62.7,101,37,26,Rainfed,173,4,75,6.02,48.58,17436,638337,847041,208704,6500.7,9.26,47.7
FARM_1779,Madhya Pradesh,Jabalpur,Soybean,Kharif,7.1,949.6,31.5,81.2,7,6.41,49.3,165,63,30,Drip,187,4.3,76,5.02,36.28,15840,346070,574675,228605,5951.9,8.43,78.7
FARM_1780,Andhra Pradesh,Anantapur,Groundnut,Kharif,11.4,601.2,29,77.4,9.2,7.47,55,148,52,59,Canal,211,3,82,6.21,71.98,17250,880492,1241655,361163,7215.8,8.61,52.5
FARM_1781,Telangana,Medak,Groundnut,Kharif,8.2,804.5,28.7,71.7,8.9,7.64,56,102,54,57,Rainfed,165,3.5,85,5.68,46.5,14046,535087,653139,118052,5655.9,10.04,49.9
FARM_1782,Gujarat,Surat,Groundnut,Kharif,4.8,1025,31.5,66.3,8.3,7.13,55.8,124,33,48,Rainfed,216,3.6,81,4.71,23.32,15358,252935,358149,105214,4744.6,9.93,55.2
FARM_1783,Uttar Pradesh,Kanpur,Cotton,Kharif,7.8,828.1,28.5,58.8,5.4,6.64,51.1,152,47,45,Rainfed,218,3.7,82,6.13,44.29,16044,491709,710589,218880,5809.4,10.55,39.3
FARM_1784,Madhya Pradesh,Bhopal,Groundnut,Kharif,8.9,987.9,24.2,70.5,9.4,6.08,51.4,120,54,46,Tube Well,189,4.3,79,5.01,49.09,17192,580578,843955,263377,6129.6,8.17,63.9
FARM_1785,Telangana,Warangal,Groundnut,Kharif,6.1,947.1,27.8,66,8.6,6.65,49.5,118,73,34,Drip,215,3.9,72,6.04,34.71,16534,381111,573895,192784,6194.7,9.75,55.6
FARM_1786,Tamil Nadu,Madurai,Groundnut,Kharif,8.2,833.4,30.7,63.9,7.4,7.51,55,142,45,36,Tube Well,166,3.4,88,5.19,40.51,16944,495203,686401,191198,6292.8,8.25,55.7
FARM_1787,Madhya Pradesh,Indore,Soybean,Kharif,12.4,868.9,26.5,71,7.5,7.65,62.8,103,68,47,Tube Well,169,4.7,75,5.21,70.11,15514,822108,1087687,265579,6498.2,8.02,61.1
FARM_1788,Andhra Pradesh,Anantapur,Rice,Kharif,8.9,635.9,27.8,59.2,6.8,7.23,44.8,111,54,48,Canal,132,3.7,86,5.06,47.61,16555,532550,788184,255634,6473.7,7.82,57.4
FARM_1789,Maharashtra,Aurangabad,Cotton,Kharif,13.8,862.3,25.8,68.3,8.8,6.95,61.3,155,63,52,Drip,157,3.6,72,5.47,77.43,15752,976795,1219677,242882,6801.7,8.04,46.7
FARM_1790,Karnataka,Belagavi,Groundnut,Kharif,7.6,861.1,30.8,61.2,7.6,7.03,62.5,88,60,38,Rainfed,128,5.1,87,6.23,44.52,13611,478935,605962,127027,5776.7,10.78,66.7
FARM_1791,Karnataka,Mysuru,Rice,Kharif,9,727.5,26.3,88.4,7.2,5.5,48.3,180,77,53,Drip,172,4.7,82,5.44,50.51,15242,623886,769873,145987,5305.7,10.25,52.1
FARM_1792,Telangana,Rangareddy,Soybean,Kharif,8.3,770.2,28,71.3,7.9,6.81,61.3,121,59,71,Canal,183,3.3,90,6.37,50.89,17611,599222,896224,297002,4794.1,13.29,45
FARM_1793,Punjab,Jalandhar,Groundnut,Kharif,8.6,814.3,27.2,67.3,6.6,6.8,79.4,91,76,45,Drip,192,4.2,90,6.07,55.92,17439,628371,975189,346818,7272.8,8.35,62.3
FARM_1794,Telangana,Medak,Groundnut,Kharif,8,712.3,29.2,54.8,8.5,6.96,58.5,110,55,26,Sprinkler,225,2.9,84,4.81,39,15836,409365,617604,208239,7922.2,6.07,73.6
FARM_1795,Andhra Pradesh,Guntur,Groundnut,Kharif,10.3,1013.2,27.5,64.6,5.9,6.52,57.5,109,38,28,Sprinkler,213,3,86,4.75,48.34,17949,651365,867655,216290,7301.4,6.51,42.1
FARM_1796,Madhya Pradesh,Gwalior,Cotton,Kharif,10.1,778.1,29.3,71.8,6.2,6.75,61.5,116,68,42,Sprinkler,159,3.5,90,6.09,60.29,17973,684980,1083592,398612,6163,9.88,63.5
FARM_1797,Madhya Pradesh,Jabalpur,Cotton,Kharif,10.7,811.2,27.5,72.6,6.6,7.04,59.7,115,69,52,Canal,159,3.9,74,5.12,55.55,16654,700248,925130,224882,5831.3,8.78,44
FARM_1798,Karnataka,Dharwad,Maize,Kharif,8.9,881.6,25.2,64.6,8.3,6.46,69,136,49,54,Tube Well,221,3.6,72,6.91,62.81,18103,713414,1137049,423635,5161.6,13.39,35.8
FARM_1799,Maharashtra,Pune,Groundnut,Kharif,8.7,651.5,24.3,68,5.8,6.13,59.6,119,61,33,Canal,192,3.3,82,6.97,63.13,16562,739762,1045559,305797,6234.6,11.18,53
FARM_1800,Maharashtra,Nashik,Rice,Kharif,7.6,548.8,27.2,69.8,8.6,6.88,58,153,46,33,Drip,214,3.2,92,6.98,51.42,15068,571660,774797,203137,5866.4,11.9,60.3
FARM_1801,Tamil Nadu,Coimbatore,Maize,Kharif,7.8,1046.1,29.8,82,5.8,6.3,60.6,115,57,43,Tube Well,251,3.1,71,5.6,43.92,16165,510433,709967,199534,6521.4,8.59,62.3
FARM_1802,Andhra Pradesh,Kurnool,Groundnut,Kharif,7.4,891.3,26.4,64.3,7.2,6.23,73.8,151,64,30,Rainfed,180,3.3,73,6.85,49.34,16550,617417,816577,199160,6469.6,10.59,45.8
FARM_1803,Karnataka,Mysuru,Cotton,Kharif,9.4,978.5,25.7,77.8,5.6,5.59,52.2,95,75,62,Canal,280,2.8,80,5.92,55.42,15365,610647,851528,240881,6242,9.48,61.9
FARM_1804,Andhra Pradesh,Chittoor,Rice,Kharif,6.5,816.2,27.3,75.2,5.9,6.58,57.9,140,68,27,Rainfed,166,2.9,80,5.58,35.55,18693,362581,664536,301955,6622,8.43,53.6
FARM_1805,Andhra Pradesh,Guntur,Cotton,Kharif,7.1,804,29.8,75.7,7.4,6.75,49.1,97,63,34,Rainfed,253,3.4,82,5.49,39.67,15842,526696,628452,101756,7158.6,7.67,48.5
FARM_1806,Tamil Nadu,Thanjavur,Groundnut,Kharif,8.5,911.3,29.6,70.5,6.1,6.32,49,122,72,50,Drip,127,3.4,83,5.48,49.04,14520,516582,712061,195479,4888,11.21,49.7
FARM_1807,Punjab,Amritsar,Maize,Kharif,8.4,912.6,24.7,67.3,6.1,6.76,70.7,104,56,57,Tube Well,220,4.4,85,5.39,45.33,16753,503388,759413,256025,6508.7,8.28,50.6
FARM_1808,Uttar Pradesh,Lucknow,Groundnut,Kharif,8.6,756.7,24,80.7,6.3,6.86,77.1,143,77,45,Rainfed,202,4.7,80,5.23,44.49,15172,471383,675002,203619,6330,8.26,48
FARM_1809,Haryana,Kurukshetra,Rice,Kharif,8.4,893,31.7,73.7,6.8,6.19,45.7,118,39,49,Tube Well,163,3.3,76,6.96,61.3,16510,662607,1012063,349456,4213.5,16.52,53.2
FARM_1810,Uttar Pradesh,Meerut,Maize,Kharif,9.8,975.7,24.7,73.1,8,6.8,50.7,139,48,57,Canal,203,3.9,83,5.13,52.53,16709,621145,877724,256579,5763.1,8.9,48.2
FARM_1811,Uttar Pradesh,Agra,Cotton,Kharif,8.3,924,30.2,68.1,7.1,6.21,47,118,63,59,Sprinkler,148,3.3,82,6.51,50.7,17914,563047,908240,345193,5884.8,11.06,62.3
FARM_1812,Uttar Pradesh,Meerut,Groundnut,Kharif,6.9,876.6,33.6,67.5,7.4,6.87,51,104,46,43,Tube Well,174,4.1,82,5.45,38.52,16766,387853,645826,257973,7398.3,7.37,57.8
FARM_1813,Punjab,Ludhiana,Rice,Kharif,9.9,666.6,24.2,77.5,6.8,6.62,49.3,103,61,57,Canal,163,3.5,80,4.93,49.82,17107,639891,852271,212380,5742.7,8.58,48.8
FARM_1814,Karnataka,Shimoga,Rice,Kharif,8.9,894.8,31.1,68.3,8.8,7.09,62.7,83,44,39,Tube Well,210,4,75,6.17,56.16,16791,633318,942983,309665,6662.7,9.26,57.2
FARM_1815,Karnataka,Mysuru,Maize,Kharif,5.1,615.3,27.9,68.6,6.8,7.17,59.7,134,36,55,Tube Well,205,4.5,88,5.49,27.05,16211,309298,438508,129210,6576.2,8.35,42.5
FARM_1816,Madhya Pradesh,Ujjain,Rice,Kharif,8.2,824.2,29.7,80.3,5.7,5.97,50.8,89,54,53,Rainfed,130,3.6,82,6.09,48.29,18099,571785,874001,302216,5672.3,10.74,44.7
FARM_1817,Maharashtra,Pune,Maize,Kharif,10.5,866.4,33.3,72,6.5,7.51,73.4,102,68,46,Sprinkler,185,4.8,82,5.8,63.54,14661,717569,931560,213991,5583.7,10.39,56.1
FARM_1818,Maharashtra,Nashik,Maize,Kharif,10.2,1049,31.9,65.3,5.8,7,64.6,141,45,64,Sprinkler,238,4.5,94,5.39,51.91,16535,605280,858332,253052,6233.6,8.65,54.6
FARM_1819,Uttar Pradesh,Meerut,Soybean,Kharif,8.2,703,27.3,65.3,9.7,7.5,47,157,47,46,Drip,173,3.2,86,5.44,46.92,17851,573446,837569,264123,5336.7,10.19,67.9
FARM_1820,Tamil Nadu,Tiruchirappalli,Soybean,Kharif,8.2,730.6,29.1,66.8,7.9,7.09,41.8,111,64,44,Sprinkler,215,4.2,79,4.94,41.66,14968,472087,623567,151480,5901.4,8.37,50.8
FARM_1821,Karnataka,Belagavi,Soybean,Kharif,12.2,787.5,33.4,64.8,5.2,6.31,60.5,102,67,28,Canal,212,3.2,81,4.6,54.28,14879,602318,807632,205314,6659.6,6.91,71.1
FARM_1822,Punjab,Amritsar,Soybean,Kharif,9.3,1074.3,27.5,78.3,7,6.45,62.4,138,54,48,Canal,170,3.8,85,5.97,55.02,16371,678160,900732,222572,5846.6,10.21,36.3
FARM_1823,Madhya Pradesh,Jabalpur,Maize,Kharif,10.6,883.5,29.1,61,7.5,7.72,64.4,99,40,40,Tube Well,156,4,76,5.18,54.91,18001,630080,988435,358355,6277.6,8.25,56.6
FARM_1824,Uttar Pradesh,Meerut,Cotton,Kharif,9,691.4,31.3,70.7,9,6.07,60.4,114,52,48,Rainfed,161,3.1,82,5.3,46.31,14081,579554,652091,72537,7864.3,6.74,58.1
FARM_1825,Andhra Pradesh,Anantapur,Cotton,Kharif,8.1,764.5,29.4,61.9,9.3,7.65,59,128,65,47,Drip,221,4.5,89,5.97,46.25,13494,527657,624098,96441,7055.1,8.46,63.6
FARM_1826,Telangana,Sangareddy,Soybean,Kharif,8.6,797.2,28.7,68,6.3,6.58,55.9,114,34,37,Drip,150,2.8,82,5.96,51.42,16231,585737,834598,248861,6101.6,9.77,53.6
FARM_1827,Maharashtra,Nagpur,Soybean,Kharif,5.6,733.2,31,69.6,4.6,7.24,58,134,42,41,Tube Well,163,4.2,93,6.89,41.08,17159,433366,704892,271526,7167.1,9.61,64
FARM_1828,Haryana,Kurukshetra,Cotton,Kharif,10,702.2,26.4,79.7,7.5,6.46,51,55,67,41,Tube Well,174,3.9,89,5.68,56.09,16604,611383,931318,319935,6560,8.66,64.2
FARM_1829,Telangana,Nalgonda,Maize,Kharif,9.2,731.5,32.5,67,6,7.11,50.1,93,52,57,Sprinkler,188,4.3,85,6.01,58.91,15427,702883,908805,205922,5341,11.25,60.9
FARM_1830,Haryana,Rohtak,Maize,Kharif,7.3,1136.9,32.3,65,9.1,6.68,55.2,105,57,46,Canal,196,3.6,86,5.72,41.66,15335,460998,638856,177858,5926.5,9.65,56.3
FARM_1831,Telangana,Nalgonda,Cotton,Kharif,5.6,968.6,27.8,57.6,6.9,6.66,62.2,82,51,36,Drip,159,2.7,79,5.66,30.35,17605,379531,534312,154781,5440.7,10.4,58.3
FARM_1832,Telangana,Warangal,Rice,Kharif,7.9,1056.5,25.1,69.5,6.7,6.6,53.6,108,50,37,Rainfed,132,3.2,87,5.41,41.94,14802,592228,620796,28568,5606.1,9.65,47.8
FARM_1833,Andhra Pradesh,Chittoor,Groundnut,Kharif,10.5,738.6,31.1,73.8,7.8,7.44,56,120,68,63,Rainfed,202,2.6,88,5.95,61.38,16998,728727,1043337,314610,5473.1,10.87,71.7
FARM_1834,Tamil Nadu,Salem,Soybean,Kharif,9.6,866.2,28.6,71.9,8.1,7.18,65.7,135,59,48,Drip,212,2.8,86,5.63,54.02,17266,618690,932709,314019,6086.6,9.25,49
FARM_1835,Haryana,Ambala,Groundnut,Kharif,9.7,618.6,28.9,59.5,7.1,6.89,57,101,43,51,Drip,182,3.7,92,4.95,46.14,17844,550517,823322,272805,6011.6,8.23,56.8
FARM_1836,Karnataka,Belagavi,Cotton,Kharif,8.1,959.5,29.3,62.8,6.1,7.43,47.3,141,60,41,Tube Well,192,3.2,77,4.84,40.88,15245,423520,623216,199696,7213.5,6.71,65.4
FARM_1837,Andhra Pradesh,Guntur,Groundnut,Kharif,8.8,1086.1,25.6,65.7,5.6,6.58,51.5,95,62,25,Sprinkler,183,4.9,82,6.39,53.8,17220,532179,926436,394257,6442,9.92,50.3
FARM_1838,Andhra Pradesh,Kurnool,Rice,Kharif,8.8,733.4,30.4,73.4,8.2,6.24,64.1,162,69,59,Tube Well,188,3.9,85,5.4,47.7,15934,490322,760052,269730,6228.8,8.67,48.5
FARM_1839,Karnataka,Shimoga,Cotton,Kharif,5.5,1014,28.7,74.7,7.2,6.73,55.5,133,48,45,Rainfed,169,4.5,85,5.68,32.62,16349,356250,533304,177054,6412,8.86,44.3
FARM_1840,Punjab,Bathinda,Rice,Kharif,8.5,918.6,32.9,80.7,8.5,7.02,69.9,119,80,47,Rainfed,216,4.1,79,4.35,35.51,14916,416780,529667,112887,5302.7,8.2,53.3
FARM_1841,Gujarat,Junagadh,Soybean,Kharif,6.1,957.1,28,79.5,7.7,6.4,61.2,149,59,42,Drip,178,3.8,78,4.22,24.96,14421,315000,359948,44948,7445.3,5.67,59.4
FARM_1842,Madhya Pradesh,Bhopal,Soybean,Kharif,11,910.7,28.3,72.7,7.2,6.84,61.9,142,29,38,Rainfed,209,4,84,4.53,50.35,15720,520022,791502,271480,6357.1,7.13,52.2
FARM_1843,Telangana,Rangareddy,Soybean,Kharif,7.1,883,26.7,60.9,6.8,6.58,60.2,142,33,30,Drip,187,3.1,89,4.74,36,17215,388874,619740,230866,6282.8,7.54,71.1
FARM_1844,Gujarat,Ahmedabad,Cotton,Kharif,9.8,827,34.9,73.9,8,6.16,85,142,55,51,Tube Well,93,2.7,88,5.81,57.59,16245,705682,935550,229868,6179.4,9.4,43.7
FARM_1845,Karnataka,Dharwad,Cotton,Kharif,12,1169.9,28.2,69.8,6.5,7.54,57.5,76,60,43,Sprinkler,160,3.8,86,5.46,63.77,15951,677112,1017195,340083,4261,12.81,47.3
FARM_1846,Karnataka,Dharwad,Maize,Kharif,5,848.1,24.5,71,7.7,6.88,43.1,120,66,44,Canal,208,3.9,70,5.14,25.37,16379,284779,415535,130756,6484.6,7.93,56.1
FARM_1847,Andhra Pradesh,Kurnool,Maize,Kharif,4.1,798.8,26.4,60.1,6.1,7.09,63.6,122,62,59,Sprinkler,199,3.1,79,4.79,19.74,16264,222484,321051,98567,7265,6.59,68.1
FARM_1848,Andhra Pradesh,Chittoor,Soybean,Kharif,8.1,841.3,30.4,71.9,5.9,6.59,64.3,110,50,57,Sprinkler,89,3.9,80,5.69,46.06,16594,518557,764320,245763,7615.3,7.47,60.3
FARM_1849,Andhra Pradesh,Chittoor,Groundnut,Kharif,10.2,917.4,27.6,72.4,7,7.73,63.1,101,63,29,Drip,203,3.5,84,5.82,53.11,17933,601702,952422,350720,4718.3,12.33,73.4
FARM_1850,Madhya Pradesh,Indore,Maize,Kharif,8.3,973.4,26.7,77.8,9.4,6.73,44.4,118,58,48,Tube Well,194,4.3,89,6.24,51.79,14385,610150,744999,134849,6217.3,10.04,47.2
FARM_1851,Haryana,Ambala,Cotton,Kharif,5.7,882.6,28.8,74.9,4,6.48,45.5,98,57,63,Tube Well,157,3.6,82,5.5,31.31,15848,349803,496201,146398,5900.4,9.32,57
FARM_1852,Haryana,Kurukshetra,Soybean,Kharif,6.7,887.8,25.1,70.1,7.4,6.87,53.7,97,39,42,Sprinkler,197,4.2,82,5.26,33.74,18445,365794,622334,256540,5199.6,10.12,60.4
FARM_1853,Madhya Pradesh,Bhopal,Rice,Kharif,9.3,773.6,24.6,66,6.6,7.44,39.4,126,37,50,Sprinkler,143,3,75,6.21,57.38,15021,593183,861905,268722,6565.1,9.46,49.7
FARM_1854,Karnataka,Belagavi,Cotton,Kharif,4.4,986.8,30.3,80.2,7.5,6.54,67.2,105,55,55,Drip,187,3.7,82,5.91,29.37,14767,332806,433707,100901,5539.1,10.67,38.6
FARM_1855,Telangana,Rangareddy,Soybean,Kharif,10.4,822.5,31.9,70.4,6.5,6.64,52.2,104,65,54,Tube Well,177,3.9,93,6.25,66.69,16357,757066,1090848,333782,6474.9,9.65,67.6
FARM_1856,Telangana,Nalgonda,Soybean,Kharif,7.5,569.1,30.7,70.9,8.6,7.03,57.8,111,59,46,Rainfed,175,3.8,76,2.53,20.1,16851,213868,338705,124837,5996.5,4.22,58.2
FARM_1857,Uttar Pradesh,Agra,Maize,Kharif,8.7,995.3,27.6,58,8,6.8,59.7,143,67,41,Canal,153,4.1,75,5.57,47.04,14873,523442,699626,176184,6068.1,9.18,53.5
FARM_1858,Haryana,Karnal,Groundnut,Kharif,7.6,853.5,28.1,76.2,6.8,7.09,66.6,125,59,44,Canal,200,4,75,6.12,47.17,18012,540916,849626,308710,7271.1,8.42,58.3
FARM_1859,Uttar Pradesh,Varanasi,Rice,Kharif,10.7,749.1,28.3,69,6.9,7.59,71.9,122,53,48,Sprinkler,185,3.3,82,6.18,67.59,16407,722009,1108949,386940,7022.7,8.8,59.1
FARM_1860,Tamil Nadu,Tiruchirappalli,Groundnut,Kharif,7.3,674.3,24.6,74.3,7.7,6.73,41,156,50,44,Sprinkler,214,3.6,78,5.07,33.87,17567,397288,594994,197706,5833,8.69,37.2
FARM_1861,Telangana,Medak,Cotton,Kharif,10,997.5,27.5,72.6,8.5,6.78,68.6,112,78,60,Sprinkler,172,5.1,86,6.01,68.04,19536,785789,1329229,543440,6277.6,9.57,54
FARM_1862,Punjab,Patiala,Cotton,Kharif,7.5,651.5,25.2,69.4,8.4,6.91,58.8,128,39,49,Canal,162,4,86,4.95,37.3,15746,419928,587326,167398,7620.5,6.5,61.6
FARM_1863,Madhya Pradesh,Jabalpur,Cotton,Kharif,8.5,1101.6,24.6,67.6,7.4,7.19,51.8,109,56,15,Rainfed,189,3.6,75,4.83,43.78,18060,479389,790667,311278,7079.8,6.82,59.3
FARM_1864,Karnataka,Raichur,Maize,Kharif,8.8,1182.2,23.9,76.4,5,5.73,60.1,142,46,35,Tube Well,186,3.6,81,3.83,31.18,14810,309247,461776,152529,6394.1,5.99,42.4
FARM_1865,Andhra Pradesh,Chittoor,Groundnut,Kharif,11.2,791.3,25.2,92.5,7.1,6.99,68.1,124,73,37,Sprinkler,159,2.5,84,6.4,66.54,16159,750619,1075220,324601,3857.9,16.59,53.1
FARM_1866,Andhra Pradesh,Anantapur,Maize,Kharif,7.7,1055.6,26.9,76.8,7,7.42,59.7,101,43,47,Drip,209,2.9,76,4.16,34.85,14855,402651,517697,115046,5829.1,7.14,47.8
FARM_1867,Karnataka,Belagavi,Groundnut,Kharif,6,994.2,31.1,78.2,6.4,5.96,45.8,76,45,49,Canal,216,3.8,85,4.7,30.48,16793,391460,511851,120391,6787,6.93,58.9
FARM_1868,Uttar Pradesh,Lucknow,Cotton,Kharif,5.5,668.7,26.3,79.6,8.5,7.32,56,147,60,46,Sprinkler,221,3.1,86,7.44,39.98,17435,470918,697051,226133,6663.5,11.17,51.9
FARM_1869,Uttar Pradesh,Varanasi,Groundnut,Kharif,8.3,880.6,23.1,55.4,6.6,7.15,64.2,134,40,49,Drip,125,3.7,85,6.12,52.87,18441,660527,974976,314449,6310.8,9.7,56.9
FARM_1870,Karnataka,Belagavi,Groundnut,Kharif,11.2,786.2,26.6,70.6,7.1,6.7,51.8,102,46,34,Tube Well,182,4,82,6.59,70.65,17298,681306,1222104,540798,6272.5,10.51,48.3
FARM_1871,Telangana,Nalgonda,Soybean,Kharif,7.6,1165.4,26.8,57.9,7.2,6.75,64.3,135,68,59,Sprinkler,183,3.4,74,6.26,44.08,16361,525922,721193,195271,5563.2,11.25,47.1
FARM_1872,Andhra Pradesh,Guntur,Cotton,Kharif,8.3,734.4,28.3,82.5,7.8,7.12,53.8,154,59,31,Drip,193,3.9,91,4.58,35.81,17278,402788,618725,215937,5978.5,7.66,49.5
FARM_1873,Madhya Pradesh,Indore,Rice,Kharif,9.4,438.9,27.1,61.9,6.4,7.18,50.9,184,56,39,Tube Well,171,2.8,84,5.76,54.59,15981,741552,872403,130851,6382.4,9.02,46.1
FARM_1874,Punjab,Patiala,Groundnut,Kharif,5.9,807.9,30.9,64.3,7.2,6.93,50.7,131,59,38,Canal,215,2.8,75,5.27,27.88,16082,299942,448366,148424,5455.6,9.66,41.5
FARM_1875,Haryana,Ambala,Cotton,Kharif,11.1,756.9,30,70.6,6.9,6.59,47.5,148,43,48,Canal,201,3.8,72,5.68,57.17,18211,575939,1041123,465184,6925.2,8.2,53.2
FARM_1876,Karnataka,Shimoga,Maize,Kharif,5.4,710.1,25.8,68.9,6.1,6.72,63.9,114,62,32,Tube Well,137,4.7,84,4.98,26.4,16180,292593,427152,134559,5369.6,9.27,59.3
FARM_1877,Karnataka,Raichur,Cotton,Kharif,8.1,673.3,30.1,64.5,7.1,6.18,66,108,43,66,Drip,182,4.2,93,6.22,52.72,15508,636934,817582,180648,7333.9,8.48,53.5
FARM_1878,Tamil Nadu,Tiruchirappalli,Maize,Kharif,6.3,782.2,23.4,78.1,7.5,6.71,41.4,121,44,52,Tube Well,195,4.3,82,5.24,36.45,17733,434596,646368,211772,5988.4,8.75,51.9
FARM_1879,Haryana,Karnal,Soybean,Kharif,3.6,892.2,30,72.9,7.4,6.68,74.9,127,45,22,Drip,129,4.4,90,6.24,23.05,14677,236767,338305,101538,6865.1,9.09,71.6
FARM_1880,Tamil Nadu,Tiruchirappalli,Groundnut,Kharif,10.1,980.9,27.6,62.1,6.5,6.34,57.3,115,55,45,Sprinkler,157,3.9,79,5.39,60.72,15811,628118,960044,331926,5525.4,9.75,44.3
FARM_1881,Haryana,Karnal,Maize,Kharif,5,845,27.9,68.5,6.5,6.15,40.8,105,41,50,Tube Well,194,4.1,84,4.89,24.12,15969,316398,385172,68774,5862.2,8.34,50.6
FARM_1882,Punjab,Amritsar,Rice,Kharif,7.2,749.7,28.3,72.9,4.9,7.74,47.5,109,68,39,Canal,188,3,83,4.56,32.28,16109,384714,519999,135285,5864.3,7.78,52.5
FARM_1883,Haryana,Kurukshetra,Rice,Kharif,6.9,511.9,31.9,73.8,7.1,7.18,79.9,113,60,58,Canal,107,4.5,81,6.42,46.85,16831,494837,788532,293695,6116.1,10.5,61.9
FARM_1884,Karnataka,Belagavi,Cotton,Kharif,6.4,821.3,29.3,78.4,6.3,7.38,55.2,110,49,41,Sprinkler,196,3.9,74,5.46,35.41,15743,365006,557460,192454,6164.7,8.86,58.9
FARM_1885,Tamil Nadu,Coimbatore,Maize,Kharif,8.5,856.7,25.2,61.7,6.6,7.72,45.8,134,43,38,Drip,184,4.3,82,3.84,33.31,17129,347510,570567,223057,6226.8,6.17,52.8
FARM_1886,Karnataka,Belagavi,Maize,Kharif,10.5,852.9,27.8,67.2,7.6,7,74.6,113,46,38,Sprinkler,121,3.2,75,5.78,59.3,15655,671546,928342,256796,6274,9.21,59.5
FARM_1887,Tamil Nadu,Thanjavur,Soybean,Kharif,7.7,943.8,26.1,71.1,8.1,6.74,40.9,82,56,55,Drip,210,3.8,84,4.56,34.67,17734,384056,614838,230782,6847.3,6.66,48.7
FARM_1888,Madhya Pradesh,Indore,Groundnut,Kharif,3.5,870.4,26.7,64.6,6.6,7.36,45.1,141,66,40,Tube Well,164,4.9,74,5.36,18.39,17206,205273,316418,111145,5209.3,10.29,61.9
FARM_1889,Haryana,Karnal,Maize,Kharif,6.3,970.9,21.7,70.1,7.8,7.21,59.9,136,34,38,Sprinkler,157,4.1,73,5.71,38.12,14262,473660,543667,70007,6754.6,8.45,53.3
FARM_1890,Telangana,Rangareddy,Maize,Kharif,11.4,938.8,25.6,77.4,6.5,7.45,57.5,124,49,42,Drip,135,4.2,76,5.16,54.98,15686,602880,862416,259536,5829.7,8.85,51.8
FARM_1891,Karnataka,Mysuru,Rice,Kharif,11.7,604.2,24.5,72.8,7.6,6.98,59.3,91,41,54,Canal,182,3.1,79,5.75,63.86,17236,776037,1100691,324654,6697.9,8.58,57.3
FARM_1892,Tamil Nadu,Madurai,Maize,Kharif,7.6,788,23.8,69.3,8.2,6.84,60.2,104,44,42,Canal,200,4.9,86,5.55,44.05,15755,453810,694008,240198,6123,9.06,55.5
FARM_1893,Haryana,Karnal,Soybean,Kharif,7.9,805.3,23,80.2,7.9,8.09,55.9,127,32,54,Tube Well,164,3.5,81,6.76,50.68,14715,473093,745756,272663,6408.8,10.55,60.2
FARM_1894,Andhra Pradesh,Guntur,Soybean,Kharif,8.4,994.1,26.2,64.7,7.1,5.99,64.5,130,49,29,Rainfed,242,3.9,70,5.68,44.7,16550,539243,739785,200542,6362.9,8.93,66
FARM_1895,Punjab,Bathinda,Cotton,Kharif,6.2,693.9,31,77.9,8.2,6.54,48.4,94,51,49,Rainfed,191,4.1,78,5.32,34.14,16082,410002,549039,139037,6433.6,8.27,58.8
FARM_1896,Telangana,Medak,Soybean,Kharif,8.1,946.5,25.3,69.2,6.2,6.1,54.7,138,53,41,Canal,142,4.2,76,6.61,53.27,14951,638602,796440,157838,6612.4,10,55.1
FARM_1897,Haryana,Hisar,Groundnut,Kharif,7.2,683.5,32.1,73.6,6.1,6.36,63.2,136,38,42,Canal,168,4.1,78,5.99,42.32,14984,488145,634123,145978,5585,10.73,66.5
FARM_1898,Madhya Pradesh,Gwalior,Cotton,Kharif,9.2,1115.3,24,68.8,7.4,7.22,47.2,165,51,35,Canal,167,2.5,81,6.33,52.84,16338,623151,863300,240149,5892.1,10.74,52.1
FARM_1899,Haryana,Ambala,Maize,Kharif,8.2,740.5,30,66,8,6.54,65.2,132,49,43,Sprinkler,150,4.6,82,5.23,41.2,17687,476444,728704,252260,6281.1,8.33,56.3
FARM_1900,Punjab,Jalandhar,Maize,Kharif,8.6,893,29.6,86.8,7.1,7.14,55.5,131,61,52,Rainfed,219,3.4,77,6.07,56.42,15777,569450,890138,320688,6095.9,9.96,60.8
FARM_1901,Andhra Pradesh,Guntur,Maize,Kharif,7,795.5,29.4,72.9,7,6.71,60.1,123,57,45,Drip,174,3.7,90,9.23,69.23,16113,914618,1115503,200885,5697.5,16.2,55.6
FARM_1902,Madhya Pradesh,Jabalpur,Cotton,Kharif,7.2,685.4,28.8,66.9,4.5,6.56,49.6,125,53,47,Canal,200,3.7,84,5.38,36.89,16203,419918,597729,177811,6385.8,8.42,64.5
FARM_1903,Karnataka,Raichur,Rice,Kharif,7,575,26.1,63.7,7.3,7.03,65,113,51,51,Rainfed,208,3.5,87,3.79,26.01,17079,305199,444225,139026,6021.3,6.29,49.1
FARM_1904,Madhya Pradesh,Jabalpur,Maize,Kharif,11.3,886.1,32.9,84.5,5.9,6.56,69.6,95,62,54,Tube Well,149,3.9,81,5.24,54.36,14768,600781,802788,202007,6088.5,8.61,51.1
FARM_1905,Maharashtra,Pune,Soybean,Kharif,9,823.2,26.5,71,7.8,7.17,54.1,151,44,52,Canal,137,3.7,90,5.64,50.01,13560,555113,678136,123023,6440.5,8.76,60.6
FARM_1906,Gujarat,Ahmedabad,Maize,Kharif,11.9,772,29.5,76.9,7.6,7.16,50.3,84,59,41,Sprinkler,182,4.5,76,5.71,63.04,18431,699756,1161890,462134,6036.6,9.46,52.4
FARM_1907,Haryana,Ambala,Soybean,Kharif,7.3,727.9,25.1,70,6.6,6.33,63.8,126,49,40,Tube Well,143,4,75,4.88,38.06,17129,433188,651930,218742,6347.3,7.69,52.6
FARM_1908,Madhya Pradesh,Ujjain,Groundnut,Kharif,10.4,803.2,23.5,80.9,7.9,6.32,54.3,83,53,37,Drip,162,4.4,81,6.27,66,17063,766398,1126158,359760,6247.2,10.04,50.9
FARM_1909,Telangana,Nalgonda,Maize,Kharif,6.8,802.9,29.5,74.7,7.6,6.29,50.2,142,45,62,Rainfed,149,3.5,79,4.79,30.51,18099,334718,552200,217482,7607.9,6.3,51.5
FARM_1910,Maharashtra,Nashik,Rice,Kharif,6.5,717.7,25.2,73.9,6,7.1,66.1,127,39,33,Sprinkler,178,3.2,71,6.04,40.05,16091,458698,644445,185747,7063.8,8.55,47.6
FARM_1911,Haryana,Kurukshetra,Groundnut,Kharif,8.5,522.6,27.4,75.5,6.5,7.12,52.8,102,43,40,Rainfed,194,3.2,78,7.03,61.13,17244,741702,1054126,312424,5056.1,13.9,58.4
FARM_1912,Maharashtra,Aurangabad,Rice,Kharif,6.7,824.5,24.8,79.7,6.4,6.62,64.2,77,69,58,Canal,209,4.3,80,6.25,39.76,13506,453943,536999,83056,6546.6,9.55,53.5
FARM_1913,Maharashtra,Solapur,Soybean,Kharif,9.6,901.3,27.3,67.1,7.5,6.32,47.9,85,45,38,Rainfed,143,4.4,78,5.34,56.19,17003,651668,955399,303731,6634.2,8.05,52.6
FARM_1914,Telangana,Medak,Rice,Kharif,9.9,1057.5,29,74.4,7,6.65,61.8,124,63,57,Canal,198,3.5,71,6.39,60.38,17308,751442,1045057,293615,6747.3,9.47,38.7
FARM_1915,Andhra Pradesh,Chittoor,Cotton,Kharif,6.5,705.1,29.1,56.5,7.9,6.98,62.4,140,75,43,Tube Well,197,4.3,87,6.24,36.68,17200,390750,630896,240146,6273,9.95,48.7
FARM_1916,Punjab,Amritsar,Rice,Kharif,6.8,694.1,26.5,81.9,7.6,6.95,58.2,114,53,55,Canal,216,3.8,78,5.81,36.81,16532,402024,608543,206519,6380.6,9.11,57.6
FARM_1917,Maharashtra,Nagpur,Cotton,Kharif,6.9,839.1,29.3,78.8,6.7,6.78,55.4,106,55,62,Tube Well,138,2.7,76,6.91,48.78,17015,558345,829992,271647,6313.2,10.95,50.6
FARM_1918,Gujarat,Vadodara,Maize,Kharif,8.2,824,25.6,62.3,8.9,6.62,52.7,111,70,41,Drip,185,3.9,79,4.39,38.33,16797,418118,643829,225711,6260.4,7.01,67.6
FARM_1919,Punjab,Ludhiana,Rice,Kharif,9.3,952.8,29.4,68.6,6.3,6.31,54.9,138,48,36,Drip,167,3.6,88,5.58,49.79,17798,556116,886162,330046,5556.2,10.04,62.8
FARM_1920,Gujarat,Surat,Cotton,Kharif,11.1,774.3,25.1,70.5,5.7,6.95,51.6,141,67,29,Tube Well,154,3.3,76,5.95,69.1,14402,647262,995178,347916,4363.3,13.64,50.8
FARM_1921,Haryana,Ambala,Rice,Kharif,5.2,1131.9,28.5,67.5,7.6,6.89,60.6,108,50,27,Drip,184,4.3,79,6.79,38.28,18403,390796,704467,313671,6489.8,10.46,62.3
FARM_1922,Uttar Pradesh,Kanpur,Groundnut,Kharif,7.9,655.1,28.2,67.5,7.8,6.41,69.8,96,65,76,Tube Well,225,4.5,83,5.24,43.07,15497,476081,667456,191375,5575.3,9.4,50.2
FARM_1923,Telangana,Sangareddy,Groundnut,Kharif,7.7,833.4,28,63.5,8.8,6.57,46.5,110,59,27,Tube Well,212,3,89,5.03,36.58,16128,393031,589962,196931,6136.6,8.2,48.9
FARM_1924,Telangana,Nalgonda,Rice,Kharif,9.4,943.4,28.7,57.6,7.5,6.64,39.8,137,67,46,Tube Well,215,4.3,87,5.44,54.23,18467,662291,1001465,339174,4849.5,11.22,74.4
FARM_1925,Andhra Pradesh,Guntur,Cotton,Kharif,7.2,920,30.7,68.2,6.5,6.37,47.5,100,55,34,Drip,185,3.1,87,5.2,38.58,17216,506173,664193,158020,5452.2,9.54,53.1
FARM_1926,Telangana,Sangareddy,Soybean,Kharif,8.1,819,30.7,70.8,6.4,5.87,80.9,127,53,44,Tube Well,163,3.2,76,6.48,49.35,16284,633100,803615,170515,5780.8,11.21,58.4
FARM_1927,Telangana,Medak,Maize,Kharif,7.2,853.7,32.4,62.3,7.5,6.2,57.4,88,57,44,Rainfed,152,3.9,80,5.66,38.16,15868,480798,605523,124725,5930.8,9.54,62.3
FARM_1928,Uttar Pradesh,Agra,Soybean,Kharif,10.1,746.6,31.6,77.4,7.7,7.34,38.8,101,37,49,Drip,166,3.8,73,5.82,55.61,17361,619662,965445,345783,6186.1,9.41,64.1
FARM_1929,Telangana,Warangal,Maize,Kharif,6.2,802.8,27.4,57.6,8,6.38,57.2,127,44,42,Sprinkler,226,4.3,82,4.92,31.02,16860,400916,522997,122081,6384.5,7.71,65.2
FARM_1930,Punjab,Amritsar,Rice,Kharif,7.3,937.9,26.9,68.1,6.6,7.19,48.5,130,50,55,Rainfed,159,4.4,81,6.81,50.74,17094,616002,867350,251348,5717.1,11.91,46.6
FARM_1931,Andhra Pradesh,Chittoor,Maize,Kharif,8.4,919.6,26.7,72.4,8.3,6.12,46,97,78,51,Drip,210,3.2,84,5.84,52.8,16529,563712,872731,309019,5758.6,10.14,54.3
FARM_1932,Tamil Nadu,Madurai,Groundnut,Kharif,6.7,746.4,25.7,87.5,8.2,6.44,49.2,100,53,46,Sprinkler,133,4.3,74,5.82,38.32,17457,379583,668952,289369,5042.1,11.54,51
FARM_1933,Andhra Pradesh,Krishna,Rice,Kharif,9.3,798.6,29,62.1,7,5.9,62.7,126,59,43,Canal,179,4.2,76,5.07,45.95,16698,539011,767273,228262,6813.9,7.44,49.2
FARM_1934,Uttar Pradesh,Agra,Groundnut,Kharif,11.9,999.2,31.1,78.4,7,6.38,62.8,152,56,42,Drip,176,3.6,79,6.34,80.24,16467,793017,1321312,528295,7590.5,8.35,60.2
FARM_1935,Gujarat,Vadodara,Soybean,Kharif,8.6,813.8,27.8,72.8,7.3,6.78,50.2,153,27,74,Drip,119,2.9,85,6.41,59.07,15572,673941,919838,245897,7020.6,9.13,55.1
FARM_1936,Telangana,Medak,Rice,Kharif,8.2,723.5,27.2,74.5,7.3,6.67,49.9,123,42,49,Sprinkler,130,3.2,74,6.79,57.56,19219,767695,1106246,338551,7587.2,8.95,75.1
FARM_1937,Uttar Pradesh,Agra,Maize,Kharif,10.1,1047.3,28.3,66.9,9.3,6.91,46.4,143,67,44,Tube Well,139,3.1,78,5.39,52.17,18039,622937,941095,318158,5968.9,9.03,42.8
FARM_1938,Karnataka,Belagavi,Groundnut,Kharif,9.9,991.2,28.1,75.2,6.3,7.16,56,136,61,33,Tube Well,173,3.5,71,6.18,60.27,16537,760219,996685,236466,6725.7,9.19,52.7
FARM_1939,Haryana,Rohtak,Rice,Kharif,8.6,869.3,34.6,75.3,7.9,6.71,56.1,98,66,28,Sprinkler,155,3.4,90,6.14,54.74,18164,710343,994297,283954,6500.4,9.45,52.9
FARM_1940,Madhya Pradesh,Indore,Maize,Kharif,8.1,807,31.1,67.2,5.7,6.06,66,109,47,38,Drip,98,3.8,76,6.84,56.53,15250,631562,862083,230521,5543.3,12.34,67.7
FARM_1941,Tamil Nadu,Madurai,Soybean,Kharif,5.8,1035.1,30.5,55.4,6.1,6.94,50.3,110,41,56,Canal,142,3.4,81,6.4,39.82,18732,457374,745908,288534,6416.1,9.97,69.2
FARM_1942,Andhra Pradesh,Anantapur,Soybean,Kharif,10.2,1057.1,25,72.4,7.9,6.55,51.7,147,74,36,Tube Well,190,3.8,84,4.12,36.41,16128,431496,587220,155724,5779.8,7.13,66.3
FARM_1943,Madhya Pradesh,Jabalpur,Cotton,Kharif,9.3,670.8,31.8,72.1,8.6,6.94,69.6,152,43,54,Drip,166,4.2,98,5.92,54.77,16412,558250,898885,340635,5515.2,10.73,60
FARM_1944,Haryana,Hisar,Groundnut,Kharif,4.4,689.1,29.2,74.3,7.7,6.41,50.9,125,45,33,Rainfed,202,4.1,78,5.66,25.15,17107,313125,430241,117116,5938.9,9.53,57.1
FARM_1945,Madhya Pradesh,Ujjain,Soybean,Kharif,6.9,871.6,27.9,68.8,7.3,6.59,64.5,163,86,42,Tube Well,248,4,82,6.23,40.96,18029,537258,738468,201210,5292.5,11.77,54.8
FARM_1946,Karnataka,Mysuru,Groundnut,Kharif,9.6,923.5,29.1,74.6,5.9,6.67,54.5,181,80,59,Canal,217,2.7,95,2.21,22.34,18125,276904,404913,128009,5012.1,4.41,45.3
FARM_1947,Gujarat,Rajkot,Cotton,Kharif,8.3,763.1,29.6,69,7.8,7.56,55.1,112,53,67,Rainfed,186,3.7,75,4.31,32.18,16857,352645,542458,189813,5547,7.77,53.2
FARM_1948,Haryana,Rohtak,Soybean,Kharif,7.1,745.5,25.8,52.7,6.4,7.54,60.7,134,61,25,Rainfed,243,3.1,92,5.56,41.33,16171,470113,668347,198234,7204.1,7.72,55.2
FARM_1949,Tamil Nadu,Salem,Maize,Kharif,9.3,753.1,31.3,75.6,8.1,7,60.5,144,40,30,Tube Well,214,3.7,79,4.85,45.13,17278,526169,779756,253587,6827.4,7.1,48.1
FARM_1950,Gujarat,Vadodara,Rice,Kharif,6.4,675.1,30,62.8,6.9,6.62,58.3,88,47,52,Drip,197,3.1,80,6.55,38.12,14547,382589,554532,171943,4494.5,14.57,54.8
FARM_1951,Karnataka,Raichur,Maize,Kharif,9,807.4,28.9,68.5,6.8,6.19,59.8,80,46,53,Rainfed,207,4.3,83,5.75,46.63,15924,538648,742536,203888,6470.4,8.89,58.7
FARM_1952,Gujarat,Vadodara,Rice,Kharif,4.8,835.2,27.1,70,6.5,6.65,71.4,148,66,42,Tube Well,216,4.1,80,5.4,24.25,15834,235914,383975,148061,6620.8,8.16,61.7
FARM_1953,Gujarat,Surat,Rice,Kharif,9.7,921.2,29.2,71.4,9,7.56,58.2,93,72,43,Drip,187,3.9,87,5.88,53.08,17852,690948,947584,256636,6554.1,8.97,47.2
FARM_1954,Punjab,Ludhiana,Rice,Kharif,11.3,819.7,22.8,75.3,6.8,7.51,61.1,109,60,33,Rainfed,142,3.9,76,6.23,68.33,15949,889929,1089795,199866,6062.3,10.28,45.3
FARM_1955,Haryana,Ambala,Cotton,Kharif,7.8,858.9,25.1,70.7,7.4,6.3,57.8,94,53,27,Tube Well,155,3.2,77,5.66,46.47,17398,485414,808485,323071,6001.3,9.43,59.8
FARM_1956,Telangana,Rangareddy,Soybean,Kharif,9.7,734.5,25,76.6,6.3,6.26,54.1,149,54,37,Sprinkler,190,3.5,75,5.82,59.31,14263,778868,845939,67071,5944.1,9.79,57.3
FARM_1957,Tamil Nadu,Tiruchirappalli,Groundnut,Kharif,8.6,722.7,32.2,71.2,8.9,6.74,55.6,96,64,45,Rainfed,119,3.6,79,6.25,58.98,14344,727680,846009,118329,5750.9,10.87,54.5
FARM_1958,Punjab,Jalandhar,Groundnut,Kharif,8,790.6,29.6,76.9,7.5,7.52,55,120,54,53,Drip,143,4.2,72,5.79,45.88,16876,592808,774271,181463,5030.9,11.51,55
FARM_1959,Gujarat,Surat,Maize,Kharif,9.4,804.2,28.9,64,7.8,6.37,63.9,151,48,56,Rainfed,176,4.9,86,4.13,40.8,16806,469741,685685,215944,5331,7.75,65.6
FARM_1960,Tamil Nadu,Madurai,Cotton,Kharif,8.7,886.1,25.3,67.2,8.3,6.56,57.6,110,14,67,Rainfed,213,4,75,5.67,52.49,16558,500902,869129,368227,4857.4,11.67,56.7
FARM_1961,Madhya Pradesh,Jabalpur,Rice,Kharif,9,862.6,30.1,70.9,5.8,6.57,56.8,141,44,35,Tube Well,218,3.1,74,6.22,54.6,16789,583204,916679,333475,5023.3,12.38,66.6
FARM_1962,Madhya Pradesh,Ujjain,Soybean,Kharif,6.2,786.3,30.1,77,6.7,6.86,66.1,139,65,46,Canal,223,3,88,6.22,38.38,17153,446542,658332,211790,5303.2,11.73,60.2
FARM_1963,Uttar Pradesh,Meerut,Groundnut,Kharif,10.9,1044.6,29.6,77.8,7.8,7.21,47.5,122,71,29,Tube Well,196,3,77,5.87,62.83,16764,740039,1053282,313243,5377.4,10.92,57.6
FARM_1964,Telangana,Rangareddy,Soybean,Kharif,9,919.9,30.5,71.9,7.4,7.22,65,122,37,35,Sprinkler,185,4.5,78,6.87,67.36,14958,740863,1007571,266708,6175,11.13,43.2
FARM_1965,Madhya Pradesh,Gwalior,Maize,Kharif,7,662.2,27,78.3,7.4,7.09,44.3,103,45,50,Canal,140,3.9,81,5.26,34.33,15547,381377,533729,152352,6309.4,8.34,63.1
FARM_1966,Tamil Nadu,Salem,Soybean,Kharif,5.7,1023.9,29.9,62.3,8.5,7.28,42.4,118,39,33,Canal,207,4.1,74,4.67,27.54,16939,335514,466500,130986,4721.9,9.89,59.3
FARM_1967,Madhya Pradesh,Gwalior,Rice,Kharif,12.3,923.1,27.1,68.6,6.7,6.81,67.1,109,52,48,Canal,213,2.8,81,5.19,65.05,18582,793506,1208759,415253,6533.3,7.94,58.5
FARM_1968,Gujarat,Vadodara,Soybean,Kharif,9.7,818,28.6,72.1,9.2,6.63,57.7,169,41,52,Drip,137,3.8,82,5.14,50.52,15858,631084,801146,170062,5812.4,8.84,45.8
FARM_1969,Tamil Nadu,Salem,Rice,Kharif,9.5,917.9,28.4,84.4,7.2,6.79,65.6,128,48,48,Sprinkler,134,3.9,80,5.67,50.79,16740,528439,850225,321786,7217.9,7.86,53.6
FARM_1970,Madhya Pradesh,Gwalior,Maize,Kharif,9.3,871.6,31.6,83.6,8.6,6.44,55.6,101,62,37,Drip,155,3.8,77,4.98,48.17,15366,597759,740180,142421,5147.4,9.67,61.7
FARM_1971,Tamil Nadu,Coimbatore,Rice,Kharif,8.7,889.2,26.3,59.4,7.6,7.47,51.2,121,68,32,Drip,203,3.4,74,5.41,49.91,15833,529526,790225,260699,5707.6,9.48,54.1
FARM_1972,Telangana,Nalgonda,Cotton,Kharif,5.6,929.3,29.5,75.2,6.3,7.06,68.7,142,51,36,Rainfed,218,4.2,70,6.92,40.38,17076,491663,689529,197866,4557.4,15.18,52.3
FARM_1973,Punjab,Bathinda,Cotton,Kharif,8.4,636.5,27.3,79,8.7,6.92,65.3,123,61,36,Rainfed,153,3.5,84,5.36,41.3,17101,526959,706271,179312,6497.8,8.25,58.6
FARM_1974,Uttar Pradesh,Lucknow,Rice,Kharif,11.1,868,29.8,75.7,6.2,6.93,51.5,140,65,42,Canal,205,4.9,75,5.3,55.86,14958,607548,835554,228006,4635.7,11.43,44.5
FARM_1975,Karnataka,Dharwad,Rice,Kharif,6,668.7,28.5,79.2,6,7,65,123,59,55,Sprinkler,188,4.2,88,5.65,29.33,13459,331957,394752,62795,7708.7,7.33,39.8
FARM_1976,Madhya Pradesh,Jabalpur,Groundnut,Kharif,7.7,846.6,28.1,69.6,4.7,7.45,61.2,102,55,73,Drip,162,4.5,90,5.91,43.44,17339,484872,753206,268334,5273.4,11.21,35.3
FARM_1977,Madhya Pradesh,Bhopal,Soybean,Kharif,10.7,912,30.6,65.1,6.3,6.45,60.4,139,56,49,Drip,187,4.2,97,4.28,47.01,19572,493897,920080,426183,5692.5,7.52,46.1
FARM_1978,Andhra Pradesh,Krishna,Groundnut,Kharif,8.4,817.9,27.6,77,6.2,6.97,67.7,91,45,40,Drip,203,4.5,84,5.01,40.48,15633,441295,632824,191529,6073.9,8.25,59
FARM_1979,Andhra Pradesh,Anantapur,Groundnut,Kharif,8.3,779.3,28.2,82.7,6.9,6.09,65.3,102,77,36,Tube Well,146,3.7,87,6.07,51.12,15981,685728,816949,131221,6337.3,9.58,73.6
FARM_1980,Andhra Pradesh,Chittoor,Maize,Kharif,10.1,758.3,33.2,58.8,8.3,6.56,71.1,139,62,46,Tube Well,189,2.5,82,5.06,54.09,17337,561339,937758,376419,6530.6,7.75,52.4
FARM_1981,Madhya Pradesh,Indore,Groundnut,Kharif,7.9,830.3,26.4,71,8.1,6.46,49,134,54,50,Canal,186,4.5,81,6.11,48.56,15057,624478,731168,106690,5991.7,10.2,65.8
FARM_1982,Madhya Pradesh,Bhopal,Soybean,Kharif,10.3,941,31.1,58.3,6.3,6.95,61.9,126,44,46,Canal,108,4.1,81,5.62,62.16,16181,749852,1005811,255959,6515.6,8.63,53.9
FARM_1983,Maharashtra,Solapur,Cotton,Kharif,8.6,884.4,29.3,86.3,7.1,6.86,40.4,83,51,51,Drip,156,2.8,96,4.74,38.3,18010,450518,689783,239265,5495.6,8.63,48.8
FARM_1984,Haryana,Kurukshetra,Cotton,Kharif,6.5,785.1,32.3,75.2,4.7,6.27,56,154,57,45,Tube Well,177,3,90,6.12,38.62,17699,441162,683535,242373,6295.1,9.72,55.4
FARM_1985,Madhya Pradesh,Bhopal,Cotton,Kharif,10.5,765.2,31.4,68.6,6.4,6.47,55.2,100,81,44,Tube Well,183,3.8,77,4.42,41.84,18230,510757,762743,251986,4904,9.01,58.2
FARM_1986,Punjab,Jalandhar,Cotton,Kharif,7.6,999.7,25.8,64.3,6.5,6.52,81.3,127,55,52,Tube Well,181,4.3,84,4.78,40.26,15715,480713,632686,151973,6118.8,7.81,54.5
FARM_1987,Tamil Nadu,Coimbatore,Soybean,Kharif,9.2,959.4,26.3,73.8,7,6.03,41.1,151,48,51,Tube Well,136,3,91,7.03,66.58,16511,835200,1099302,264102,5820.3,12.08,37.7
FARM_1988,Madhya Pradesh,Indore,Groundnut,Kharif,8.4,862.3,28.2,72.8,6.4,7.18,66.2,136,84,49,Sprinkler,152,3.2,72,5.77,51.56,16986,600869,875798,274929,7395.5,7.8,61
FARM_1989,Andhra Pradesh,Chittoor,Groundnut,Kharif,6.9,630.1,22.8,76.1,7.6,6.27,54.5,136,28,49,Canal,183,3.1,85,5.28,35.28,16985,392413,599231,206818,4126.3,12.8,47.1
FARM_1990,Tamil Nadu,Madurai,Soybean,Kharif,7.6,794,27.4,78.7,8.4,6.45,65.5,127,43,56,Sprinkler,171,3.7,87,4.84,38.87,16299,457493,633542,176049,7351.6,6.58,62.4
FARM_1991,Madhya Pradesh,Jabalpur,Groundnut,Kharif,9,942.1,29.5,71.3,7,6.84,50.9,151,43,52,Rainfed,195,4.2,70,12.28,114.45,14775,1370217,1690999,320782,7183.3,17.1,52
FARM_1992,Uttar Pradesh,Kanpur,Soybean,Kharif,6.9,887.1,25.4,64.5,8.1,6.64,71.2,119,67,55,Canal,186,4.5,86,6.43,42.26,17258,505625,729323,223698,5805.3,11.08,65.7
FARM_1993,Madhya Pradesh,Gwalior,Soybean,Kharif,8.5,681.5,25.7,85.5,6.8,6.95,60.5,146,50,30,Canal,176,3.5,87,5.52,49.76,17017,456383,846766,390383,7304.8,7.56,52.1
FARM_1994,Maharashtra,Pune,Maize,Kharif,8.5,1059,26.4,74.4,6.7,6.11,65.8,155,61,58,Tube Well,201,4.2,82,5.01,42.42,18466,462561,783328,320767,5513,9.09,44.4
FARM_1995,Haryana,Ambala,Rice,Kharif,8.2,1019.6,25.3,66.9,6.4,6.08,66.8,74,37,36,Rainfed,167,4.1,88,6.02,47.12,16192,518023,762967,244944,5415.3,11.12,49.4
FARM_1996,Telangana,Warangal,Groundnut,Kharif,10,876.8,26.9,70.8,7.9,6.49,57.2,141,73,54,Tube Well,136,4.9,79,5.26,49.23,15256,579613,751053,171440,5852.4,8.99,71.9
FARM_1997,Andhra Pradesh,Chittoor,Rice,Kharif,8.3,827.7,25.5,61.4,8.5,6.95,61.6,115,48,37,Drip,205,2.8,83,5.86,53.58,17216,629707,922433,292726,5265.9,11.13,63.2
FARM_1998,Punjab,Ludhiana,Rice,Kharif,8.4,599.8,26.2,70.9,6,6.8,66.5,115,45,43,Sprinkler,171,3.9,77,5.79,50.14,15574,544652,780880,236228,5091.7,11.37,47
FARM_1999,Maharashtra,Pune,Groundnut,Kharif,6.3,944.6,24.9,85.6,6.7,5.97,49,104,51,30,Canal,186,3.6,76,5.1,30.76,16146,368913,496651,127738,6724,7.58,67.5
FARM_2000,Tamil Nadu,Tiruchirappalli,Maize,Kharif,9.4,723.3,25.2,87.5,9,5.9,63.8,111,76,62,Canal,191,4.9,70,4.71,44.47,18817,520890,836792,315902,6021.5,7.82,48.8
FARM_2001,Telangana,Sangareddy,Soybean,Kharif,11.8,779.1,28,71.8,5.3,6.88,48.1,165,58,40,Canal,173,4.1,79,6.16,69.51,17457,736989,1213436,476447,5717.6,10.77,64.7
FARM_2002,Madhya Pradesh,Indore,Groundnut,Kharif,6,885.8,27.3,73.5,4.4,6.12,48,100,30,49,Tube Well,189,4.8,87,6.47,40.09,15680,481025,628611,147586,5571.6,11.61,39.4
FARM_2003,Karnataka,Shimoga,Groundnut,Kharif,8.9,863.1,29.3,68.7,6.4,6.86,61.5,101,47,49,Drip,192,4.9,85,4.92,45.46,15115,582825,687128,104303,5628.7,8.74,53.7
FARM_2004,Haryana,Rohtak,Cotton,Kharif,8.9,804.3,29.8,73.5,7.2,6.65,57.8,104,55,48,Rainfed,184,3.4,96,4.43,39.38,17747,450433,698877,248444,6564.5,6.75,46.6
FARM_2005,Madhya Pradesh,Jabalpur,Groundnut,Kharif,5.1,913,31.7,63.5,6.7,8.1,56.9,113,59,58,Rainfed,191,5.4,88,6.01,29.12,17944,367275,522529,155254,6590,9.12,47.8
FARM_2006,Andhra Pradesh,Anantapur,Groundnut,Kharif,9,806.5,26.3,61.7,5.7,6.51,55.4,116,78,25,Tube Well,136,4.3,78,3.94,35.23,13925,358365,490578,132213,6938.2,5.68,43.9
FARM_2007,Uttar Pradesh,Varanasi,Maize,Kharif,8.9,742.3,27,79.6,7.3,6.95,64.1,112,41,20,Canal,164,3.6,84,6.68,63.61,16723,619631,1063750,444119,5414.1,12.34,65.2
FARM_2008,Andhra Pradesh,Krishna,Maize,Kharif,10.4,766.6,24.9,65.7,7.1,6.67,67.5,111,63,33,Tube Well,170,3.4,83,5.47,53.97,15024,528210,810845,282635,6153.3,8.89,54.4
FARM_2009,Gujarat,Junagadh,Soybean,Kharif,9.7,922.5,26,77.4,7.4,7.02,56.3,102,51,39,Tube Well,125,3.7,89,5.96,51.96,15349,570124,797534,227410,5786.7,10.3,56.7
FARM_2010,Karnataka,Mysuru,Rice,Kharif,9.1,766.3,31,83.3,7.6,6.07,61.4,104,76,59,Sprinkler,136,4.1,77,5.91,49.69,17052,646498,847314,200816,6671.9,8.86,43.9
FARM_2011,Madhya Pradesh,Gwalior,Maize,Kharif,5.4,719,28.3,73.8,6.7,8,46.6,99,64,62,Tube Well,180,3.5,82,5.31,28.64,16760,330545,480006,149461,6430,8.26,57.6
FARM_2012,Karnataka,Raichur,Rice,Kharif,7,830.6,25.5,74.3,6.5,6.58,60.4,102,56,50,Canal,231,3.4,71,6.02,43.64,16390,557589,715260,157671,5392.8,11.16,37.3
FARM_2013,Telangana,Medak,Groundnut,Kharif,9.8,1117.7,29.2,78.1,5.3,6.97,67.1,127,48,49,Canal,211,2,76,5.04,48.11,16089,636971,774042,137071,5601.3,9,49.6
FARM_2014,Uttar Pradesh,Kanpur,Soybean,Kharif,9.6,608.5,29.7,74.4,6,7.53,54.7,142,60,42,Tube Well,174,2.9,76,5.74,53.64,17032,540506,913596,373090,6993.5,8.21,73.8
FARM_2015,Punjab,Bathinda,Groundnut,Kharif,10,564.4,27.5,68,7.1,6.45,65.3,120,72,39,Tube Well,134,4.1,77,6.42,65.4,17249,779668,1128085,348417,4433.3,14.48,61.5
FARM_2016,Tamil Nadu,Tiruchirappalli,Rice,Kharif,6.8,816.6,30,78.7,5.9,6.63,58.2,152,77,50,Canal,165,3.9,73,6.21,42.54,16101,412247,684937,272690,5293.6,11.73,65.1
FARM_2017,Maharashtra,Nagpur,Maize,Kharif,10,900.1,31.9,92.6,5.7,6.8,67.4,143,48,42,Drip,161,3.7,78,5.63,60.95,15831,632920,964899,331979,5340.2,10.54,68.8
FARM_2018,Uttar Pradesh,Meerut,Soybean,Kharif,6.3,776.5,23.3,75.4,6.3,5.68,65,140,30,41,Drip,227,4.9,81,5.73,36.5,16359,431488,597104,165616,6851.1,8.36,52.3
FARM_2019,Andhra Pradesh,Kurnool,Groundnut,Kharif,6.7,542.9,28.6,64.9,6.2,7.14,63.9,95,37,15,Canal,172,3.5,87,6.04,44.69,15403,556833,688360,131527,6156.1,9.81,55.7
FARM_2020,Andhra Pradesh,Guntur,Groundnut,Kharif,8,994.4,29.3,67.2,6.6,6.79,47.8,141,46,22,Tube Well,184,4.4,84,6.07,52.99,17451,616687,924728,308041,7636.1,7.95,48.4
FARM_2021,Uttar Pradesh,Kanpur,Cotton,Kharif,4.8,1079.1,24.9,69.4,8,7.75,56.2,132,75,40,Drip,180,4.3,80,4.92,23.42,15085,268886,353291,84405,5432,9.06,51.8
FARM_2022,Telangana,Warangal,Groundnut,Kharif,9,796,28.9,84.4,6,7.12,57.8,161,52,65,Sprinkler,166,3.7,87,4.11,39.44,16216,492043,639559,147516,5344.5,7.69,60.5
FARM_2023,Gujarat,Vadodara,Groundnut,Kharif,8.6,886,26.5,66.3,7.4,6.79,56.6,116,54,52,Tube Well,204,4.3,89,5.64,45.54,15097,512155,687517,175362,5324.7,10.59,32.3
FARM_2024,Tamil Nadu,Salem,Rice,Kharif,7,732.1,32.5,75.2,8.6,6.01,51.5,81,37,24,Canal,176,4.2,80,6.13,39.69,13859,433753,550064,116311,5059.1,12.12,61.3
FARM_2025,Telangana,Medak,Maize,Kharif,11.9,731.1,31.3,75.2,8.2,7.26,53,107,69,32,Canal,157,4.7,88,5.65,66.32,14665,776579,972583,196004,6742.4,8.38,56.2
FARM_2026,Karnataka,Shimoga,Rice,Kharif,8.6,830.1,30,66.9,8,7.06,65.5,87,62,56,Drip,215,3.9,81,6.65,54.44,16911,614888,920635,305747,5299.3,12.55,53.1
FARM_2027,Gujarat,Surat,Maize,Kharif,9.8,900,28.8,72.6,7.4,6.61,67.1,121,70,30,Rainfed,162,3,80,6.38,67.25,17033,802691,1145469,342778,4991.7,12.78,54.4
FARM_2028,Uttar Pradesh,Agra,Cotton,Kharif,11.5,850.6,27.8,72.4,7.7,7.64,63.6,89,41,28,Tube Well,160,4,77,4.33,52.91,14497,603412,767036,163624,6282.4,6.89,53.6
FARM_2029,Andhra Pradesh,Krishna,Soybean,Kharif,7.7,965.9,27.2,68.5,7.1,6.89,55.9,121,66,34,Drip,171,4.9,83,5.07,38.38,16808,425285,645091,219806,4518.6,11.22,62.5
FARM_2030,Tamil Nadu,Coimbatore,Maize,Kharif,6.4,861.7,30.1,73,6.7,6.73,62.2,148,59,33,Canal,156,3.8,83,5.33,32.5,19266,399241,626145,226904,5639.9,9.45,52.3
FARM_2031,Maharashtra,Nashik,Rice,Kharif,12.6,1286.6,30,75.1,7.3,6.27,55.7,99,58,34,Tube Well,130,3.7,86,3.78,44.97,15625,491059,702656,211597,4685,8.07,41.5
FARM_2032,Tamil Nadu,Madurai,Rice,Kharif,9.8,713,31.6,71.4,7.1,6.32,67.6,114,41,52,Rainfed,164,3.2,81,6.29,60.38,16945,760276,1023139,262863,7857.2,8.01,57.9
FARM_2033,Gujarat,Surat,Soybean,Kharif,8.6,840.5,29.4,71.3,6.9,7.09,54.3,101,80,61,Tube Well,235,2.9,76,5.5,45.82,14777,477635,677082,199447,7326.8,7.51,43.9
FARM_2034,Telangana,Nalgonda,Cotton,Kharif,8.7,948.7,27.7,81.2,7.1,6.67,43.3,104,43,37,Drip,242,3.2,81,5.48,43.64,16407,501433,716001,214568,7892.1,6.94,57.1
FARM_2035,Tamil Nadu,Madurai,Maize,Kharif,6.9,967.8,31.5,81.4,5.5,6.59,62.2,110,45,57,Sprinkler,237,4.6,72,4.61,31.37,18363,404616,576047,171431,5340.9,8.63,59
FARM_2036,Maharashtra,Solapur,Soybean,Kharif,8.9,724.9,27,77.2,7.7,6.95,54.3,128,53,43,Drip,196,3.2,79,2.54,23.24,16390,265774,380904,115130,7649.9,3.32,45.1
FARM_2037,Telangana,Rangareddy,Maize,Kharif,5.7,886.7,29.7,81,7.2,6.31,61.5,97,57,46,Drip,190,3.7,83,6.29,36.03,14500,400103,522435,122332,6045.6,10.4,54.5
FARM_2038,Tamil Nadu,Coimbatore,Groundnut,Kharif,9.9,758.2,25.5,72.6,8.1,6.91,56.9,154,38,35,Tube Well,240,3.7,76,5.59,51.44,17037,601211,876383,275172,5758,9.71,59
FARM_2039,Maharashtra,Pune,Groundnut,Kharif,4.4,692.3,23.9,80.2,7.6,6.46,53.9,89,60,50,Canal,181,4.1,84,5.8,28.1,16820,378209,472642,94433,5074.3,11.43,52.7
FARM_2040,Madhya Pradesh,Indore,Groundnut,Kharif,6.3,989.9,27.4,69.4,8.4,6.4,61.7,144,42,45,Canal,192,3.6,78,5.7,34.51,17475,450969,603062,152093,7024.6,8.11,49.1
FARM_2041,Andhra Pradesh,Kurnool,Cotton,Kharif,8.5,1257.3,26.2,76.5,8,6.59,50.6,139,78,36,Tube Well,172,3.9,80,6.78,54.07,15158,637129,819593,182464,5214.8,13,60.2
FARM_2042,Punjab,Bathinda,Soybean,Kharif,5.8,1000,29.4,68.9,7.7,6.27,54.6,90,53,57,Tube Well,201,3.4,70,5.72,33.69,16589,437713,558883,121170,7077.3,8.08,53.5
FARM_2043,Karnataka,Mysuru,Soybean,Kharif,9.4,852.8,28.6,81.2,6.9,6.56,65.4,112,59,43,Drip,176,3.1,80,5.34,53.76,17958,592761,965422,372661,4938.2,10.81,49.7
FARM_2044,Gujarat,Ahmedabad,Groundnut,Kharif,8.7,813.4,26.3,73.8,8,7.59,59.8,123,63,35,Tube Well,172,3.3,76,4.32,38.37,16690,399298,640395,241097,6229.9,6.93,55.2
FARM_2045,Punjab,Ludhiana,Maize,Kharif,8.5,874.3,25.8,64.9,6.9,7.04,64.5,133,71,59,Rainfed,118,3.6,76,5.45,48.1,16787,617470,807455,189985,5896.8,9.24,64.4
FARM_2046,Madhya Pradesh,Gwalior,Groundnut,Kharif,9.2,826.3,26.6,72.2,6.5,7.17,66.2,92,49,45,Rainfed,138,3.1,75,4.72,40.87,19042,507468,778247,270779,5109.2,9.24,53.6
FARM_2047,Madhya Pradesh,Jabalpur,Rice,Kharif,9.1,1038.3,26.2,58.4,7.6,6.81,59,103,57,44,Tube Well,160,3.4,82,6.74,61.99,15837,676895,981736,304841,6421.1,10.5,56.6
FARM_2048,Punjab,Jalandhar,Maize,Kharif,5.6,841,29,88,7.6,6.54,65.1,122,47,41,Tube Well,198,4.6,78,6.01,35.71,16250,394190,580288,186098,5265.1,11.41,63.6
FARM_2049,Madhya Pradesh,Indore,Maize,Kharif,9.9,1000.7,29.7,84.1,5.6,6.99,57.5,124,61,39,Sprinkler,180,3.4,88,6.64,62.33,19095,776773,1190191,413418,5309.2,12.51,51
FARM_2050,Uttar Pradesh,Varanasi,Rice,Kharif,5.4,941,28.1,83.5,5.3,7.09,60.8,122,58,65,Canal,123,3.9,89,5.88,33.62,16850,427756,566497,138741,5601.1,10.5,54.9
FARM_2051,Karnataka,Raichur,Rice,Kharif,8.1,748.4,27.1,62.8,9.8,6.52,55.3,67,48,64,Tube Well,191,3.9,85,5.35,43.89,14249,516307,625389,109082,6361.6,8.41,44.3
FARM_2052,Karnataka,Shimoga,Rice,Kharif,7.7,892,26.6,77.3,6.5,6.67,63.4,123,69,53,Canal,147,6.4,85,5.29,41.36,14546,432589,601623,169034,4995,10.59,70.6
FARM_2053,Maharashtra,Solapur,Cotton,Kharif,5.2,998.5,30,77.6,6.5,6.83,39.4,154,59,28,Sprinkler,208,4.4,72,5.12,27.44,16022,240495,439644,199149,5159.8,9.92,47.5
FARM_2054,Andhra Pradesh,Chittoor,Maize,Kharif,9.9,785.1,31.1,70.9,8,6.58,44.4,137,49,51,Canal,163,3.1,72,7.79,72.47,17901,836762,1297285,460523,6694.6,11.64,47
FARM_2055,Madhya Pradesh,Ujjain,Soybean,Kharif,9.5,906.2,26.2,79.4,8.1,6.19,49.6,97,63,34,Rainfed,194,4.4,73,6.13,58.27,17392,678707,1013432,334725,5921.1,10.35,47.6
FARM_2056,Punjab,Jalandhar,Rice,Kharif,7.9,836,27.9,79.5,8.5,6.67,49.8,125,51,43,Rainfed,141,5.3,78,6.73,54.76,19406,719708,1062673,342965,5622.4,11.97,46.4
FARM_2057,Uttar Pradesh,Lucknow,Groundnut,Kharif,7.8,782.1,30.8,85.8,6.7,7.53,49,192,53,40,Sprinkler,195,3.2,80,6.05,49.61,18396,593901,912626,318725,5474.1,11.05,51.6
FARM_2058,Uttar Pradesh,Meerut,Rice,Kharif,9.4,985.9,28.2,74.8,8.7,7.37,56.1,128,59,38,Drip,162,3.7,78,5.01,47.7,15599,486331,744072,257741,6622.8,7.56,49.6
FARM_2059,Punjab,Ludhiana,Groundnut,Kharif,2.8,985.1,30.8,77.2,6.2,7.49,58.6,111,67,65,Tube Well,152,4,86,5.88,17.1,19315,207436,330287,122851,6573.3,8.95,56.1
FARM_2060,Punjab,Bathinda,Groundnut,Kharif,4.4,849.4,25.7,67.6,7.3,6.24,60.1,95,60,53,Canal,184,3.3,90,4.83,20.26,16789,237491,340145,102654,5633.9,8.57,61.4
FARM_2061,Haryana,Ambala,Cotton,Kharif,6.2,1023.4,26.2,71.4,6.2,7.2,51.4,146,73,63,Sprinkler,179,3.3,84,6.37,38.41,16454,433891,631998,198107,5500,11.58,43.4
FARM_2062,Maharashtra,Solapur,Cotton,Kharif,9.8,991.2,28.5,67.2,7.9,6.63,69.6,148,59,37,Drip,186,4.2,82,5.15,48.18,18537,517650,893113,375463,7432.1,6.93,61
FARM_2063,Telangana,Medak,Soybean,Kharif,5.5,754.8,24.6,80.9,6.8,6.53,63.1,121,60,38,Rainfed,179,4.2,80,5.55,29.26,17405,351457,509270,157813,5319.2,10.43,67.9
FARM_2064,Telangana,Medak,Rice,Kharif,6.6,828.2,27.9,76.9,6.5,6.6,64.5,152,49,39,Rainfed,162,3.4,84,5.38,33.84,17173,338447,581134,242687,6593.4,8.16,44.5
FARM_2065,Madhya Pradesh,Indore,Groundnut,Kharif,4.6,1009,25.3,79.3,8.9,6.1,50.2,153,39,39,Canal,183,3.7,85,5.09,24.2,18649,245005,451306,206301,6755,7.54,30.5
FARM_2066,Gujarat,Vadodara,Rice,Kharif,7.7,1107.2,29,69.4,8.2,5.95,55.2,102,71,50,Drip,181,2.5,76,5.88,44.21,16207,538400,716511,178111,5449.2,10.79,64.3
FARM_2067,Tamil Nadu,Coimbatore,Maize,Kharif,8.6,1015.2,25.2,74.6,6.8,6.37,59.6,186,51,54,Sprinkler,154,4.3,83,6.18,50.88,16678,547698,848577,300879,6792,9.1,49.1
FARM_2068,Gujarat,Ahmedabad,Maize,Kharif,9.5,915.5,24.4,75.5,5.7,7.83,57.5,138,43,46,Canal,175,3,78,5.44,50.68,16495,563601,835967,272366,5190.8,10.48,51.2
FARM_2069,Telangana,Medak,Cotton,Kharif,7.2,1055.6,27.5,65.8,7.8,6.84,58.7,124,50,42,Tube Well,159,2.7,83,6.02,42.75,18440,514528,788310,273782,5891.2,10.22,56.8
FARM_2070,Gujarat,Ahmedabad,Maize,Kharif,7.8,682,25.4,66,6.3,6.14,59.6,137,73,47,Rainfed,197,4,68,5.14,37.09,12992,425427,481873,56446,4931,10.42,46.2
FARM_2071,Maharashtra,Solapur,Soybean,Kharif,10.3,808.9,27.2,76.4,7.9,7.12,62.9,139,55,49,Tube Well,188,3.6,80,5.63,59.5,17699,591221,1053091,461870,6390.1,8.81,48.2
FARM_2072,Madhya Pradesh,Indore,Maize,Kharif,5.6,1100.5,25.1,73.6,8.1,7.07,52.4,47,54,37,Canal,189,4.2,82,5.47,32.04,16947,369621,542982,173361,4278.9,12.78,39.4
FARM_2073,Punjab,Patiala,Groundnut,Kharif,8.4,859.8,27.5,69.2,7.2,7.19,53.8,150,40,42,Drip,162,3.7,85,6.25,53,16286,608192,863158,254966,6660.8,9.38,52.4
FARM_2074,Maharashtra,Aurangabad,Cotton,Kharif,11.4,702.4,26.8,87.2,8,6.93,57,145,57,42,Rainfed,239,2.7,81,4.63,52.9,13318,501898,704522,202624,7457.4,6.21,53.1
FARM_2075,Maharashtra,Solapur,Rice,Kharif,6.7,586,28.1,76.7,6.2,6.79,81.5,98,68,55,Sprinkler,214,3.3,85,5.88,40.6,18470,503320,749882,246562,7687.6,7.65,49.1
FARM_2076,Gujarat,Rajkot,Soybean,Kharif,7.1,759.2,27.6,77.1,8.5,6.42,45.7,138,57,50,Tube Well,172,4.1,71,5.59,37.78,17949,451210,678113,226903,5570.3,10.04,58.9
FARM_2077,Haryana,Rohtak,Maize,Kharif,5.3,790.1,32.8,67.6,7.1,6.36,52.5,133,70,42,Tube Well,205,3.6,78,6.59,33.6,12601,377844,423394,45550,6613.9,9.96,58.1
FARM_2078,Madhya Pradesh,Gwalior,Rice,Kharif,12.3,1093.5,26.1,76.5,7.7,6.9,65,146,47,24,Rainfed,176,3.5,76,6,73.92,16772,860078,1239786,379708,6756.3,8.88,58.9
FARM_2079,Tamil Nadu,Madurai,Groundnut,Kharif,8.9,858.4,32.8,89.5,5,6.89,63.9,133,62,45,Rainfed,188,4.2,89,5.53,47.07,16150,536942,760181,223239,4701.9,11.76,58.1
FARM_2080,Gujarat,Vadodara,Rice,Kharif,6.9,808.8,33.6,70,9.3,6.23,60.9,104,30,47,Drip,197,4.4,89,5.38,38.82,15211,463574,590491,126917,6244.1,8.62,52.2
FARM_2081,Uttar Pradesh,Meerut,Rice,Kharif,9.6,1075.8,24.6,69.6,7.7,6.04,39.4,110,46,40,Sprinkler,95,3.8,83,9.28,85.66,14547,1005544,1246096,240552,6292.4,14.75,46.7
FARM_2082,Tamil Nadu,Salem,Soybean,Kharif,7.2,707.3,30.8,79.5,7.5,6.48,53.2,115,71,51,Drip,195,4,83,5.97,44.66,16782,500164,749484,249320,5720.8,10.44,38.6
FARM_2083,Telangana,Sangareddy,Cotton,Kharif,10,949,29.2,73,6.6,7.26,64.7,144,56,57,Canal,181,3.9,80,5.92,55.66,15824,688739,880764,192025,6803.8,8.7,64
FARM_2084,Maharashtra,Aurangabad,Soybean,Kharif,7.8,1046.8,28,61.2,7,6.86,72.2,131,65,51,Rainfed,212,3.6,88,5.58,44.17,17950,473114,792852,319738,6705,8.32,62.9
FARM_2085,Tamil Nadu,Coimbatore,Cotton,Kharif,7.5,811.9,26,79.5,6.1,6.69,49,103,56,42,Rainfed,182,4.4,91,5.61,36.3,14924,413977,541741,127764,7414.4,7.57,49
FARM_2086,Maharashtra,Nagpur,Soybean,Kharif,6.7,873.8,28.5,70.6,5.5,6.58,77.6,113,46,52,Drip,169,3.8,73,6.58,41.25,16669,544279,687596,143317,5619.6,11.71,64
FARM_2087,Madhya Pradesh,Ujjain,Cotton,Kharif,8.8,966.4,33.6,77.3,6.2,6.88,64.5,112,40,46,Rainfed,208,3.9,68,6.04,54.86,17653,598073,968444,370371,5592.6,10.8,56.1
FARM_2088,Tamil Nadu,Madurai,Rice,Kharif,7.6,799,32.3,68.4,7.6,7.37,64.1,112,55,33,Tube Well,199,4.3,78,5.44,41.86,15593,416956,652723,235767,5788.3,9.4,36.7
FARM_2089,Madhya Pradesh,Gwalior,Maize,Kharif,7.2,1077.5,29.6,57.7,7.2,6.91,63.8,142,70,43,Tube Well,147,5.6,88,4.84,34.52,15188,393093,524290,131197,4858.3,9.96,62.9
FARM_2090,Maharashtra,Aurangabad,Cotton,Kharif,6.7,742.8,23.9,63.2,6.7,6.81,59.9,150,54,57,Sprinkler,228,4.1,86,5.83,39.74,18161,425946,721718,295772,6728.1,8.67,63.3
FARM_2091,Karnataka,Mysuru,Rice,Kharif,8.6,876.2,31.7,68.6,5.5,6.96,49.3,147,40,58,Sprinkler,187,3.6,76,6.62,58.51,16272,646410,952075,305665,6723.6,9.85,48.1
FARM_2092,Maharashtra,Aurangabad,Soybean,Kharif,8.9,943,31.4,67.4,7.4,6.73,45.8,164,81,36,Tube Well,205,3.7,80,5.33,44.69,17366,437487,776087,338600,6998.5,7.62,51.3
FARM_2093,Madhya Pradesh,Indore,Cotton,Kharif,10.6,743.1,24.1,55,8.4,6.88,48.6,147,59,56,Canal,200,3.6,83,5.51,60.05,16030,604528,962602,358074,7300.2,7.55,40
FARM_2094,Haryana,Kurukshetra,Rice,Kharif,9,829,32.7,72.8,7,6.82,65.3,149,65,39,Sprinkler,203,3.8,90,5.11,46.34,15147,474192,701912,227720,6059.7,8.43,45.7
FARM_2095,Gujarat,Ahmedabad,Cotton,Kharif,6.8,819.8,26.6,78.1,5.7,6.35,51.5,100,46,49,Rainfed,235,4.1,81,5.54,39.6,17073,408445,676091,267646,5048.2,10.97,55.2
FARM_2096,Maharashtra,Nashik,Cotton,Kharif,9.1,1026.7,33,61.2,7.4,6.81,56.5,104,60,42,Tube Well,204,3.8,81,4.51,41.07,15307,443722,628658,184936,5879.7,7.67,68.6
FARM_2097,Telangana,Medak,Soybean,Kharif,5.3,796.9,25,60,6.4,7.12,57.5,132,60,34,Sprinkler,235,3,85,5.34,28.96,16423,334154,475610,141456,7174.1,7.44,66.3
FARM_2098,Punjab,Jalandhar,Rice,Kharif,3.2,956.3,29,75.4,7.5,6.81,58.7,128,59,44,Rainfed,197,3.8,75,5.83,18.43,16815,208335,309900,101565,7208.3,8.09,39.8
FARM_2099,Karnataka,Raichur,Groundnut,Kharif,7.6,965.6,24.8,70.9,8.1,6.21,61.5,128,66,52,Sprinkler,155,4.8,83,5.8,46.16,16870,579794,778719,198925,4846.7,11.97,50.2
FARM_2100,Telangana,Sangareddy,Cotton,Kharif,7.4,728.4,27.9,74.1,6,7.11,60.1,96,76,54,Canal,190,4.7,87,5.88,44.13,19555,535521,862962,327441,6572.8,8.95,39.3
FARM_2101,Telangana,Nalgonda,Rice,Kharif,6.6,806.8,26.9,85.4,7.5,6.05,57.5,122,48,35,Drip,235,4.5,80,4.16,28.22,14472,305701,408400,102699,6595.7,6.31,72.8
FARM_2102,Madhya Pradesh,Indore,Groundnut,Kharif,8.6,852.1,23.5,74.1,8,5.94,48.5,102,71,54,Tube Well,154,3.1,85,5.85,49.69,15326,495789,761549,265760,6990.3,8.37,60.8
FARM_2103,Maharashtra,Solapur,Groundnut,Kharif,9.5,856.3,29.4,71.9,7.7,7.13,57.5,136,61,44,Rainfed,162,3.2,94,5.73,54.8,14635,655487,801998,146511,6848.7,8.37,44.3
FARM_2104,Haryana,Hisar,Rice,Kharif,10.8,688.1,27.6,79.3,7.6,6.63,48.2,105,39,48,Rainfed,189,3.9,87,5.18,59.99,16635,633701,997934,364233,5445.2,9.51,60.5
FARM_2105,Tamil Nadu,Tiruchirappalli,Rice,Kharif,7.6,506,30.4,65.3,6.1,6.15,56.2,128,58,50,Sprinkler,243,3.9,86,5.42,44.86,18156,415715,814478,398763,6508.6,8.33,38.7
FARM_2106,Telangana,Nalgonda,Cotton,Kharif,8.3,664.5,22.1,78.6,5.7,8.05,55.7,117,43,39,Rainfed,158,4,80,5.01,39.66,17214,455990,682707,226717,5221.1,9.6,55.7
FARM_2107,Karnataka,Mysuru,Soybean,Kharif,9.8,780.4,30.3,72.7,8.5,6.82,58.4,107,65,48,Drip,199,3.2,77,6.35,62.22,16430,668632,1022275,353643,6967.3,9.11,64.2
FARM_2108,Telangana,Sangareddy,Cotton,Kharif,6.4,592.5,27.5,71.1,8.2,7.12,69.2,144,50,36,Sprinkler,183,3.7,84,5.16,32.89,17320,402394,569655,167261,6685.2,7.72,59.6
FARM_2109,Maharashtra,Nagpur,Rice,Kharif,6.4,793.3,31,70.1,7.1,6.29,61.4,120,50,52,Rainfed,171,5,82,5.03,33.39,14915,330011,498012,168001,6947.7,7.24,58.1
FARM_2110,Karnataka,Belagavi,Soybean,Kharif,8.9,969.3,23.4,57.2,7.7,7.73,58.7,110,63,47,Rainfed,215,4,76,4.06,34.94,14051,468135,490942,22807,6412.8,6.33,45.5
FARM_2111,Punjab,Ludhiana,Cotton,Kharif,8.8,809,26.8,56,7.1,6.77,67.8,105,50,57,Rainfed,227,4.4,85,5.92,49.4,15768,535940,778939,242999,5550,10.67,56.1
FARM_2112,Gujarat,Surat,Soybean,Kharif,5.5,904.6,25.9,71.4,5.5,6.86,60.3,140,53,46,Rainfed,171,5.1,92,5.87,32.85,15904,381108,522446,141338,4537.7,12.94,51.4
FARM_2113,Telangana,Nalgonda,Maize,Kharif,6.5,482,27.7,69.8,8.5,6.81,64.4,156,53,46,Rainfed,146,4.4,71,6.37,44.86,16548,635500,742343,106843,4802.5,13.26,54.3
FARM_2114,Tamil Nadu,Madurai,Rice,Kharif,11.6,842.5,32.3,68.8,7.8,7.29,59.9,146,70,27,Drip,174,3.5,91,6.61,71.77,16126,864825,1157363,292538,6057.1,10.91,61
FARM_2115,Karnataka,Raichur,Groundnut,Kharif,9.1,736.3,25.4,61.7,8.2,6.46,64.2,97,55,28,Canal,208,4.5,76,5.77,54.89,17338,571132,951683,380551,5903,9.77,59.4
FARM_2116,Andhra Pradesh,Anantapur,Soybean,Kharif,8.3,1011.8,27.3,62.3,6.4,6.79,53.4,108,58,33,Sprinkler,196,3.3,87,5.73,47.61,16403,562281,780947,218666,6510.7,8.8,63.9
FARM_2117,Maharashtra,Solapur,Groundnut,Kharif,7.9,715.7,28.8,55.9,7.5,6.55,70,105,46,65,Tube Well,168,4.3,80,6.19,48.7,18635,537838,907525,369687,5651,10.95,56.9
FARM_2118,Karnataka,Raichur,Groundnut,Kharif,6.5,912.7,25.8,81.8,6.5,6.93,57.5,95,69,28,Tube Well,186,2.8,78,6.46,44.22,17242,562152,762441,200289,5518,11.71,67.5
FARM_2119,Uttar Pradesh,Lucknow,Soybean,Kharif,8.6,834.1,25.4,71.9,6.4,6.17,67,129,51,49,Canal,171,3.7,86,5.3,45.56,14759,579473,672420,92947,6207.2,8.54,69.3
FARM_2120,Gujarat,Vadodara,Groundnut,Kharif,6.9,714.2,27.4,82.8,7.7,6.45,43.8,96,68,29,Drip,163,4,84,6.42,44.77,16192,453715,724916,271201,5177.5,12.4,63.9
FARM_2121,Andhra Pradesh,Guntur,Rice,Kharif,11.8,778.4,27.9,79.8,7.6,7.19,62.1,100,55,42,Canal,127,4.6,77,6.03,74.31,15737,759826,1169416,409590,5787.7,10.42,58.2
FARM_2122,Maharashtra,Nagpur,Maize,Kharif,8.3,793.9,29.6,63.2,7.6,6.72,52.5,93,67,37,Tube Well,183,3.2,87,7.09,56.2,16030,670323,900886,230563,7179.2,9.88,53.9
FARM_2123,Gujarat,Surat,Groundnut,Kharif,7.4,645.9,28.7,95,7.5,6.35,64.6,100,52,31,Drip,158,2.7,74,4.97,38.67,17457,437900,675062,237162,5767.6,8.62,54
FARM_2124,Tamil Nadu,Tiruchirappalli,Cotton,Kharif,9.6,1104.4,30.5,73.4,5.6,6.05,67.9,131,54,38,Canal,157,4,94,5.73,57.33,15971,675481,915617,240136,6285.5,9.12,63.1
FARM_2125,Madhya Pradesh,Ujjain,Groundnut,Kharif,10.3,886.1,29.6,70.4,6.4,7.01,48,116,50,62,Drip,249,4.7,75,5.76,58.63,16407,760030,961942,201912,4431.8,13,70.6
FARM_2126,Punjab,Ludhiana,Soybean,Kharif,7.7,1010.8,28.8,82,6.3,6.47,62.3,150,63,41,Tube Well,220,4.3,82,2.77,21.15,16333,219016,345443,126427,6773.7,4.09,54.6
FARM_2127,Uttar Pradesh,Agra,Rice,Kharif,6.6,1055.9,31.7,76.8,7.6,7.33,66.3,150,52,40,Drip,201,3.5,88,5.46,32.73,17867,354627,584787,230160,7179.3,7.61,53.9
FARM_2128,Telangana,Rangareddy,Rice,Kharif,8,775.5,28.5,79.4,7,6.58,56.1,99,61,46,Rainfed,164,3.1,80,6.07,51.3,17458,573346,895595,322249,6461.9,9.39,53.9
FARM_2129,Tamil Nadu,Coimbatore,Cotton,Kharif,7.1,800.1,30.4,70.7,5.9,6.42,62,135,69,39,Drip,160,4.3,79,6.12,45.91,15755,581949,723312,141363,5597.5,10.93,66.4
FARM_2130,Telangana,Sangareddy,Soybean,Kharif,7.7,695.3,24.8,64,6.5,6.22,47.6,155,41,56,Tube Well,185,4.5,80,7,49.36,16598,634781,819277,184496,6177.4,11.33,44.7
FARM_2131,Maharashtra,Aurangabad,Soybean,Kharif,8.6,900,27.6,77.7,5.2,8.43,71.8,143,76,45,Sprinkler,126,2.9,79,4.6,37.57,15041,351854,565090,213236,6114.7,7.52,57
FARM_2132,Punjab,Amritsar,Rice,Kharif,6.3,957.1,28.4,69.2,6.7,7.3,62.9,109,41,56,Canal,203,3.5,82,6.62,38.25,18249,383052,698024,314972,5343.9,12.39,53
FARM_2133,Tamil Nadu,Thanjavur,Maize,Kharif,7.5,827.4,29.8,66.8,8.1,6.4,65.1,138,56,51,Tube Well,192,4.4,81,6.26,47.95,17079,463147,818938,355791,5503.5,11.37,53
FARM_2134,Uttar Pradesh,Agra,Soybean,Kharif,8.6,896.6,31.1,69.3,7.3,6.93,64.1,110,65,48,Sprinkler,207,4.2,83,7.63,69.94,15704,737588,1098338,360750,6601.1,11.56,50.3
FARM_2135,Tamil Nadu,Thanjavur,Soybean,Kharif,7.1,800.9,34.2,75.1,6.8,6.04,57,129,69,40,Tube Well,220,4.1,79,6.19,44.28,16167,484720,715875,231155,6909.3,8.96,46
FARM_2136,Tamil Nadu,Coimbatore,Groundnut,Kharif,6,889.6,29.3,75.2,5.5,6.71,66.9,78,48,38,Rainfed,154,3.5,86,5.94,35.33,16765,434284,592307,158023,5608.2,10.59,59.8
FARM_2137,Karnataka,Raichur,Cotton,Kharif,5.9,717.2,28.8,69.3,6.7,7.13,43.9,146,47,52,Tube Well,158,3.4,78,5.61,28.53,17178,354913,490088,135175,5564.4,10.08,54.6
FARM_2138,Punjab,Patiala,Groundnut,Kharif,10,985.8,29.1,71.2,7.6,7.13,42,90,46,57,Sprinkler,213,3.8,82,6.5,67.08,16516,662575,1107893,445318,4854.2,13.39,43.8
FARM_2139,Punjab,Patiala,Maize,Kharif,8.8,848.9,25.3,66.9,6.2,7.22,68.8,143,70,42,Sprinkler,144,3.6,81,6.32,57.87,15526,673288,898490,225202,5868.4,10.77,59
FARM_2140,Haryana,Hisar,Soybean,Kharif,8.7,842.3,27.9,66.7,7.5,7.48,49.2,139,77,56,Drip,138,3.3,81,5.73,49.19,16900,531320,831311,299991,5829.5,9.83,64.4
FARM_2141,Telangana,Medak,Rice,Kharif,8.1,855.9,29.1,82.4,8.6,6.94,52.4,90,64,48,Tube Well,146,3.4,65,5.69,46.94,17052,613914,800421,186507,6829.6,8.33,54.4
FARM_2142,Tamil Nadu,Madurai,Cotton,Kharif,8.5,796,33.6,76.8,5.4,6.59,76.4,76,51,32,Canal,130,3.7,79,5.51,46.41,18151,509868,842388,332520,6019,9.15,58.7
FARM_2143,Andhra Pradesh,Chittoor,Cotton,Kharif,9.1,881.9,24.8,73.4,4.8,6.38,63.7,117,55,43,Drip,234,3.5,82,4.99,47.2,16207,451293,764970,313677,6092.7,8.19,51.6
FARM_2144,Gujarat,Surat,Soybean,Kharif,8.5,942.8,28.7,76.3,6.9,6.59,54.7,120,55,24,Canal,160,3.7,79,5.88,50.68,16605,609160,841541,232381,6966.5,8.44,49.3
FARM_2145,Andhra Pradesh,Anantapur,Groundnut,Kharif,11.2,654.2,28.8,70,7,6.84,59.3,99,56,43,Sprinkler,210,5.4,88,6.61,73.86,16862,840835,1245427,404592,6688.8,9.88,57.5
FARM_2146,Tamil Nadu,Tiruchirappalli,Groundnut,Kharif,9.6,888.1,25.5,73.9,6.4,7.27,65.5,70,60,43,Sprinkler,212,3.1,78,5.67,57.05,14674,648903,837152,188249,5348.4,10.6,45.5
FARM_2147,Tamil Nadu,Salem,Groundnut,Kharif,7.6,1230.8,28.3,63.8,7.2,7.24,69.3,101,58,49,Sprinkler,157,3.8,74,4.7,40.85,18235,445907,744900,298993,6407.3,7.34,62.2
FARM_2148,Gujarat,Ahmedabad,Groundnut,Kharif,7.6,662.7,27.8,51.4,7.1,7.07,64.8,116,47,49,Drip,132,3.4,75,5.79,42.55,15899,441086,676502,235416,4404.5,13.15,52.3
FARM_2149,Tamil Nadu,Madurai,Soybean,Kharif,4.2,708,29.8,68.3,6.5,7.68,46.9,107,41,45,Sprinkler,138,3.1,81,5.1,19.31,16262,216184,314019,97835,4157.9,12.27,58.8
FARM_2150,Karnataka,Shimoga,Soybean,Kharif,7.6,593.8,28.2,67.4,5.7,7.57,50.1,104,68,32,Canal,193,3.4,80,6.98,53.9,15735,621325,848117,226792,5818.7,12,37.2
FARM_2151,Gujarat,Ahmedabad,Soybean,Kharif,9.3,804.6,30.9,89.7,7.1,6.9,64,115,40,32,Drip,146,4,82,5.42,54.03,17617,617324,951847,334523,4869.8,11.13,47.8
FARM_2152,Gujarat,Rajkot,Maize,Kharif,4,1001.1,25.8,55.3,7.3,7.05,70.6,117,81,41,Sprinkler,207,3.7,86,5.45,20.99,16692,263584,350365,86781,5365,10.16,45.2
FARM_2153,Uttar Pradesh,Kanpur,Cotton,Kharif,7.5,844.8,25.3,75.1,7.1,7.39,67.9,105,55,38,Drip,283,3,86,5,39.24,15050,418833,590562,171729,6426.3,7.78,39.3
FARM_2154,Karnataka,Dharwad,Soybean,Kharif,10.7,456.7,32.5,61.8,8.1,6.72,51.3,125,37,46,Drip,207,3.7,76,5.29,61.31,18256,698859,1119275,420416,7186.4,7.36,48.9
FARM_2155,Madhya Pradesh,Bhopal,Soybean,Kharif,8.7,831.9,27,65,7.2,6.57,65.6,109,61,35,Rainfed,162,3.9,88,7.21,58.16,16916,637415,983835,346420,7862.8,9.17,58.3
FARM_2156,Haryana,Kurukshetra,Maize,Kharif,6.8,795,30.8,72.3,8.1,7.02,62.3,80,62,38,Rainfed,166,3.8,83,5.38,36.24,18384,429900,666236,236336,6487.3,8.29,56.1
FARM_2157,Madhya Pradesh,Bhopal,Soybean,Kharif,8.7,678.2,26.4,75,7.1,6.8,52.4,138,56,35,Sprinkler,179,4.5,89,6.17,53.36,17179,668438,916671,248233,5973.2,10.33,53.6
FARM_2158,Maharashtra,Nashik,Groundnut,Kharif,9.3,780.4,28.2,64.9,7.5,6.43,71.5,95,64,47,Drip,211,4.7,86,5.78,60.87,14656,803172,892111,88939,5661.3,10.21,50.7
FARM_2159,Uttar Pradesh,Kanpur,Rice,Kharif,9.4,740.6,30.2,73.8,5.2,6.92,49.9,115,33,36,Tube Well,168,2.6,81,5.89,52.75,16658,603826,878710,274884,5178.7,11.37,46.3
FARM_2160,Uttar Pradesh,Agra,Soybean,Kharif,11,909.6,25.8,78.7,7.5,7.09,50.1,120,48,41,Canal,181,4.1,78,5.81,62.55,15966,807827,998673,190846,5530.8,10.5,59.5
FARM_2161,Madhya Pradesh,Indore,Soybean,Kharif,6.7,800.7,24.7,72,7,6.24,57.8,100,56,49,Rainfed,188,3,79,4.52,29.79,18800,326391,560052,233661,7159,6.31,62.8
FARM_2162,Maharashtra,Nagpur,Groundnut,Kharif,9.1,617.7,32,80.6,6.2,6.27,54.9,117,63,53,Tube Well,190,2.8,73,5.02,50.1,14176,521488,710218,188730,7571.7,6.63,52.8
FARM_2163,Maharashtra,Nagpur,Rice,Kharif,6.8,936.9,33.2,72.5,7.3,6.34,65.1,147,56,50,Tube Well,164,3.7,77,5.37,35.72,13668,365185,488221,123036,6812.7,7.88,62
FARM_2164,Uttar Pradesh,Meerut,Groundnut,Kharif,8.3,861.2,33.4,75.1,6.6,6.54,52,97,51,42,Sprinkler,171,4.6,69,5.97,47.82,14965,546889,715626,168737,7046.7,8.47,41.8
FARM_2165,Uttar Pradesh,Lucknow,Groundnut,Kharif,8.6,859.4,33.4,70.7,8,7.18,64,89,67,37,Tube Well,178,3.8,84,6.33,52.64,18896,696892,994685,297793,5260.6,12.03,64
FARM_2166,Uttar Pradesh,Kanpur,Soybean,Kharif,8.2,780.3,26.5,72.6,5,6.77,61.2,140,48,34,Canal,152,2.7,85,5.74,45.23,15815,580740,715312,134572,7165.3,8.01,56.1
FARM_2167,Maharashtra,Pune,Maize,Kharif,9.6,1215.8,26.7,74.6,6.4,6.76,53.2,117,60,37,Sprinkler,194,2.8,76,4.05,39.81,17454,442143,694844,252701,6360.8,6.37,56.3
FARM_2168,Uttar Pradesh,Agra,Maize,Kharif,8.6,810.8,31.8,70.6,8.6,6.93,39.4,161,49,45,Sprinkler,138,3.8,71,4.92,42.94,18799,451362,807229,355867,5112.9,9.62,49.2
FARM_2169,Tamil Nadu,Salem,Rice,Kharif,10.2,835,24.1,88.3,8.2,6.5,56.9,114,45,46,Rainfed,174,3.5,83,5.6,60.07,14000,658724,840980,182256,5036,11.12,45
FARM_2170,Andhra Pradesh,Chittoor,Maize,Kharif,5.9,850.4,27.2,83.3,5.5,7.1,56.7,125,45,44,Rainfed,150,4.5,70,5.18,29.24,15390,355792,450004,94212,6821.3,7.59,58.2
FARM_2171,Andhra Pradesh,Kurnool,Groundnut,Kharif,8.8,659.5,27.5,63.6,7.6,6.57,63,107,70,36,Drip,210,3.4,87,9.77,84.47,15751,853858,1330487,476629,5760.8,16.96,52.6
FARM_2172,Karnataka,Belagavi,Soybean,Kharif,6,1019,29.4,72.1,7.5,6.89,55.9,104,53,25,Tube Well,232,3.3,92,5.54,33.66,17793,404008,598912,194904,6611,8.38,62.9
FARM_2173,Punjab,Ludhiana,Cotton,Kharif,5.5,730.1,28.8,72.8,8.3,7.47,44.2,106,55,44,Canal,210,4,91,6.48,35.05,16765,369709,587613,217904,4928.9,13.15,61.7
FARM_2174,Telangana,Sangareddy,Soybean,Kharif,10.1,994.9,26.9,64,5.3,7.65,59.8,95,33,45,Sprinkler,214,4.5,87,7.73,81.24,15924,933521,1293666,360145,6515,11.86,61.2
FARM_2175,Haryana,Rohtak,Rice,Kharif,9.7,1082.2,27.6,76.8,7.8,7.24,48,75,47,65,Rainfed,149,4.1,76,5.32,57.17,18647,630366,1066049,435683,8613.3,6.18,65
FARM_2176,Maharashtra,Nashik,Soybean,Kharif,7.3,904.7,32.5,76.5,6.5,6.16,50.2,130,75,52,Sprinkler,221,2.8,76,5.17,39.31,17576,493985,690913,196928,6716.7,7.7,49.6
FARM_2177,Punjab,Jalandhar,Cotton,Kharif,10.3,784,31.6,69.6,7.3,5.88,65.2,89,55,35,Canal,206,4.2,66,5.51,54.46,17075,500381,929905,429524,4815.6,11.44,55.1
FARM_2178,Tamil Nadu,Madurai,Soybean,Kharif,8.5,1057.1,30.9,72.2,7.6,7.04,60.1,108,39,41,Canal,118,3.6,84,5.7,47.1,16044,520837,755672,234835,4874.6,11.69,50.4
FARM_2179,Uttar Pradesh,Agra,Cotton,Kharif,5.2,815.4,26.4,71.3,8.3,6.53,51.8,119,56,45,Canal,152,3,88,7.03,40.36,17307,477746,698511,220765,7144.7,9.84,61.6
FARM_2180,Tamil Nadu,Tiruchirappalli,Cotton,Kharif,9.2,639,32.4,68.4,7.2,6.54,58.3,112,52,50,Canal,170,3.7,85,5.68,55.84,16641,458523,929233,470710,6701,8.48,65.1
FARM_2181,Haryana,Rohtak,Cotton,Kharif,6.8,530.5,22.1,71.8,8.4,6.69,63.2,118,59,33,Tube Well,140,3.9,82,5.73,38.11,18064,457736,688419,230683,6161.1,9.3,47
FARM_2182,Karnataka,Dharwad,Groundnut,Kharif,8,851.1,27,73.7,6.9,6.41,42.9,152,26,54,Canal,134,3.5,85,4.79,39.78,17518,412423,696866,284443,6275.6,7.63,40.5
FARM_2183,Telangana,Medak,Soybean,Kharif,7.2,768.3,23.9,55.5,7.8,6.98,56.2,110,59,39,Tube Well,194,3.7,89,4.6,34.24,16893,329799,578416,248617,5883.6,7.82,59.9
FARM_2184,Madhya Pradesh,Gwalior,Rice,Kharif,4.2,805.2,28.9,73.1,6.9,6.05,65.9,119,57,45,Sprinkler,230,4.5,83,4.04,17.25,15768,208052,271998,63946,6199,6.52,73.5
FARM_2185,Karnataka,Raichur,Cotton,Kharif,11.7,869.9,27.1,77.6,7.3,5.84,70.3,79,63,72,Rainfed,239,4.2,78,4.7,50.91,16767,634225,853608,219383,7533.1,6.24,67.6
FARM_2186,Maharashtra,Nagpur,Rice,Kharif,8.7,855.1,26.8,61.7,6.2,6.87,48.4,127,40,46,Rainfed,198,2.7,84,5.91,53.02,16729,601218,886972,285754,6476.3,9.13,59.1
FARM_2187,Uttar Pradesh,Lucknow,Groundnut,Kharif,8.4,906.2,29.1,71.8,7.1,6.73,46.8,116,47,47,Rainfed,194,3.9,83,4.85,38.81,15663,468171,607881,139710,6109.4,7.94,70.1
FARM_2188,Haryana,Rohtak,Maize,Kharif,7,1051.4,31.9,68.4,6.1,7.67,74,148,46,49,Tube Well,187,3.4,84,4.62,31.37,16963,322132,532129,209997,6370.1,7.25,55.7
FARM_2189,Andhra Pradesh,Kurnool,Rice,Kharif,6.3,1129.2,33.3,66.8,7.5,6.58,74.9,125,39,35,Drip,172,4,86,7.2,46.13,17794,403521,820837,417316,7163.7,10.05,56.3
FARM_2190,Karnataka,Raichur,Soybean,Kharif,8,715.8,27.7,80.1,6.4,6.62,60.5,140,45,57,Tube Well,187,2.8,77,5.84,45.89,16921,513197,776505,263308,7112.2,8.21,48.5
FARM_2191,Andhra Pradesh,Chittoor,Cotton,Kharif,8.8,943.2,31.4,74.5,7.3,6.64,69.8,98,49,45,Canal,141,3.3,80,4.84,39.8,16655,449160,662869,213709,6268.4,7.72,41.9
FARM_2192,Madhya Pradesh,Ujjain,Rice,Kharif,10.2,783.6,29.2,70,7.7,6.84,55.1,127,42,37,Canal,159,3.3,84,5.76,55.8,17215,500201,960597,460396,5265.4,10.94,69
FARM_2193,Punjab,Ludhiana,Soybean,Kharif,8.5,1031.8,32,70.6,8.2,6.9,60.5,138,82,41,Rainfed,186,3.4,87,6.23,55.94,17930,558716,1003004,444288,6190.8,10.06,61.5
FARM_2194,Andhra Pradesh,Anantapur,Soybean,Kharif,10,890.8,28.1,65.6,6.6,6.21,56.8,96,52,45,Sprinkler,154,4.4,85,6.37,64.15,16590,754754,1064249,309495,5655,11.26,51.8
FARM_2195,Punjab,Amritsar,Rice,Kharif,8.7,846,23.9,67.3,10.2,6.47,51.9,123,70,53,Rainfed,133,4.1,74,6.24,57.29,16287,697684,933082,235398,6209.3,10.05,59.4
FARM_2196,Gujarat,Ahmedabad,Cotton,Kharif,7.7,733,30.8,77,6.7,5.89,55.5,112,59,40,Rainfed,217,3.6,77,5.24,43.54,15629,428738,680487,251749,5215.4,10.05,55.3
FARM_2197,Andhra Pradesh,Chittoor,Groundnut,Kharif,9,761.1,26.3,74.4,7.2,6.96,70.6,143,58,44,Sprinkler,179,4.4,74,6.11,51.15,17228,618989,881212,262223,4743.2,12.88,74.8
FARM_2198,Tamil Nadu,Salem,Cotton,Kharif,9,812.5,25.6,76.5,8,7.15,54.3,125,50,32,Canal,180,3.2,75,4.91,40.11,15239,489205,611236,122031,6521.9,7.53,39.3
FARM_2199,Punjab,Jalandhar,Maize,Kharif,8.9,893.3,29.8,59.8,7.8,7.17,55.5,107,62,34,Sprinkler,198,3.4,76,4.66,42.71,17805,454606,760452,305846,5941.8,7.84,57.1
FARM_2200,Karnataka,Shimoga,Cotton,Kharif,10.3,940.8,31.7,69.7,6.5,6.57,73.7,78,59,50,Rainfed,193,4.3,86,5.34,51.35,16225,527132,833154,306022,6692.2,7.98,60.7
FARM_2201,Tamil Nadu,Madurai,Soybean,Kharif,9.9,764.4,28.4,81.3,4.3,7.62,66.2,109,66,35,Tube Well,160,4.6,80,6.18,56.92,18853,645318,1073113,427795,6718,9.2,58.2
FARM_2202,Tamil Nadu,Madurai,Groundnut,Kharif,7.6,873.1,32.8,65.2,8.3,7.45,47.8,188,62,36,Sprinkler,141,4.3,89,6.99,51.41,15005,583972,771407,187435,6796.4,10.28,56.9
FARM_2203,Andhra Pradesh,Anantapur,Groundnut,Kharif,6.2,1157.1,27.3,70.1,6.4,6.54,51.6,108,60,62,Tube Well,187,4,75,6.62,37.06,17098,424420,633652,209232,5900.7,11.22,62
FARM_2204,Andhra Pradesh,Anantapur,Groundnut,Kharif,8.5,1074.7,27.3,64.7,7.4,5.96,69.8,113,60,62,Sprinkler,181,4,98,6.95,61.1,18070,687769,1104077,416308,5858.7,11.86,56
FARM_2205,Telangana,Rangareddy,Soybean,Kharif,5,698.9,26.3,65.2,6,6.75,51,139,51,39,Canal,139,3.3,91,6.27,31.53,17585,298775,554455,255680,5858.7,10.7,43
FARM_2206,Karnataka,Dharwad,Soybean,Kharif,8.1,908.9,26.9,65.3,6.4,6.98,57.4,117,77,48,Drip,161,4.8,80,6.24,51.34,15374,597097,789301,192204,5393.4,11.57,50.4
FARM_2207,Gujarat,Junagadh,Soybean,Kharif,5.7,893.2,33.2,70.9,8.7,6.42,60,63,61,43,Sprinkler,143,4.4,86,4.31,24.89,14841,337268,369392,32124,5578.7,7.73,49.8
FARM_2208,Punjab,Bathinda,Groundnut,Kharif,5.3,750.7,31.9,74,5.8,6.69,52.4,133,53,49,Tube Well,177,2.9,81,6.1,30.14,16260,325502,490076,164574,5512,11.07,48.3
FARM_2209,Punjab,Ludhiana,Cotton,Kharif,7.1,848.1,28.4,69.3,6,7.41,49.1,107,38,39,Rainfed,187,3.9,82,5.83,44.01,15247,448752,671020,222268,6014.3,9.69,52.6
FARM_2210,Gujarat,Rajkot,Maize,Kharif,9.2,969.5,29.2,59.6,5.9,7.18,58.2,130,62,60,Tube Well,201,4.6,85,6.5,59.54,15443,681661,919476,237815,6995.8,9.29,54.1
FARM_2211,Madhya Pradesh,Indore,Cotton,Kharif,9,749.8,26.4,75.3,8.3,7.15,65.6,140,62,47,Canal,168,3.7,90,4.02,36.13,17229,457885,622484,164599,6891.9,5.83,55.8
FARM_2212,Tamil Nadu,Madurai,Maize,Kharif,10.8,1122.6,26.9,78,6.7,6.71,51.5,145,74,41,Sprinkler,171,3.4,81,6.67,69.26,15613,745461,1081356,335895,5997.2,11.12,48.8
FARM_2213,Haryana,Hisar,Soybean,Kharif,8.4,917.5,22.1,72.5,8.4,7.52,55.1,146,55,67,Rainfed,185,3.9,78,5.75,48.01,15096,579864,724759,144895,8134.1,7.07,56.5
FARM_2214,Andhra Pradesh,Anantapur,Cotton,Kharif,9.8,884.7,25.8,79.1,6.4,6.85,61.9,127,51,61,Canal,131,3.5,80,5,49.12,16129,609808,792256,182448,6907.3,7.24,50.3
FARM_2215,Maharashtra,Nagpur,Soybean,Kharif,6.1,791.6,30.3,83.1,6.1,7.23,52.7,131,38,60,Canal,176,4.4,82,4.26,26.07,16234,326583,423220,96637,6885.1,6.19,57.3
FARM_2216,Maharashtra,Nagpur,Cotton,Kharif,5.3,725,32.8,77.9,5.6,7.63,68.8,101,63,54,Canal,195,4.4,79,2.28,12.81,16102,147487,206267,58780,7446.5,3.06,57
FARM_2217,Andhra Pradesh,Anantapur,Groundnut,Kharif,6.6,898.7,29.9,76,8.7,7.22,45.2,120,63,56,Rainfed,120,3.2,85,4.4,26.74,15977,317561,427225,109664,5789.3,7.6,75.1
FARM_2218,Telangana,Medak,Cotton,Kharif,10.6,1051.2,24.1,67.5,7.3,6.31,47.1,138,47,23,Canal,176,3.9,75,5.94,59.64,16919,690891,1009049,318158,6164.7,9.64,68.4
FARM_2219,Tamil Nadu,Madurai,Soybean,Kharif,9,889.7,32.6,68.2,6.7,7.5,64.4,127,57,42,Canal,162,3.6,87,6.85,61.06,14738,651746,899902,248156,6257,10.95,38.5
FARM_2220,Haryana,Rohtak,Soybean,Kharif,8.8,1071.6,26.2,62.2,8.1,6.58,59.2,159,63,54,Tube Well,213,3.6,78,6.84,58.97,16747,651344,987571,336227,6550.4,10.44,61.8
FARM_2221,Haryana,Hisar,Maize,Kharif,6.3,1025.3,28.9,74.9,5.6,7.01,44.6,112,45,52,Sprinkler,186,4.6,81,5.13,34.58,17056,383643,589796,206153,6255.6,8.2,47.9
FARM_2222,Madhya Pradesh,Ujjain,Cotton,Kharif,5.9,958.4,27.3,77.6,6,6.77,55.8,149,53,39,Tube Well,165,4.3,69,5.59,33.87,16580,407478,561565,154087,6014.8,9.29,43.2
FARM_2223,Punjab,Bathinda,Rice,Kharif,8.7,974.3,26.8,76.9,9.4,6.94,55.7,99,54,43,Sprinkler,222,2.6,92,6.16,57.11,15677,643629,895313,251684,6616,9.31,41.1
FARM_2224,Punjab,Patiala,Soybean,Kharif,9.4,855.3,27.2,81.1,6.6,6.13,48.3,58,55,49,Rainfed,153,3.6,80,5.63,53.89,14852,660970,800374,139404,5983.2,9.41,54.4
FARM_2225,Uttar Pradesh,Agra,Groundnut,Kharif,6.7,747.1,31.5,79.2,8.3,6.41,61.3,131,49,45,Drip,183,4.4,83,6.38,42.06,15844,487973,666399,178426,6460,9.88,48.6
FARM_2226,Gujarat,Junagadh,Rice,Kharif,10.2,950.2,29.5,75.1,6.5,7.62,44.3,115,65,46,Rainfed,140,4.3,82,4.91,50.2,18389,578569,923128,344559,7513.9,6.53,44.6
FARM_2227,Madhya Pradesh,Bhopal,Rice,Kharif,7.7,800,26.1,73.7,7.1,7.27,49.1,122,74,45,Drip,166,4.1,81,6.45,54.05,15268,620656,825235,204579,5920.2,10.89,66.4
FARM_2228,Gujarat,Vadodara,Rice,Kharif,8.2,722.5,25.4,80,8.9,7.74,63.1,106,50,34,Sprinkler,151,4,81,5.25,43.46,18761,504665,815353,310688,7386.5,7.11,59.6
FARM_2229,Tamil Nadu,Tiruchirappalli,Rice,Kharif,9.6,695.3,25.4,83.1,5.7,7.22,55.4,147,83,38,Tube Well,179,4.3,74,4.93,46.65,16179,410425,754750,344325,5048.8,9.76,47.7
FARM_2230,Gujarat,Ahmedabad,Maize,Kharif,5.1,1032.5,26.7,75.6,8.7,6.94,59.7,153,56,42,Drip,170,3.3,82,5.76,29.12,17858,332454,520025,187571,6169.2,9.34,61.4
FARM_2231,Uttar Pradesh,Meerut,Soybean,Kharif,10.3,1057.3,28.8,76,5.4,6.79,51.7,136,45,45,Rainfed,166,4.5,81,5.77,59.21,16972,780463,1004912,224449,6231.3,9.26,65.7
FARM_2232,Maharashtra,Nagpur,Groundnut,Kharif,8.6,689.6,27.4,66.9,6.5,6.89,64.3,106,58,52,Rainfed,187,4,80,5.01,44.07,15407,478573,678986,200413,6762,7.41,41.1
FARM_2233,Gujarat,Vadodara,Rice,Kharif,6.8,591.3,28.5,78.3,8.3,6.8,53.1,101,38,47,Canal,184,3.4,83,6.42,46,16999,500666,781954,281288,5833.8,11,46.6
FARM_2234,Andhra Pradesh,Kurnool,Soybean,Kharif,7.8,788,27,81.1,6,6.25,44.4,139,57,42,Sprinkler,163,3.6,80,5.12,40.71,17690,460077,720160,260083,5172.9,9.9,51
FARM_2235,Tamil Nadu,Madurai,Soybean,Kharif,4.5,848,33.4,74.7,5.8,7.07,58.1,88,49,49,Tube Well,140,3.1,89,5.11,22.31,16692,246096,372399,126303,5644.9,9.05,48.6
FARM_2236,Haryana,Hisar,Cotton,Kharif,5.4,911.3,28,84.7,7,7.57,56.2,120,57,52,Canal,166,4.2,90,5.48,30.07,14341,336430,431234,94804,5476.4,10.01,53.9
FARM_2237,Uttar Pradesh,Meerut,Groundnut,Kharif,5.6,835.5,26.9,67.7,6,6.68,57.6,84,53,30,Sprinkler,163,3.9,80,6.58,38.47,18223,472331,701039,228708,6646.2,9.9,45.1
FARM_2238,Punjab,Jalandhar,Rice,Kharif,9.4,490.9,30.9,70.8,8.5,7.22,51.9,133,48,42,Drip,184,3.4,87,7.47,65.47,17179,799908,1124709,324801,7513.7,9.94,54.8
FARM_2239,Andhra Pradesh,Kurnool,Cotton,Kharif,7.9,803.7,27.7,72.8,6.6,6.74,57.2,57,69,44,Canal,203,3.2,81,5.32,43.13,14727,494795,635176,140381,6308.7,8.43,60.2
FARM_2240,Punjab,Bathinda,Cotton,Kharif,7.9,833.8,30.6,65,6.8,7.59,50.4,125,53,54,Tube Well,142,4,80,5.92,44.39,15069,481770,668913,187143,6934.8,8.54,61.3
FARM_2241,Gujarat,Rajkot,Soybean,Kharif,10.1,767.5,25.4,58.8,6.8,7.07,67.5,109,54,36,Tube Well,225,3.9,80,5.14,44.41,16374,541073,727169,186096,6899,7.45,54.6
FARM_2242,Haryana,Ambala,Cotton,Kharif,7.5,958,26.4,71.7,8.4,7.13,66,92,79,32,Canal,189,4.5,70,6.22,49.98,17846,599963,891943,291980,6420.3,9.69,53.4
FARM_2243,Haryana,Kurukshetra,Rice,Kharif,4.9,637.2,27.4,74.8,6,5.74,77.2,120,51,57,Drip,186,2.7,74,5.44,26.1,15020,297282,392022,94740,5223.9,10.41,58.6
FARM_2244,Maharashtra,Solapur,Maize,Kharif,9.6,826.6,24.2,61.6,6.9,7.04,58.7,127,73,43,Drip,183,3.2,75,5.26,49.08,15656,550667,768396,217729,6204.4,8.48,49.6
FARM_2245,Maharashtra,Nashik,Maize,Kharif,9,812.7,26.2,82.7,7.1,7.25,39.3,127,57,54,Tube Well,166,3.9,86,6.86,62.37,15213,716492,948835,232343,5304.2,12.93,67.5
FARM_2246,Maharashtra,Pune,Maize,Kharif,6.2,668.9,28,78.8,7.5,6.74,48.7,100,72,50,Rainfed,209,4,82,6.05,38.22,17334,410331,662505,252174,6090.3,9.93,54.9
FARM_2247,Haryana,Hisar,Maize,Kharif,5.7,696,27.5,75.8,9.7,7.36,59.6,80,42,41,Sprinkler,118,4.2,81,6.28,36.14,15501,428660,560206,131546,5543.2,11.33,57.2
FARM_2248,Haryana,Rohtak,Groundnut,Kharif,6.9,774.2,27.9,67.1,7.3,6.56,47.8,107,45,39,Rainfed,193,3.8,83,6.13,42.04,16973,544758,713545,168787,6454.6,9.5,48.6
FARM_2249,Andhra Pradesh,Guntur,Soybean,Kharif,8.9,808.4,26.7,72.5,6.7,6.61,62.4,155,49,59,Rainfed,166,3.5,87,5.44,52.95,15147,607293,802034,194741,6098.8,8.92,67.8
FARM_2250,Andhra Pradesh,Kurnool,Cotton,Kharif,6.6,943.1,28.9,70.7,8,6.35,46.2,134,89,44,Canal,173,4,90,5.38,37.66,13921,454640,524265,69625,6102.4,8.82,62.5
FARM_2251,Tamil Nadu,Madurai,Maize,Kharif,9.4,1023.2,29,69.7,7.7,6.26,47,163,75,43,Rainfed,174,3.4,74,4.92,46.73,16616,595603,776466,180863,7342.5,6.7,67.3
FARM_2252,Karnataka,Shimoga,Groundnut,Kharif,8.6,1093.8,28,61.7,8,6.31,58.1,120,61,46,Drip,183,4,77,6.36,56.27,17901,594702,1007289,412587,6828.1,9.31,52.2
FARM_2253,Haryana,Hisar,Rice,Kharif,6.6,630.3,28.6,67.8,6.8,7.24,57.7,65,59,52,Drip,137,3.4,96,6.77,40.86,15765,410775,644158,233383,6819.1,9.93,43.3
FARM_2254,Telangana,Medak,Cotton,Kharif,8,849.8,26.6,73.3,7.3,7.39,69.1,117,60,56,Drip,173,3.2,92,5.04,41.31,17679,457472,730319,272847,6669.4,7.56,65.4
FARM_2255,Tamil Nadu,Thanjavur,Groundnut,Kharif,6.7,835.6,29.1,67.8,5.1,6.84,53.3,112,37,33,Rainfed,228,4.3,84,4.93,34.5,15750,401287,543375,142088,6182,7.97,58.1
FARM_2256,Madhya Pradesh,Jabalpur,Rice,Kharif,8.1,923.1,25.1,59.2,9.1,6.95,57.4,120,62,65,Canal,206,3.8,94,3.36,25.99,17274,294016,448951,154935,5481.6,6.13,51.1
FARM_2257,Haryana,Karnal,Soybean,Kharif,8.2,773.2,31.2,72.6,6.6,7.27,55.9,112,61,38,Rainfed,203,2.6,86,5.32,41.22,14200,394350,585324,190974,7245.8,7.34,55.4
FARM_2258,Karnataka,Raichur,Rice,Kharif,11.4,667.9,25.2,70.7,6.8,6.34,65.7,89,57,41,Tube Well,148,2.2,85,5.27,58.17,16107,672035,936944,264909,4879.2,10.8,38.9
FARM_2259,Haryana,Kurukshetra,Rice,Kharif,6.4,879.8,32.2,67.6,7.8,7.01,70.6,120,64,42,Sprinkler,139,3.7,76,4.53,29.94,16843,332108,504279,172171,6821.3,6.64,56.7
FARM_2260,Haryana,Karnal,Groundnut,Kharif,4.9,825.4,28.7,72.2,8.7,6.78,60.8,75,72,25,Sprinkler,174,3.5,77,5.92,28.77,15393,362495,442857,80362,6344.8,9.33,57.3
FARM_2261,Gujarat,Surat,Rice,Kharif,10.1,785.1,28.1,61.2,6,6.91,57.3,109,71,42,Rainfed,193,3.5,76,8.44,77.81,16118,853173,1254142,400969,6565.1,12.86,50.5
FARM_2262,Gujarat,Junagadh,Soybean,Kharif,7.7,662.9,32.6,68.9,7.4,7.58,63.9,87,47,43,Sprinkler,179,4,87,5.19,41.1,18279,478995,751267,272272,6042.7,8.59,45.7
FARM_2263,Gujarat,Junagadh,Soybean,Kharif,7.3,902.5,29.1,81.3,8.6,6.63,53.1,134,56,45,Canal,165,3.2,88,4.56,33.85,17256,450147,584116,133969,6400.1,7.12,55.9
FARM_2264,Maharashtra,Nagpur,Rice,Kharif,10.4,947.3,28.5,66,7.8,6.9,47.3,92,62,41,Drip,187,2.9,78,5.89,63.52,15369,768433,976239,207806,7045.5,8.36,46.1
FARM_2265,Andhra Pradesh,Kurnool,Soybean,Kharif,7.2,716.6,24.9,74.2,7.6,7.07,49.8,156,35,35,Canal,160,4,80,5.76,40.11,17429,481086,699077,217991,5531.8,10.41,56.8
FARM_2266,Haryana,Hisar,Maize,Kharif,12.6,1200.7,25.4,73.4,8,6.73,63.1,85,37,62,Drip,131,3,82,5.33,73.11,14664,772858,1072085,299227,7396.6,7.21,64.2
FARM_2267,Uttar Pradesh,Varanasi,Cotton,Kharif,7.2,708.9,22.4,78.3,7.4,6.09,61.4,139,57,51,Rainfed,155,4.1,91,5.57,43.22,16799,476936,726053,249117,5984.3,9.31,57.4
FARM_2268,Uttar Pradesh,Meerut,Rice,Kharif,8.7,808.6,23,80.9,7,7.31,58.8,132,68,43,Tube Well,192,3.8,79,4.49,38.43,16287,438689,625909,187220,6890,6.52,51.7
FARM_2269,Karnataka,Shimoga,Groundnut,Kharif,6.5,600.3,31.8,79.1,8.4,6.68,46.8,160,66,48,Tube Well,161,3.9,80,3.3,22.34,16418,243560,366778,123218,7606.8,4.34,58.4
FARM_2270,Gujarat,Surat,Soybean,Kharif,5.5,814.3,30.3,75.1,6.6,6.72,44.2,120,61,45,Sprinkler,177,3.6,77,5.04,28.31,15711,305926,444778,138852,4352.6,11.58,57.6
FARM_2271,Haryana,Rohtak,Soybean,Kharif,2.3,913.7,27.2,70,6.3,7.11,58.5,120,59,45,Tube Well,224,4.2,81,5.37,11.58,17441,118065,201967,83902,5472.7,9.81,47
FARM_2272,Madhya Pradesh,Indore,Soybean,Kharif,7.4,1036.2,30.9,63.6,7.8,6.16,69.8,106,68,45,Tube Well,228,4.3,82,5.66,43.58,15735,518611,685731,167120,5924.6,9.55,45.5
FARM_2273,Karnataka,Belagavi,Maize,Kharif,5.8,749.1,28.4,80.6,6.4,7.45,63.8,141,79,60,Canal,172,3.9,72,6.76,37.08,17774,440035,659060,219025,5798.5,11.66,40.9
FARM_2274,Gujarat,Surat,Cotton,Kharif,6.8,1010.7,26.4,64.7,8.8,6.98,49.7,138,40,64,Canal,149,3.1,76,6.12,40.83,18080,436333,738206,301873,5736.5,10.67,70.5
FARM_2275,Punjab,Patiala,Soybean,Kharif,4.7,688.8,35,77,6.4,7.25,59.9,134,56,40,Sprinkler,210,3.3,95,5.7,26.9,15498,357577,416896,59319,5019.6,11.36,32.6
FARM_2276,Gujarat,Ahmedabad,Maize,Kharif,6.9,1140.5,30.1,68.8,6.7,7.6,44.9,150,53,44,Drip,210,3.8,78,4.94,33.84,15066,393592,509833,116241,4773.6,10.35,51.2
FARM_2277,Tamil Nadu,Tiruchirappalli,Rice,Kharif,9,738.8,29.3,85,6.7,6.63,55.4,151,49,40,Tube Well,155,5,83,4.86,45.72,15801,435440,722422,286982,5831.7,8.33,50.3
FARM_2278,Andhra Pradesh,Anantapur,Maize,Kharif,8.3,757,26,73.4,5.9,6.35,43.6,157,55,47,Rainfed,136,4.9,75,5.01,39.45,17313,403931,682998,279067,6617.8,7.57,44
FARM_2279,Haryana,Kurukshetra,Rice,Kharif,9,934.7,33,66.5,8.3,7.16,73.1,119,56,69,Drip,189,4.1,88,5.4,49.15,15087,557932,741526,183594,7595.4,7.11,69.9
FARM_2280,Gujarat,Vadodara,Maize,Kharif,7,887.1,26.4,75.8,9.3,6.59,57.5,98,74,34,Drip,162,3.1,87,6.14,42.52,16732,492778,711445,218667,5045.4,12.17,66.4
FARM_2281,Telangana,Nalgonda,Rice,Kharif,9.7,929.2,25.5,70,5.8,7.06,43.8,137,46,54,Sprinkler,162,5,79,6.59,63.37,18530,798317,1174246,375929,5225.1,12.61,60.8
FARM_2282,Gujarat,Vadodara,Maize,Kharif,8.8,914.1,26.4,58.5,8.2,7.72,56.5,133,54,44,Rainfed,179,3,78,4.39,39.65,15767,463506,625162,161656,6702.3,6.55,65.6
FARM_2283,Karnataka,Raichur,Cotton,Kharif,7.2,827.4,25,78.6,6.7,7.03,66.7,150,49,46,Canal,249,4.6,78,5.59,37.32,18106,410512,675716,265204,6820.5,8.2,61.4
FARM_2284,Maharashtra,Aurangabad,Cotton,Kharif,10.7,1091.7,30,69.4,6.6,6.21,57.1,121,68,43,Tube Well,210,4.9,76,5.08,54.69,14914,608911,815647,206736,5972.6,8.51,55.7
FARM_2285,Gujarat,Ahmedabad,Maize,Kharif,7.8,990.7,30,67.4,6.3,6.23,43.2,154,54,54,Canal,169,3,88,5.15,43.08,15603,518799,672177,153378,6399.8,8.05,59
FARM_2286,Maharashtra,Pune,Rice,Kharif,8.2,622,30.4,88,7.7,7.02,61.7,149,55,38,Drip,166,3.5,88,5.97,49.49,15656,555498,774815,219317,6596.3,9.05,50.4
FARM_2287,Maharashtra,Aurangabad,Rice,Kharif,8.4,830.9,28.4,74.3,6.1,6.87,69,132,47,49,Drip,125,3.4,79,5.88,49.67,15792,601364,784389,183025,4639.5,12.67,53.8
FARM_2288,Gujarat,Ahmedabad,Groundnut,Kharif,6.5,758.9,29.7,73.1,6.7,6.93,65.2,128,52,39,Canal,170,3.4,85,5.93,39.31,16836,442791,661823,219032,5101,11.63,46.7
FARM_2289,Andhra Pradesh,Krishna,Soybean,Kharif,9,1034.1,28.7,72.3,6.2,7.17,51.7,121,55,49,Rainfed,189,3.7,92,5.57,51.8,17162,735396,888992,153596,5911.2,9.42,58.1
FARM_2290,Madhya Pradesh,Ujjain,Maize,Kharif,8.7,760,26.2,70,5.7,6.07,71.5,84,63,37,Sprinkler,186,3.7,88,4.45,41.03,16864,463367,691930,228563,6084.2,7.31,59.1
FARM_2291,Haryana,Kurukshetra,Groundnut,Kharif,6,994.8,26.2,69.8,8,7.2,68.2,81,26,27,Sprinkler,146,4.3,90,5.54,33.61,17782,427790,597653,169863,4898.6,11.31,63.1
FARM_2292,Punjab,Ludhiana,Groundnut,Kharif,7.6,793,31.4,71.6,7,7.66,62,127,71,73,Tube Well,216,4.2,79,5.02,36.27,16467,378989,597258,218269,5882.2,8.53,50.1
FARM_2293,Andhra Pradesh,Chittoor,Soybean,Kharif,6,1051.7,30,81.2,8.2,6.75,57.3,86,67,39,Canal,134,3.5,79,5.25,33.8,16303,398324,551041,152717,5037.3,10.42,60.8
FARM_2294,Uttar Pradesh,Kanpur,Rice,Kharif,11.8,1113.9,26,77.9,6.3,6.86,72.6,120,47,48,Drip,218,2.9,81,5.85,67.8,17945,791514,1216671,425157,6113.1,9.57,63.2
FARM_2295,Haryana,Hisar,Maize,Kharif,10.3,548.2,28.9,63.4,8.2,7.33,69,115,52,36,Rainfed,193,3.8,77,6.09,65.44,16352,667801,1070075,402274,4846.7,12.57,53.2
FARM_2296,Haryana,Kurukshetra,Rice,Kharif,8.8,828,30.6,59,7.8,7.2,48.7,144,50,51,Rainfed,173,3.9,85,5.04,41.54,18388,534419,763838,229419,6363.6,7.92,51.2
FARM_2297,Karnataka,Belagavi,Cotton,Kharif,6.9,1043.2,30.4,89.1,7.9,7.51,46.8,100,51,33,Tube Well,173,4.3,88,5.85,39.33,16573,464664,651816,187152,5288.8,11.06,55.1
FARM_2298,Maharashtra,Pune,Rice,Kharif,6.5,669,29.6,64,6.8,6.2,81.2,116,55,25,Sprinkler,157,4.3,93,6.84,43.67,14885,563818,650028,86210,6791.6,10.07,49.5
FARM_2299,Uttar Pradesh,Meerut,Maize,Kharif,6.5,936.5,23.9,68.4,6.4,7.43,53.6,130,74,36,Sprinkler,187,3.5,80,5.19,29.84,16649,351029,496806,145777,7087.3,7.32,59.8
FARM_2300,Maharashtra,Nashik,Groundnut,Kharif,8.9,698.3,29.3,74.7,6.9,6.84,77.5,102,67,44,Sprinkler,188,4.3,81,5.56,47.26,15718,520666,742833,222167,7413.3,7.5,57.7
FARM_2301,Telangana,Medak,Maize,Kharif,9.5,990.6,29.6,62.2,4.8,7.08,48.7,94,68,50,Rainfed,257,2.9,79,4.92,44.05,15199,473254,669516,196262,5682,8.66,56.2
FARM_2302,Karnataka,Belagavi,Cotton,Kharif,7.9,919.6,29.4,79.4,7.5,6.69,68,128,73,43,Canal,166,3.6,84,6.67,51.57,16371,511911,844252,332341,6618.5,10.08,58.3
FARM_2303,Maharashtra,Aurangabad,Rice,Kharif,7,1078.4,30.4,76,7,6.34,50.7,121,45,46,Sprinkler,173,3.5,91,5.34,35.03,17168,410635,601395,190760,6486.4,8.23,55.9
FARM_2304,Tamil Nadu,Coimbatore,Rice,Kharif,5.4,855.4,28.2,57.2,8.2,5.95,54.2,128,31,38,Canal,178,3,77,5.95,33.64,16614,364829,558895,194066,6744.5,8.82,63.3
FARM_2305,Karnataka,Dharwad,Maize,Kharif,9.1,965.9,27,67.6,8,7.08,56.5,136,58,56,Canal,143,3.3,82,5.73,53.24,16550,654482,881122,226640,6360.7,9.01,53.5
FARM_2306,Punjab,Amritsar,Soybean,Kharif,7.7,1047.3,27.5,80.9,8.2,6.58,62,169,51,45,Tube Well,194,4.1,83,2.69,19.89,15857,249421,315396,65975,6204,4.34,48.3
FARM_2307,Uttar Pradesh,Lucknow,Rice,Kharif,6.1,694.4,25.8,79.7,8.1,6.74,69.7,148,48,39,Rainfed,146,4.1,72,5.18,31.87,16070,427548,512151,84603,7095.2,7.3,52.8
FARM_2308,Andhra Pradesh,Krishna,Groundnut,Kharif,7.6,862.2,25.2,65.2,8.6,7.7,67.8,113,57,48,Tube Well,185,2.6,79,5.71,43.82,16640,506288,729165,222877,5325.1,10.72,46
FARM_2309,Andhra Pradesh,Krishna,Groundnut,Kharif,6.9,1155.9,27.9,89.3,7.7,6.44,42.7,127,48,46,Drip,189,3.8,92,5.77,36.96,19124,436898,706823,269925,6906.6,8.35,46.4
FARM_2310,Karnataka,Mysuru,Maize,Kharif,10.6,982,27.1,65.7,8.2,7.33,56.3,147,73,44,Tube Well,173,3.2,81,6.54,71.55,15444,855969,1105018,249049,6398.7,10.22,68.8
FARM_2311,Punjab,Bathinda,Rice,Kharif,8,820.4,28.3,56.4,10.2,7.27,49.4,141,54,48,Rainfed,172,4.9,77,5.89,49.57,15869,609278,786626,177348,6343.9,9.28,46.6
FARM_2312,Karnataka,Shimoga,Cotton,Kharif,4.8,794.5,30.2,77,6,6.72,47.6,139,77,39,Sprinkler,221,2.4,77,6.78,32.76,15816,355976,518132,162156,5754.4,11.78,56.3
FARM_2313,Uttar Pradesh,Lucknow,Soybean,Kharif,9.1,929.9,29.4,83.1,8.1,6.63,75.6,157,43,44,Rainfed,174,4.3,80,5.91,53.52,16926,650613,905880,255267,5151.3,11.47,50.2
FARM_2314,Uttar Pradesh,Varanasi,Cotton,Kharif,7.8,674.8,29.2,74.9,6.3,7.02,61.9,140,45,54,Rainfed,184,3.7,80,5.41,42.73,18418,450728,787001,336273,5754.5,9.4,67
FARM_2315,Telangana,Nalgonda,Soybean,Kharif,9.6,821.1,31.9,72.1,6.9,7.8,49.4,142,56,58,Rainfed,203,3.2,82,4.75,45.93,15747,564207,723260,159053,5113.6,9.29,55.5
FARM_2316,Haryana,Ambala,Cotton,Kharif,7.1,925.4,26,83.1,9.3,6.85,54.8,111,41,36,Drip,203,3.8,84,6.44,45.66,18787,525272,857814,332542,5700.9,11.3,59.2
FARM_2317,Gujarat,Ahmedabad,Maize,Kharif,8.8,884.6,29.8,65.1,6.4,6.82,52.4,112,52,46,Tube Well,196,4,83,4.93,41,15752,471477,645832,174355,5575.1,8.84,41.1
FARM_2318,Karnataka,Mysuru,Groundnut,Kharif,5.5,471.5,30.3,74.3,7.4,7.2,48.5,105,61,50,Canal,186,3,85,4.73,27.68,16830,274405,465854,191449,5565.7,8.5,65.3
FARM_2319,Tamil Nadu,Madurai,Maize,Kharif,6.5,429.3,29.8,75.9,6.4,7.6,49.6,61,47,50,Drip,179,3.3,78,4.96,30.05,17625,377467,529631,152164,6755.3,7.34,56.9
FARM_2320,Madhya Pradesh,Bhopal,Cotton,Kharif,10.5,773.5,29.3,90.7,5.6,6.11,73.1,140,35,37,Tube Well,262,3.6,92,5.61,57.24,17051,565973,975999,410026,6385.5,8.79,51.9
FARM_2321,Telangana,Rangareddy,Groundnut,Kharif,8.5,924.8,25.9,71.7,7.5,7.64,47.7,118,50,61,Canal,161,3.7,86,4.98,43.24,17938,525373,775639,250266,5216,9.55,41.3
FARM_2322,Andhra Pradesh,Chittoor,Groundnut,Kharif,9.5,1124.5,31.3,80.6,6.2,6.75,65.5,127,52,49,Tube Well,131,5.9,76,5.87,58.33,16007,632741,933688,300947,7314.7,8.02,52
FARM_2323,Punjab,Jalandhar,Groundnut,Kharif,6.8,846.1,25.4,67.5,8.1,7.06,60.2,131,53,50,Rainfed,146,3.1,78,6.7,47.41,15513,567661,735471,167810,4732.1,14.16,50.8
FARM_2324,Tamil Nadu,Tiruchirappalli,Maize,Kharif,6.9,837.2,25.7,66.9,7,6.52,53.9,79,71,58,Sprinkler,167,4.1,73,5.35,41.43,16601,497225,687779,190554,6415.8,8.34,39.1
FARM_2325,Gujarat,Rajkot,Maize,Kharif,9,834.2,26.1,69.8,7.7,6.25,55.9,136,46,51,Sprinkler,199,3.6,85,5.08,48.16,15356,577627,739545,161918,6492.5,7.82,53.6
FARM_2326,Punjab,Patiala,Soybean,Kharif,11.3,850.2,32.7,64.1,8.7,7.07,63.6,95,36,27,Tube Well,151,4.3,91,6.24,68.61,17205,801513,1180435,378922,7745.6,8.06,42.6
FARM_2327,Haryana,Karnal,Groundnut,Kharif,10.5,975.3,24.5,78.6,6.9,5.98,52.9,131,53,46,Drip,177,3.6,69,6.8,71.52,18056,659225,1291365,632140,7449.1,9.13,55
FARM_2328,Andhra Pradesh,Guntur,Cotton,Kharif,11.5,703.1,30.1,76.7,7.6,6.72,64.6,127,57,55,Rainfed,169,3.9,88,5.95,73.03,17493,818105,1277514,459409,5993.5,9.93,50.6
FARM_2329,Uttar Pradesh,Agra,Groundnut,Kharif,8,1124.7,33.6,71.1,6.3,6.84,78.2,126,51,47,Tube Well,195,3,71,4.73,39.84,14420,447730,574493,126763,7686.6,6.15,48.2
FARM_2330,Maharashtra,Nashik,Rice,Kharif,8.6,911.9,29.7,54.2,8.1,7.5,57.5,124,68,53,Sprinkler,186,3.9,77,5.18,45.57,15302,566809,697312,130503,5335,9.71,50.9
FARM_2331,Karnataka,Mysuru,Soybean,Kharif,7.5,833.2,26.9,73.9,6.6,6.62,59.2,106,49,45,Drip,189,4.3,88,4.77,33.61,16663,384200,560043,175843,4819.2,9.9,64.6
FARM_2332,Gujarat,Vadodara,Cotton,Kharif,9.1,841.4,27.8,63.9,6.7,7.35,52.1,138,56,51,Sprinkler,230,3.5,83,4.93,44.93,17876,504210,803169,298959,5689.8,8.66,55.3
FARM_2333,Maharashtra,Pune,Groundnut,Kharif,7.3,1066.2,26,75.2,9.2,6.15,69,133,46,50,Canal,192,3.8,85,5.37,34.69,16349,360887,567147,206260,5186.7,10.35,64.2
FARM_2334,Haryana,Hisar,Soybean,Kharif,10.1,773.6,31.4,78.3,8.9,6.82,55.2,133,61,52,Sprinkler,142,3.2,72,5.29,57.89,16113,667203,932782,265579,7234,7.31,57.5
FARM_2335,Tamil Nadu,Coimbatore,Maize,Kharif,7.6,852.1,27.6,67.8,7.9,6.75,57,143,37,43,Tube Well,188,4.2,91,6.15,52.37,18082,570917,946954,376037,6876.9,8.94,53.3
FARM_2336,Uttar Pradesh,Lucknow,Cotton,Kharif,8.9,838,27.9,61.8,8.4,7.08,66.1,128,78,48,Rainfed,183,4,70,4.91,43.57,16734,570277,729100,158823,6269.8,7.83,38.5
FARM_2337,Telangana,Warangal,Maize,Kharif,7.2,846.5,33.2,66.2,6.7,6.87,58.6,98,65,29,Canal,168,3.8,82,5.84,41.85,18416,478574,770710,292136,6507.5,8.97,42
FARM_2338,Karnataka,Shimoga,Rice,Kharif,5.1,723.9,24.5,90.3,6,5.79,43.5,106,38,56,Sprinkler,224,5.2,85,6.74,35.99,16247,410443,584730,174287,6950.3,9.7,62.5
FARM_2339,Punjab,Bathinda,Rice,Kharif,7.9,804,32.5,68.5,7,6.69,57,147,60,59,Tube Well,244,3.8,80,5.78,40.47,15308,485489,619515,134026,4646.2,12.44,56.7
FARM_2340,Gujarat,Junagadh,Cotton,Kharif,7.1,909.6,29.2,71.2,8.1,6.29,57.1,114,66,47,Tube Well,195,4.7,85,5.87,44.81,16743,495423,750254,254831,6874.4,8.54,49.7
FARM_2341,Tamil Nadu,Madurai,Soybean,Kharif,3.9,833.8,28.1,72.8,7.4,6.84,40.8,124,39,38,Tube Well,214,4.4,89,5.24,20.34,16232,216916,330159,113243,7085.9,7.39,58.8
FARM_2342,Haryana,Ambala,Soybean,Kharif,9.3,920,25.8,82.9,7.1,6.75,67.2,141,58,64,Tube Well,199,4,96,6.15,52.92,16693,602374,883394,281020,6101.4,10.08,52.5
FARM_2343,Gujarat,Vadodara,Cotton,Kharif,11.1,790.2,29.1,71.6,5.7,7.28,72.2,92,50,44,Drip,126,4.3,76,5.22,60.04,15263,726791,916391,189600,6910.9,7.55,47.7
FARM_2344,Punjab,Jalandhar,Maize,Kharif,3.7,950.3,24.9,66.4,6.9,5.96,66,124,48,36,Tube Well,205,3.5,77,6.04,20.88,16649,217159,347631,130472,6142.9,9.83,58.2
FARM_2345,Tamil Nadu,Tiruchirappalli,Cotton,Kharif,7.7,893.9,31.5,63.5,8.1,5.46,70.7,111,42,41,Sprinkler,188,3.9,94,6.7,52.75,17449,625520,920435,294915,5506.7,12.17,48.2
FARM_2346,Haryana,Rohtak,Soybean,Kharif,9.2,952.7,31.3,77.2,7.7,7.3,58.6,148,69,44,Sprinkler,164,3.2,77,6.13,60.48,17504,677190,1058642,381452,5779.8,10.61,57.7
FARM_2347,Uttar Pradesh,Agra,Groundnut,Kharif,5.4,950.4,29.1,71,6.2,6.37,66.3,120,46,62,Tube Well,196,3.5,80,6.43,36.29,17796,423754,645817,222063,5801.5,11.08,51.2
FARM_2348,Andhra Pradesh,Chittoor,Maize,Kharif,9,707.5,28.3,58.3,8,7.79,56.6,142,60,43,Canal,159,4.5,88,5.43,47.7,16676,573184,795445,222261,5369.9,10.11,45.1
FARM_2349,Telangana,Nalgonda,Groundnut,Kharif,6.1,712.2,28.8,73.2,8,6.87,47.6,107,57,27,Drip,216,4,78,5.03,30.78,16880,398228,519566,121338,6504.3,7.73,39.7
FARM_2350,Uttar Pradesh,Varanasi,Rice,Kharif,8.5,808,27.6,72.4,6,6.45,49.7,121,75,39,Rainfed,147,3.8,82,6.56,51.24,15970,525713,818303,292590,4702.1,13.95,48.4
FARM_2351,Karnataka,Shimoga,Rice,Kharif,10,875.6,28.9,61.7,6.3,6.6,44.5,115,55,45,Rainfed,150,3.7,84,10.57,98.73,16851,1169192,1663699,494507,5463.6,19.35,54.3
FARM_2352,Gujarat,Junagadh,Soybean,Kharif,9.4,929.1,27.3,93.8,6.7,6.58,51.4,168,53,28,Drip,177,3.7,91,5.3,50.65,17681,572141,895543,323402,5572.3,9.51,57.6
FARM_2353,Haryana,Ambala,Cotton,Kharif,11,970.2,31,65.6,10,6.67,62.3,108,56,21,Rainfed,207,3.7,78,5.12,58.67,17104,636790,1003492,366702,5983.6,8.56,37.4
FARM_2354,Gujarat,Junagadh,Rice,Kharif,9.7,812.3,26.8,78.1,4,7.09,62.6,132,47,40,Tube Well,168,3.5,84,5.09,48.42,17174,550380,831565,281185,6403,7.95,66.8
FARM_2355,Telangana,Rangareddy,Rice,Kharif,5,812.6,29,70.2,6.9,6.5,68.5,153,57,35,Sprinkler,164,3.1,72,4.6,22.26,17624,274011,392310,118299,5843.6,7.87,60.2
FARM_2356,Andhra Pradesh,Kurnool,Soybean,Kharif,6,671.5,28.1,74.6,6.5,7.06,50.7,132,58,49,Sprinkler,198,4.3,81,6.84,41.61,16627,454138,691849,237711,7609.9,8.99,55.1
FARM_2357,Punjab,Ludhiana,Groundnut,Kharif,8.1,761.3,28.7,64.4,7.1,7.33,52.9,77,71,34,Rainfed,214,3.2,81,6.3,46.87,15775,624581,739374,114793,5919.3,10.64,48.8
FARM_2358,Andhra Pradesh,Krishna,Rice,Kharif,8.4,881.1,26.4,73.9,5.8,6.95,48.6,97,56,42,Rainfed,171,3.2,78,6.44,54.45,14960,658417,814572,156155,5719.6,11.26,66
FARM_2359,Karnataka,Raichur,Groundnut,Kharif,12.4,776.9,24,73.6,6.9,6.98,53.6,122,64,31,Sprinkler,188,3.8,77,6.07,70,14830,886409,1038100,151691,5915.4,10.26,53.5
FARM_2360,Tamil Nadu,Tiruchirappalli,Cotton,Kharif,8.8,610.3,27.5,63.1,6,6.84,48.9,105,50,23,Drip,120,3.7,85,6.04,50.19,17752,497849,890973,393124,4518.5,13.37,51.5
FARM_2361,Telangana,Warangal,Cotton,Kharif,7.5,1040,32.3,59.3,8.4,7.88,59.1,136,62,61,Sprinkler,158,4.1,77,4.99,36.44,14647,420991,533737,112746,5223.5,9.55,56.8
FARM_2362,Gujarat,Rajkot,Soybean,Kharif,6.8,662.4,27.2,49.6,7.6,6.65,55.4,105,50,56,Rainfed,216,4.8,86,4.84,32.83,16005,342190,525444,183254,6184.7,7.83,63.9
FARM_2363,Tamil Nadu,Tiruchirappalli,Cotton,Kharif,8.7,929.2,29.8,64,6.6,6.58,61.8,108,51,39,Tube Well,230,4.6,84,5.72,52.38,17079,546366,894598,348232,5857.1,9.77,42.4
FARM_2364,Andhra Pradesh,Kurnool,Maize,Kharif,11.1,907.7,27.8,76,7.3,6.56,69.4,131,61,47,Drip,145,3.9,78,4.65,54.16,16186,643647,876634,232987,7446,6.24,62.4
FARM_2365,Gujarat,Vadodara,Soybean,Kharif,9.1,614,28.4,79.7,8.2,7.93,64.5,120,44,42,Sprinkler,183,3.3,88,5.21,50.25,17059,426763,857215,430452,5432.6,9.59,63.9
FARM_2366,Haryana,Hisar,Rice,Kharif,9.8,930,26.4,62.6,7.2,6.67,47.1,154,53,35,Tube Well,195,3.5,87,5.68,54.1,15663,672988,847368,174380,6449.6,8.81,57.2
FARM_2367,Maharashtra,Nashik,Groundnut,Kharif,11.4,952.5,29,61.4,8.8,6.54,80.4,97,35,37,Canal,152,3.3,91,5.1,58.02,16485,614529,956460,341931,7080.8,7.2,47
FARM_2368,Andhra Pradesh,Chittoor,Soybean,Kharif,5.8,947.3,29,58.3,5.5,6.48,50.5,168,77,44,Tube Well,141,4.4,82,6.98,39.44,15587,479977,614751,134774,5746.3,12.15,52.5
FARM_2369,Telangana,Warangal,Maize,Kharif,9.4,706.5,24.6,68,6.8,6.98,64.5,108,51,60,Tube Well,247,3.9,71,3.99,39.46,17010,491148,671215,180067,6147,6.49,59.5
FARM_2370,Karnataka,Shimoga,Soybean,Kharif,10.4,834.3,28.6,72.8,6.5,6.67,51.2,117,44,37,Drip,150,3.9,87,5.43,51.37,17047,658763,875704,216941,5407.7,10.04,50.4
FARM_2371,Madhya Pradesh,Jabalpur,Maize,Kharif,6.8,850.5,31.6,68.1,5.8,7.43,50.1,126,40,37,Tube Well,184,4,78,4.91,31.41,17181,315492,539655,224163,6866.3,7.15,44
FARM_2372,Gujarat,Junagadh,Soybean,Kharif,8.3,953.5,27.2,69,5.5,6.88,55.7,154,52,54,Rainfed,234,4.6,87,4.65,38.07,16325,418226,621493,203267,5698.4,8.16,63.5
FARM_2373,Andhra Pradesh,Anantapur,Soybean,Kharif,13.2,728,26.7,76.8,8.4,7.2,47.2,106,61,31,Drip,255,4.1,91,4.72,60.85,16537,741409,1006276,264867,5709.7,8.27,59.2
FARM_2374,Haryana,Rohtak,Maize,Kharif,11.3,865.1,30.8,85.3,7.6,7.19,61.2,145,67,53,Drip,115,3.1,82,6.65,75.37,16696,834903,1258378,423475,5845.8,11.38,48.2
FARM_2375,Punjab,Jalandhar,Cotton,Kharif,8.4,808.2,24.4,79.9,5.8,7.1,67.4,120,37,56,Rainfed,156,3.7,81,6.2,53.95,15339,612549,827539,214990,7374.6,8.41,54.6
FARM_2376,Andhra Pradesh,Krishna,Maize,Kharif,5.7,971.1,32.9,71,9.5,7.71,49.9,130,45,55,Drip,174,4.2,84,5.99,34.6,17029,413293,589203,175910,6127.9,9.77,57.6
FARM_2377,Haryana,Karnal,Groundnut,Kharif,7.5,594.4,26.6,79.6,7.9,6.64,50.3,104,62,41,Sprinkler,120,3.4,83,5.18,38.58,14561,423939,561763,137824,5911.1,8.76,46.3
FARM_2378,Tamil Nadu,Coimbatore,Groundnut,Kharif,7.4,613.3,26.6,56.3,5.9,6.18,43.2,106,63,47,Sprinkler,126,4.6,90,6.19,45.21,18337,465768,829016,363248,5516.1,11.22,54.9
FARM_2379,Maharashtra,Aurangabad,Cotton,Kharif,8.9,739,28.6,76.6,7.5,6.81,70.3,129,50,37,Sprinkler,187,3.6,79,5.15,47.98,15078,526759,723442,196683,4977.5,10.35,56.1
FARM_2380,Karnataka,Dharwad,Maize,Kharif,6.8,645.9,28.9,72.7,5.6,7.25,63.5,97,46,46,Canal,182,4.6,79,6.94,48.75,16228,534831,791115,256284,6103,11.37,47.6
FARM_2381,Telangana,Nalgonda,Groundnut,Kharif,8.8,891.2,24.6,73.3,8.6,6.81,55.9,144,61,52,Canal,155,3.3,85,5.78,50.04,17278,537337,864591,327254,7277.4,7.94,62
FARM_2382,Madhya Pradesh,Bhopal,Groundnut,Kharif,8.4,725.5,29.2,59.5,6.6,7.25,50.7,122,60,47,Tube Well,159,3.7,84,4.6,37.15,15061,434720,559516,124796,6655.7,6.91,48.7
FARM_2383,Tamil Nadu,Coimbatore,Groundnut,Kharif,6.4,1041.1,24.5,68.2,6.8,6.19,58.6,140,39,58,Drip,194,4.1,80,5.41,33.84,15673,381868,530374,148506,4861.6,11.13,53.4
FARM_2384,Karnataka,Shimoga,Groundnut,Kharif,7.3,991.9,29,76.7,6.8,6.3,48.4,117,66,42,Tube Well,219,4.1,68,5.77,43.02,15134,480062,651065,171003,5649.8,10.21,40.1
FARM_2385,Tamil Nadu,Salem,Maize,Kharif,6.2,1047,25.6,73.9,7.8,6.41,47.1,152,36,43,Tube Well,204,3.9,74,6.61,38.9,16621,489483,646557,157074,5849,11.3,66.5
FARM_2386,Haryana,Hisar,Cotton,Kharif,7.2,985.4,29.8,77.4,6.9,6.41,52.8,101,54,30,Tube Well,191,3.3,82,5.31,36.87,14949,408809,551170,142361,4776.5,11.12,52.3
FARM_2387,Telangana,Rangareddy,Maize,Kharif,8.2,841.3,30.5,82.1,5.8,7.22,62.5,132,51,54,Tube Well,143,3.2,81,5.61,51.27,18479,671948,947418,275470,5145.8,10.9,59.9
FARM_2388,Maharashtra,Pune,Rice,Kharif,7.7,860.7,29.7,71.5,7,6.86,66.2,119,44,57,Drip,246,3.9,90,5.77,43.37,18089,452948,784520,331572,5942.4,9.71,58.9
FARM_2389,Madhya Pradesh,Indore,Groundnut,Kharif,8.7,914.3,31.6,64,5.9,5.45,64.8,120,66,50,Canal,221,3.6,74,5.77,49.07,16630,610876,816034,205158,6883.5,8.38,57.9
FARM_2390,Punjab,Bathinda,Rice,Kharif,11.6,716.9,29.3,68.6,8,6.36,55.8,90,42,50,Rainfed,139,3.8,86,5.73,67.91,14491,768898,984084,215186,7610.3,7.53,38.5
FARM_2391,Andhra Pradesh,Kurnool,Maize,Kharif,6.5,962.2,28.8,81.5,7.5,6.41,43.3,91,74,58,Canal,129,3.4,84,4.88,30.56,14416,339136,440553,101417,6771.8,7.21,53.9
FARM_2392,Tamil Nadu,Madurai,Rice,Kharif,5.9,788.4,30,76.7,7.2,7.16,58.4,94,43,38,Canal,219,3.1,75,6.22,34.69,17129,413484,594205,180721,4011.3,15.51,62.9
FARM_2393,Andhra Pradesh,Krishna,Rice,Kharif,9.9,918.5,29.5,85.4,6.1,7.4,53.4,103,43,23,Drip,174,4.5,72,5.52,55.18,15823,612319,873113,260794,6139.6,8.99,44
FARM_2394,Madhya Pradesh,Ujjain,Rice,Kharif,5.9,847.6,27.5,76,6,6.66,66.1,94,43,38,Tube Well,183,3.6,87,5.96,36.44,16270,422794,592879,170085,5101.1,11.68,64.3
FARM_2395,Uttar Pradesh,Meerut,Groundnut,Kharif,8.8,778.3,27.3,75.2,7.2,6.42,65.9,158,52,42,Canal,164,4,84,4.29,37.05,16599,441390,614993,173603,6764.7,6.34,49.2
FARM_2396,Andhra Pradesh,Kurnool,Rice,Kharif,6.3,717.4,27.1,71.9,7.7,6,57.8,125,79,57,Rainfed,186,3.7,80,2.3,14.68,16488,165213,242044,76831,5005.7,4.59,54.7
FARM_2397,Karnataka,Dharwad,Rice,Kharif,8.5,701.6,27.3,63.1,5,6.34,55.7,82,71,41,Canal,183,2.5,85,6.6,53.82,19614,684806,1055625,370819,5923,11.14,46.9
FARM_2398,Punjab,Patiala,Maize,Kharif,9.8,814.3,28.6,78.2,7,7.24,60,96,53,45,Canal,182,4.3,74,4.9,50.96,15852,557432,807818,250386,6976.5,7.02,54
FARM_2399,Telangana,Nalgonda,Cotton,Kharif,5.7,640.2,27.5,71.7,5.8,7.1,46.9,90,43,27,Canal,120,3.2,76,5.96,32.54,15748,358811,512440,153629,5870.6,10.15,53.9
FARM_2400,Tamil Nadu,Thanjavur,Maize,Kharif,5.8,709.3,28.1,90.9,7.8,6.17,73.9,133,67,24,Canal,175,3.8,83,6.49,36.94,16046,350254,592739,242485,7392.6,8.78,59.4
FARM_2401,Tamil Nadu,Madurai,Soybean,Kharif,9.3,921.4,24.7,78.1,7.3,6.53,50,143,70,31,Drip,188,2.9,73,5.93,54.09,18461,570206,998555,428349,6482.6,9.15,68.3
FARM_2402,Uttar Pradesh,Lucknow,Groundnut,Kharif,7.5,876.8,26.3,83.4,7.3,6.85,82.8,85,32,44,Sprinkler,198,3.3,76,5.42,41.2,16095,498430,663114,164684,4704.9,11.52,62
FARM_2403,Madhya Pradesh,Ujjain,Maize,Kharif,9.6,970.6,31.7,83.3,7.7,6.07,60,121,77,54,Canal,176,4.4,76,5.83,58.15,17310,624566,1006577,382011,4698.7,12.41,57.3
FARM_2404,Andhra Pradesh,Krishna,Maize,Kharif,9.5,773.7,28.1,72.4,5.1,6.89,64.2,130,27,59,Sprinkler,240,3.6,81,4.54,38.4,17659,481985,678106,196121,5986.9,7.58,46.4
FARM_2405,Gujarat,Ahmedabad,Soybean,Kharif,9.6,910.2,31.1,79.2,8.4,6.31,58,169,54,58,Tube Well,213,4,93,4.84,45.14,17586,516365,793832,277467,6729.2,7.19,62.6
FARM_2406,Uttar Pradesh,Lucknow,Soybean,Kharif,6.5,1066.1,27,75.2,7.7,7.02,53.3,106,54,28,Drip,180,2.8,87,5.54,35.68,16087,399661,573984,174323,7140.8,7.76,48.1
FARM_2407,Karnataka,Raichur,Groundnut,Kharif,9.7,973.8,27.7,62.5,6,6.48,61,170,29,42,Tube Well,173,5,79,4.72,44,14907,518334,655908,137574,6531.6,7.23,42.6
FARM_2408,Andhra Pradesh,Guntur,Maize,Kharif,7,1026.3,28.5,65.7,7.2,6.45,50.8,94,46,47,Canal,199,4.4,80,4.77,34.81,17605,428477,612830,184353,6861.2,6.95,56.2
FARM_2409,Telangana,Warangal,Maize,Kharif,4.7,851.1,27.2,70.7,6,7.28,52.1,95,61,37,Tube Well,222,2.8,88,6.46,30.09,16973,362302,510718,148416,6630.6,9.74,59.6
FARM_2410,Tamil Nadu,Tiruchirappalli,Cotton,Kharif,9,904.8,29.6,69.8,6.9,7.07,54.3,66,48,62,Canal,141,4.7,81,4.82,42.77,17636,524583,754292,229709,6265.5,7.69,53
FARM_2411,Maharashtra,Solapur,Soybean,Kharif,6.5,813.8,32.6,50.8,8.1,7,48.9,146,54,41,Rainfed,179,4.2,85,4.98,31.88,16374,386814,522003,135189,7074.6,7.04,44.1
FARM_2412,Tamil Nadu,Thanjavur,Groundnut,Kharif,5.7,713.5,25.2,78.3,6.7,6.36,65.4,124,64,68,Rainfed,221,2.8,74,6.35,37.49,16926,467809,634556,166747,6773.2,9.38,44.7
FARM_2413,Telangana,Nalgonda,Soybean,Kharif,8.5,732,28,65.9,7,6.21,55.1,162,58,46,Tube Well,232,4.7,86,4.91,42.23,19350,488826,817150,328324,4952,9.92,61.3
FARM_2414,Telangana,Sangareddy,Rice,Kharif,7.1,836.2,29.1,79.9,5.7,6.82,62.2,141,77,37,Drip,168,4,80,5.75,41,18171,488979,745011,256032,5554.5,10.35,49.1
FARM_2415,Punjab,Patiala,Cotton,Kharif,4.4,713.3,28.6,64.3,9.6,6.3,75.5,93,44,47,Sprinkler,150,4,91,5.66,25.38,14958,300330,379634,79304,6023,9.4,52.6
FARM_2416,Telangana,Rangareddy,Groundnut,Kharif,6.9,644.3,27.4,72,8.8,6.34,55.7,136,40,44,Rainfed,192,4.3,82,5.31,36.86,15388,346717,567202,220485,6385.1,8.32,56.3
FARM_2417,Karnataka,Dharwad,Soybean,Kharif,9,846.3,23.4,69.7,6.7,6.33,38.3,106,36,49,Sprinkler,196,3.6,87,5.29,45.19,14636,569719,661401,91682,6818.2,7.76,66.1
FARM_2418,Karnataka,Mysuru,Maize,Kharif,9.1,1104.7,27.6,75.5,6.2,7.48,56.7,170,55,43,Sprinkler,180,3.8,96,5.75,54.15,19339,622395,1047207,424812,4633.1,12.41,53.9
FARM_2419,Uttar Pradesh,Varanasi,Cotton,Kharif,6.6,994.7,28,67.5,7.9,7.07,66.8,131,56,41,Rainfed,156,3.4,75,5.82,38.87,17641,449072,685706,236634,4815.4,12.09,67.8
FARM_2420,Gujarat,Ahmedabad,Cotton,Kharif,8.7,938.3,24.7,74.4,8.9,7.02,53.1,189,51,33,Tube Well,155,3.8,77,5.66,46.18,16365,567554,755736,188182,6120.3,9.25,56.3
FARM_2421,Haryana,Hisar,Rice,Kharif,6.5,806.9,26.4,66.4,6.8,6.46,57.1,133,52,63,Rainfed,237,4.6,88,5.44,34.34,17528,386846,601912,215066,5600.6,9.71,66
FARM_2422,Gujarat,Vadodara,Soybean,Kharif,8.7,842.3,30.1,82,6.3,6.87,45.5,134,42,48,Tube Well,158,3.7,82,5.21,45.06,16049,514913,723168,208255,5737.6,9.08,57.3
FARM_2423,Karnataka,Dharwad,Cotton,Kharif,5.1,760.7,33.8,65.3,6,6.96,62.1,134,81,49,Tube Well,151,3.3,71,5.86,29.31,14247,305469,417580,112111,6193.2,9.46,52.3
FARM_2424,Uttar Pradesh,Kanpur,Rice,Kharif,9.3,833.4,23.9,90,7.4,6.96,59.6,151,60,55,Drip,152,4.3,82,5.81,51.98,15870,599603,824923,225320,7383.9,7.87,41.9
FARM_2425,Tamil Nadu,Salem,Rice,Kharif,7.4,734.8,28,81.6,6.8,6.8,60,103,51,44,Rainfed,195,3.2,86,4.95,37.1,19793,456872,734320,277448,7234.8,6.84,51.3
FARM_2426,Karnataka,Raichur,Rice,Kharif,9.5,827.8,26.6,68.1,7.1,6.21,61.7,113,62,31,Sprinkler,151,3.4,73,6.32,57.9,14437,626131,835902,209771,5699.1,11.09,53.6
FARM_2427,Telangana,Sangareddy,Soybean,Kharif,8.7,944,29.9,78.8,6.7,6.97,67.2,142,70,39,Drip,191,4.4,76,5.94,54.55,16996,632351,927132,294781,7150.1,8.31,66.4
FARM_2428,Maharashtra,Pune,Maize,Kharif,10.2,630.3,24,65.2,5.9,7,53.5,100,49,53,Canal,191,3.6,79,5.84,59.84,19243,611790,1151501,539711,7530.8,7.75,50.3
FARM_2429,Karnataka,Shimoga,Maize,Kharif,5.9,802.8,27.6,64.2,7.1,7.01,56.2,139,70,29,Tube Well,145,4.3,82,6.53,35.28,16525,430693,583002,152309,6561.4,9.95,48.9
FARM_2430,Uttar Pradesh,Varanasi,Groundnut,Kharif,6.7,665.6,24.7,64.7,7.2,7.34,40.2,64,59,57,Drip,108,4.1,86,6.29,45.75,16563,474126,757757,283631,4551,13.82,70.2
FARM_2431,Haryana,Rohtak,Maize,Kharif,10.1,881.2,26.4,69.3,5.3,6.42,58,118,60,59,Tube Well,217,3.7,88,5.8,52.84,18478,593051,976378,383327,6159.2,9.42,50.1
FARM_2432,Gujarat,Vadodara,Cotton,Kharif,8.3,761.8,31.1,76.5,6.3,7.33,62.9,134,45,43,Drip,169,4.2,82,6.72,51.77,16381,606709,848044,241335,5879.3,11.43,54.6
FARM_2433,Telangana,Medak,Rice,Kharif,8.9,612.6,32.5,63.8,8.2,6.55,51.9,51,49,43,Drip,155,3.8,84,5.11,43.73,15829,501214,692202,190988,6361,8.03,60.3
FARM_2434,Karnataka,Mysuru,Rice,Kharif,10.1,887.2,27.4,66.3,5.2,6.98,58.2,127,63,44,Canal,152,3.7,79,6.16,59,15384,609458,907656,298198,6379.4,9.66,59.1
FARM_2435,Punjab,Jalandhar,Groundnut,Kharif,10.9,734.4,28,77.6,9.2,6.96,61.6,123,53,43,Rainfed,216,3.5,86,4.5,48.33,14964,602136,723210,121074,5761,7.81,66.7
FARM_2436,Maharashtra,Nashik,Maize,Kharif,10.9,1042.5,26.6,82.4,8.1,6.57,68.7,70,56,57,Rainfed,216,3.7,85,6.86,81.85,18042,980894,1476738,495844,6848.7,10.02,48.9
FARM_2437,Uttar Pradesh,Agra,Groundnut,Kharif,6.1,966.1,25.8,65,7.5,6.85,59.4,160,65,53,Tube Well,172,4,89,5.58,32.7,16026,335277,524050,188773,6750.2,8.27,63.6
FARM_2438,Uttar Pradesh,Meerut,Soybean,Kharif,7.3,835.9,25.7,65,7.1,6.57,54.5,117,65,37,Drip,156,3.6,87,4.62,35.09,16884,438409,592460,154051,6056,7.63,40.7
FARM_2439,Karnataka,Mysuru,Cotton,Kharif,6.3,669.9,30.6,61.1,7.9,6.79,59.1,109,71,50,Canal,191,4,82,5.12,33.63,17522,406239,589265,183026,5203.9,9.84,70.4
FARM_2440,Madhya Pradesh,Jabalpur,Rice,Kharif,9.6,941.4,31.9,57.2,7.8,7.44,73.4,113,69,34,Rainfed,184,4.2,84,5.22,46.82,15366,512963,719436,206473,5869.9,8.89,43.4
FARM_2441,Punjab,Amritsar,Rice,Kharif,8.6,1042.7,26.7,78,7.9,6.82,58.7,162,60,35,Drip,199,3.5,80,10.11,81.37,16369,951776,1331946,380170,7140.9,14.16,46.6
FARM_2442,Maharashtra,Solapur,Maize,Kharif,9,1157.6,31.7,69.5,6.2,6.3,45.4,113,66,35,Tube Well,191,4.7,74,4.75,45.06,15270,513190,688066,174876,6797.2,6.99,63.4
FARM_2443,Andhra Pradesh,Anantapur,Groundnut,Kharif,7.4,928.4,28.7,61.9,6.6,6.76,53.4,145,65,48,Sprinkler,151,4.2,81,5.3,41.56,16872,508595,701200,192605,5646.8,9.39,52.9
FARM_2444,Punjab,Patiala,Groundnut,Kharif,4.7,918.2,27.7,83,8,5.94,59.4,86,61,39,Canal,177,4.1,93,5.72,28.68,15278,321551,438173,116622,6568.8,8.71,40.5
FARM_2445,Madhya Pradesh,Jabalpur,Rice,Kharif,7.4,738.2,30.7,81.6,7,6.43,81.5,113,56,36,Canal,209,3,81,6,47.06,17486,597803,822891,225088,6219.2,9.65,48.4
FARM_2446,Haryana,Hisar,Groundnut,Kharif,5.7,915.6,27.4,78.6,6.8,7.11,70.8,107,71,45,Canal,113,2.9,96,5.79,32.96,16302,371055,537314,166259,7958.3,7.28,46.8
FARM_2447,Punjab,Jalandhar,Maize,Kharif,8.5,921.2,30.3,56.8,6.5,6.79,34.9,131,52,51,Sprinkler,159,3.7,91,5.74,51.02,17597,656606,897799,241193,5094.4,11.27,59.8
FARM_2448,Haryana,Hisar,Groundnut,Kharif,8.8,937.2,28,58.4,6.6,6.74,63.9,94,55,50,Canal,164,4.2,90,6.55,54.19,15861,580465,859508,279043,6925,9.46,63.6
FARM_2449,Maharashtra,Solapur,Groundnut,Kharif,5.6,922.7,28.3,61.5,7.3,6.91,58.4,82,53,29,Tube Well,146,4.7,89,5.56,30.9,15927,345184,492144,146960,7587.6,7.33,63.6
FARM_2450,Karnataka,Dharwad,Maize,Kharif,7.4,864.4,25.8,73.4,6.8,6.5,60,138,51,58,Tube Well,200,3.7,87,7.03,46.37,16833,491338,780546,289208,6218.8,11.3,51
FARM_2451,Punjab,Amritsar,Cotton,Kharif,9.9,868.9,27.8,69.9,7.8,7.1,43.2,105,49,48,Canal,201,4.1,83,6.14,57.83,16847,760901,974262,213361,5394.6,11.38,56
FARM_2452,Maharashtra,Solapur,Maize,Kharif,7.1,873.5,29.7,67.3,7,6.16,49.5,113,50,42,Rainfed,217,4.8,76,7.03,49.27,14849,531077,731610,200533,7056.3,9.96,73.3
FARM_2453,Telangana,Sangareddy,Rice,Kharif,5.7,1076.3,30.7,67.5,8.9,6.19,62.1,176,53,44,Drip,188,3.7,87,6.04,36.5,14635,438997,534178,95181,6860,8.8,54.4
FARM_2454,Gujarat,Vadodara,Groundnut,Kharif,10,794.4,28.2,64.9,5.8,7.65,51.2,99,67,24,Rainfed,194,2.6,87,4.75,42.69,16055,469737,685388,215651,6803.3,6.98,49.8
FARM_2455,Andhra Pradesh,Krishna,Cotton,Kharif,7.9,728.7,35.1,64.3,7.3,6.39,74.3,141,39,49,Tube Well,183,4,83,5.88,44.66,17695,572424,790259,217835,5781.7,10.17,65.8
FARM_2456,Andhra Pradesh,Anantapur,Rice,Kharif,9.3,1089.6,26.7,82.2,6.4,6.86,53,114,56,42,Sprinkler,195,4.4,78,6.42,58.07,15434,656858,896252,239394,6245.7,10.28,46.3
FARM_2457,Madhya Pradesh,Bhopal,Soybean,Kharif,7.9,737.1,30.5,65.5,7.1,6.66,48.8,129,61,49,Canal,165,3.5,76,6.87,49.67,16009,520837,795167,274330,5338.7,12.87,50.9
FARM_2458,Andhra Pradesh,Krishna,Maize,Kharif,6.7,768.6,23.5,66.9,8,7.31,49.1,111,73,46,Sprinkler,171,4.9,89,7.11,49.04,15988,538288,784052,245764,6786.3,10.48,46
FARM_2459,Madhya Pradesh,Bhopal,Rice,Kharif,4.1,674,30.4,65.5,6.3,6.8,47.8,127,49,36,Sprinkler,173,3.9,74,5.07,22.51,16844,274225,379158,104933,7543.6,6.72,57.5
FARM_2460,Maharashtra,Aurangabad,Rice,Kharif,8.7,746.6,25.4,69.2,7.7,5.8,44.9,104,60,40,Drip,109,4,83,5.87,50.32,19781,571886,995380,423494,5984.6,9.81,53.5
FARM_2461,Gujarat,Junagadh,Rice,Kharif,7.4,858.5,28.1,83.9,7.9,7.01,60.8,99,71,38,Drip,203,3.5,91,4.81,32.86,17253,368930,566934,198004,5744.4,8.37,77.3
FARM_2462,Karnataka,Raichur,Soybean,Kharif,7.4,1084.7,28.6,76.2,9.2,6.9,61.9,106,66,36,Rainfed,211,3.5,91,6.53,49.53,18577,637447,920119,282672,6003,10.88,57.4
FARM_2463,Haryana,Hisar,Maize,Kharif,6.7,998.9,25.2,67.5,7.9,6.65,45.2,88,64,46,Sprinkler,196,3.5,76,4.43,27.27,16166,342300,440847,98547,7474.8,5.93,57.5
FARM_2464,Telangana,Warangal,Maize,Kharif,10.1,675.7,26.1,72.8,7.3,6.96,41.7,110,42,63,Drip,223,3.4,90,5.68,57.43,16172,661809,928758,266949,5859.5,9.69,53
FARM_2465,Madhya Pradesh,Jabalpur,Soybean,Kharif,6.2,779.2,29.2,73.6,7.3,6.94,68.7,104,47,58,Drip,212,3.2,72,6.52,41.44,16224,421766,672323,250557,4566.6,14.28,46.1
FARM_2466,Andhra Pradesh,Kurnool,Maize,Kharif,11.8,809.9,25,70.4,6.4,7.65,61.9,112,47,56,Tube Well,192,3.7,78,6.55,75.23,15217,885429,1144775,259346,4976.5,13.16,38.2
FARM_2467,Telangana,Nalgonda,Maize,Kharif,10.8,860.8,28.5,67.4,8.1,7.56,51,132,55,55,Canal,166,3.3,78,6.07,62.4,17348,707161,1082515,375354,7620.4,7.97,53.2
FARM_2468,Punjab,Ludhiana,Cotton,Kharif,5.8,802.8,27.1,62.2,7.9,7.13,72.3,118,46,29,Canal,181,3.5,77,5.2,30.26,16872,343641,510547,166906,6259.7,8.31,68.5
FARM_2469,Andhra Pradesh,Krishna,Maize,Kharif,8,762.2,25.6,91.2,6.8,6.55,56.1,86,53,49,Canal,202,3.2,84,5.75,47.1,15900,525246,748890,223644,6026.8,9.54,68.8
FARM_2470,Madhya Pradesh,Indore,Maize,Kharif,10.2,724.1,28.6,68.7,7.5,6.56,62.1,137,44,40,Rainfed,207,4.2,85,5.45,52.47,17102,581719,897342,315623,8200.7,6.65,58.2
FARM_2471,Uttar Pradesh,Lucknow,Maize,Kharif,6,991.3,27.7,79.1,6.5,6.2,58.8,84,50,40,Tube Well,157,3.9,81,4.92,28.24,16889,340727,476945,136218,5814.4,8.46,47.1
FARM_2472,Karnataka,Shimoga,Groundnut,Kharif,8.3,896.8,33,59.8,6.2,6.38,75,101,69,53,Canal,184,3.8,84,5.37,43.6,16764,446446,730910,284464,7364.7,7.29,50.2
FARM_2473,Punjab,Bathinda,Cotton,Kharif,9.5,629.2,27.3,64.5,6.6,6.1,59.5,126,46,47,Drip,178,4.8,85,5.29,50.27,16313,584468,820055,235587,5734.5,9.22,41.2
FARM_2474,Madhya Pradesh,Ujjain,Rice,Kharif,4.6,978.1,27,70.1,6.9,6.41,58.8,135,58,57,Drip,165,3.5,85,5.09,24.95,17132,299466,427443,127977,4128.7,12.33,45.8
FARM_2475,Madhya Pradesh,Jabalpur,Rice,Kharif,10.8,961.8,27.3,71.4,7.6,7.29,68.7,145,80,58,Canal,187,3.7,74,4.89,54.44,14991,664893,816110,151217,5515.2,8.87,46.6
FARM_2476,Haryana,Rohtak,Cotton,Kharif,9.2,744.7,31.1,66.4,6.6,6.49,46.4,119,56,36,Rainfed,182,4.3,81,6.06,49.29,15102,587505,744378,156873,4876.6,12.43,49.5
FARM_2477,Uttar Pradesh,Kanpur,Cotton,Kharif,8.5,968.4,28.1,66,7,7.79,59,123,46,46,Drip,212,4.6,91,5.19,38.2,17364,368633,663305,294672,5131.9,10.11,54.4
FARM_2478,Karnataka,Belagavi,Cotton,Kharif,9.9,934.7,28.1,68.1,6.7,7.02,59.4,156,42,48,Tube Well,139,3.4,81,5,49.42,16987,507987,839498,331511,5722.5,8.74,54.1
FARM_2479,Punjab,Amritsar,Maize,Kharif,10.2,893.4,29.8,77.4,7.6,6.49,48.2,140,59,41,Canal,145,4.1,86,4.57,45.74,17400,558363,795876,237513,6375.4,7.17,56.7
FARM_2480,Telangana,Medak,Groundnut,Kharif,8.2,1006.5,26.7,62,7.6,5.82,56.9,140,58,41,Tube Well,210,4.9,76,5.84,43.37,16168,527266,701206,173940,6364,9.18,66.3
FARM_2481,Andhra Pradesh,Chittoor,Maize,Kharif,5.9,992,25.7,66.2,7.6,7.12,68.9,132,79,37,Sprinkler,200,5.3,88,5.28,31.98,15980,353275,511040,157765,5419,9.74,49.7
FARM_2482,Tamil Nadu,Thanjavur,Rice,Kharif,8,852.1,32.9,74.2,5.2,6.55,55.7,99,51,42,Tube Well,174,3.1,80,5.15,45.13,16667,499961,752182,252221,5426.1,9.49,61.4
FARM_2483,Uttar Pradesh,Kanpur,Cotton,Kharif,10,808.3,31.1,77.6,6.5,6.51,68.6,151,66,33,Sprinkler,204,3.2,84,5.16,49.64,14870,624294,738147,113853,6443.9,8.01,53.7
FARM_2484,Gujarat,Ahmedabad,Maize,Kharif,4.9,809,30.7,65.9,7.4,7.37,60.1,132,64,31,Sprinkler,172,3.7,76,6.65,31.56,15283,338093,482331,144238,6275.2,10.6,54.5
FARM_2485,Uttar Pradesh,Kanpur,Rice,Kharif,4.4,990.8,25.9,72.5,8.2,7.13,61.6,100,54,47,Rainfed,148,2.6,72,3.89,17.71,15368,200486,272167,71681,5225.9,7.44,65.6
FARM_2486,Karnataka,Raichur,Cotton,Kharif,12,880.2,28.6,81,7.2,6.58,54.8,128,68,41,Tube Well,219,3.8,85,2,25.49,18709,292989,476892,183903,5239.8,3.82,37.8
FARM_2487,Madhya Pradesh,Gwalior,Cotton,Kharif,6.6,884.1,26,78.1,8.1,7.04,49.7,127,48,49,Canal,212,3.7,74,4.68,30.79,15601,363727,480355,116628,6378.7,7.34,34.2
FARM_2488,Uttar Pradesh,Kanpur,Soybean,Kharif,10.6,625.4,25.4,69.4,7.8,7.59,53.5,161,61,58,Sprinkler,162,3.8,86,4.81,50.47,14874,568675,750691,182016,5843.8,8.23,62.6
FARM_2489,Madhya Pradesh,Bhopal,Maize,Kharif,4.3,707.5,30.5,69.1,7.7,6.66,50.1,113,55,47,Sprinkler,164,3.2,97,4.79,21.61,15877,256688,343102,86414,5646.8,8.48,41.5
FARM_2490,Uttar Pradesh,Meerut,Maize,Kharif,8.8,916,28.6,70.4,7.6,7.83,56.4,69,48,58,Drip,180,3.5,92,5.06,40.68,16388,462374,666664,204290,7605.2,6.65,44.5
FARM_2491,Andhra Pradesh,Anantapur,Rice,Kharif,8.8,1027.2,35.1,62.1,8.3,7.14,63.6,109,59,64,Canal,165,4.8,80,7.51,67.42,16728,831660,1127802,296142,5943.2,12.64,62.5
FARM_2492,Haryana,Rohtak,Maize,Kharif,8.1,642,30.5,75,7.2,6.35,60.1,141,74,43,Tube Well,181,4.4,73,5.25,42.3,16977,407329,718127,310798,5863.3,8.95,59.8
FARM_2493,Haryana,Hisar,Cotton,Kharif,8.4,799.9,23.4,72.9,6.3,7.29,53.7,116,62,33,Rainfed,163,5.1,81,6,51.6,15091,690790,778696,87906,4257.7,14.09,49.9
FARM_2494,Uttar Pradesh,Meerut,Cotton,Kharif,8.3,784,23.9,70.8,8.8,7.07,43.1,135,76,39,Tube Well,157,4,85,5.76,50.17,16636,533702,834628,300926,5754.7,10.01,52.4
FARM_2495,Telangana,Medak,Rice,Kharif,7.8,704.5,27.4,75.9,6.1,6.76,67.9,96,54,40,Tube Well,171,4.7,86,5.5,46.11,18411,534599,848931,314332,7195.9,7.64,61.7
FARM_2496,Uttar Pradesh,Kanpur,Rice,Kharif,8.6,950.6,25.8,59.7,6.7,6.26,56.1,113,62,48,Drip,216,2.3,73,5.67,47.39,18226,494549,863730,369181,4451.3,12.74,54.9
FARM_2497,Telangana,Sangareddy,Soybean,Kharif,9.2,844,33,69.2,8.8,6.79,57,106,50,58,Rainfed,222,3.5,72,6.05,57.01,16292,670141,928807,258666,6824.5,8.87,57.8
FARM_2498,Madhya Pradesh,Indore,Groundnut,Kharif,12.5,932.8,27.8,63.5,6.9,6.56,55.2,125,60,42,Tube Well,186,4,82,5.11,60.53,16170,650197,978770,328573,5585.6,9.15,58.9
FARM_2499,Punjab,Amritsar,Rice,Kharif,7.9,579.3,28.7,76,8.2,6.52,51,162,65,43,Drip,268,3.8,73,5.55,43.97,15209,508867,668740,159873,5410,10.26,59.2
FARM_2500,Gujarat,Junagadh,Groundnut,Kharif,5.6,833.5,28.4,60.8,6.8,6.4,58.4,107,71,50,Tube Well,251,5,76,6.95,36.27,16535,422650,599724,177074,6806,10.21,46.5
FARM_2501,Uttar Pradesh,Meerut,Gram,Rabi,9.5,547.4,22.5,48.8,7.1,6.55,49.2,125,51,36,Canal,146,1.9,81,9.57,92.54,16505,1008723,1527373,518650,6456.7,14.82,47.5
FARM_2502,Andhra Pradesh,Guntur,Mustard,Rabi,7.4,423.8,24.3,54.1,7.5,6.57,39.1,121,54,46,Sprinkler,206,2.5,88,5.52,43.18,17065,529125,736867,207742,6802.7,8.11,48.6
FARM_2503,Madhya Pradesh,Gwalior,Wheat,Rabi,6.2,510.4,27.8,51.4,8.3,7.31,36.9,77,57,55,Rainfed,218,2.9,78,5.63,32.44,15121,461842,490525,28683,7274.5,7.74,33.2
FARM_2504,Gujarat,Rajkot,Potato,Rabi,10,396.9,22.6,54.4,5.9,6.82,44,123,62,44,Drip,140,2.6,84,4.53,41.47,16563,538258,686868,148610,7109.9,6.37,37.4
FARM_2505,Andhra Pradesh,Anantapur,Barley,Rabi,10.6,492,24.6,57.5,7.4,6.63,40.5,162,62,53,Sprinkler,188,2.1,84,3.07,32.21,13906,380771,447912,67141,5339.6,5.75,48.6
FARM_2506,Haryana,Karnal,Barley,Rabi,10.6,508.9,23.9,51.8,8.6,7.6,37.2,139,58,50,Rainfed,186,2.1,84,4.36,45.52,16856,594066,767285,173219,5223.6,8.35,33.4
FARM_2507,Telangana,Warangal,Potato,Rabi,9.5,359.6,22.1,58.5,7.9,7.06,44.6,144,51,26,Rainfed,190,1.6,76,5.44,55.21,16846,691173,930068,238895,5950.9,9.14,35.9
FARM_2508,Tamil Nadu,Madurai,Wheat,Rabi,10.5,468.9,21.6,63.3,7.2,6,48.4,123,42,31,Tube Well,181,1.9,86,4.64,53.88,16310,673802,878783,204981,5778.1,8.03,41.2
FARM_2509,Maharashtra,Solapur,Barley,Rabi,7.2,466,19.9,56.4,7.5,5.85,49.3,137,44,30,Sprinkler,178,2.9,95,4.54,32.63,16581,422934,541038,118104,5989.2,7.58,31.6
FARM_2510,Haryana,Kurukshetra,Barley,Rabi,10.5,432.4,25.3,74,8,6.6,44.9,148,53,38,Tube Well,163,2.4,57,5.11,58.41,16540,749296,966101,216805,5546,9.21,33.6
FARM_2511,Gujarat,Ahmedabad,Mustard,Rabi,5,440.5,23.3,68.8,4.8,6.51,38.8,107,54,39,Tube Well,228,2,84,6.3,31.37,15424,358220,483851,125631,5283.1,11.92,35.2
FARM_2512,Telangana,Nalgonda,Barley,Rabi,7.9,459,18.6,66.4,9.3,6.56,55.9,98,73,36,Rainfed,245,2.1,87,5.65,42.39,14626,585634,619996,34362,5399.1,10.46,43.3
FARM_2513,Punjab,Amritsar,Mustard,Rabi,9.7,446.8,24.1,61.7,7.5,6.63,41,112,58,42,Tube Well,206,2.2,93,4.93,46.31,13343,565597,617914,52317,6634.1,7.43,38.8
FARM_2514,Gujarat,Vadodara,Wheat,Rabi,6.8,392.7,25.7,45.8,7.7,7.21,37.5,140,46,52,Tube Well,200,2.1,89,4.96,35.74,17724,431173,633456,202283,4808.5,10.32,46.3
FARM_2515,Gujarat,Ahmedabad,Wheat,Rabi,8.2,480.2,26.8,64.2,6.1,7.17,37,113,56,40,Sprinkler,84,2.2,76,5.24,42.53,14011,588475,595888,7413,6726.1,7.79,48.8
FARM_2516,Maharashtra,Pune,Mustard,Rabi,5.2,530.7,23,68.7,8.1,7.12,31.9,106,57,41,Canal,190,2.2,88,4.85,23.98,14023,280597,336272,55675,3874.1,12.52,46.4
FARM_2517,Karnataka,Raichur,Gram,Rabi,5.9,340.4,26,60.1,9.2,6.98,55,128,63,35,Sprinkler,205,2.6,92,5.8,32.02,15584,441850,499000,57150,5252.8,11.04,30
FARM_2518,Gujarat,Rajkot,Barley,Rabi,3.2,507.3,27.1,69.7,6,7.47,26.6,154,47,48,Canal,213,2.4,79,5.98,20.07,17785,233144,356945,123801,4630.4,12.91,48.8
FARM_2519,Maharashtra,Aurangabad,Potato,Rabi,8.1,489.3,24.8,38.8,8.8,6.67,35,100,74,32,Sprinkler,135,2.4,68,6.12,45.49,15897,539109,723155,184046,5112.3,11.97,37.5
FARM_2520,Madhya Pradesh,Ujjain,Wheat,Rabi,7.9,384.4,24.7,58,7.3,6.63,50.5,78,51,39,Tube Well,144,2.7,84,5.21,36.48,13860,422026,505613,83587,4265,12.22,46.8
FARM_2521,Andhra Pradesh,Guntur,Wheat,Rabi,9.6,407.8,21.4,53.9,7.6,6.46,47.8,118,70,30,Sprinkler,172,3.7,86,4.75,43.15,16123,548708,695707,146999,6787.5,7,56.6
FARM_2522,Gujarat,Surat,Barley,Rabi,6.9,488.7,23.2,61.3,5.4,6.2,48.7,78,70,44,Rainfed,143,2.6,72,5.93,40.1,14954,529613,599655,70042,5228.8,11.34,42
FARM_2523,Maharashtra,Nashik,Gram,Rabi,7.3,415.6,21.4,55.3,6.5,7.81,47.5,136,64,26,Tube Well,153,2.5,90,5.12,38.38,14498,452556,556433,103877,8048.7,6.36,39.7
FARM_2524,Haryana,Ambala,Barley,Rabi,9.4,463.7,28.3,50,7.7,6.83,47,109,60,36,Canal,225,2.5,78,4.66,44.8,14616,524153,654797,130644,4920.5,9.47,33.5
FARM_2525,Haryana,Karnal,Mustard,Rabi,6.6,307.3,24.6,56.9,5.8,6.23,49.4,123,55,58,Canal,176,2.1,82,6.04,40.9,14145,527080,578531,51451,6921.9,8.73,40.3
FARM_2526,Uttar Pradesh,Lucknow,Mustard,Rabi,8.6,443.7,27.7,50.9,8.1,6.57,34.1,110,50,43,Tube Well,190,2.5,70,5.09,42.7,14687,454368,627135,172767,5445.7,9.35,45.9
FARM_2527,Karnataka,Raichur,Gram,Rabi,7.7,372.1,24.7,63.9,7,6.82,50.2,131,60,41,Canal,219,2.5,91,5.65,42.67,14707,464889,627548,162659,6453.3,8.76,49
FARM_2528,Andhra Pradesh,Guntur,Mustard,Rabi,6.8,479.5,23.2,48.8,6.4,6.99,49.6,111,47,37,Sprinkler,174,1.7,86,5.4,36.18,17639,439870,638179,198309,5786.8,9.33,30.5
FARM_2529,Gujarat,Vadodara,Wheat,Rabi,7.5,438.6,19.1,52.9,6.8,7.25,57.5,112,45,31,Drip,198,2.9,83,4.38,34.25,14863,386972,509058,122086,4724.7,9.27,51.4
FARM_2530,Telangana,Warangal,Gram,Rabi,9.4,440.9,27.2,54.5,6.8,6.35,38.9,114,48,46,Canal,124,2.3,89,5.19,46.23,15580,501753,720263,218510,6659.2,7.79,35.5
FARM_2531,Andhra Pradesh,Krishna,Mustard,Rabi,8.4,453.1,28.2,65.4,8.6,6.67,33.1,112,58,45,Tube Well,221,2.4,83,3.85,33.2,15581,422017,517289,95272,5521.4,6.97,38.8
FARM_2532,Uttar Pradesh,Lucknow,Wheat,Rabi,9.4,346.2,20.7,48.9,8.7,6.72,45.1,75,54,56,Sprinkler,163,1.4,82,5.38,44.38,13840,521608,614219,92611,5588,9.63,43.2
FARM_2533,Gujarat,Vadodara,Gram,Rabi,8.5,418.7,22.5,53.4,9.1,6.83,38.3,113,49,37,Canal,164,1.4,79,6.12,53.45,15147,742153,809607,67454,5525.1,11.08,34.3
FARM_2534,Andhra Pradesh,Krishna,Potato,Rabi,10,312.6,26.1,73,7,7.51,40.5,142,67,45,Sprinkler,165,1.4,80,4.61,47.03,13110,544992,616563,71571,5684.2,8.11,55.1
FARM_2535,Maharashtra,Pune,Wheat,Rabi,5.1,444.8,22.8,60,5.2,7.56,59.4,117,47,47,Sprinkler,150,1.7,85,4.77,23.77,15659,310676,372214,61538,6489.7,7.35,32
FARM_2536,Karnataka,Belagavi,Mustard,Rabi,8.3,442.1,22.1,59.1,7,6.73,57.6,76,58,42,Canal,116,2.3,87,5.07,44.25,16053,505586,710345,204759,6714.6,7.55,49.8
FARM_2537,Telangana,Sangareddy,Gram,Rabi,6.6,471.8,23.3,68.1,9.6,6.52,52.3,120,61,23,Tube Well,194,1.7,95,4.51,29.43,15845,389667,466318,76651,6201.9,7.27,45.1
FARM_2538,Haryana,Karnal,Gram,Rabi,9.7,342.9,20.5,61,7.9,7.3,35.7,132,42,44,Canal,115,2.2,80,5.29,45.79,14712,562392,673662,111270,6891.2,7.68,51.4
FARM_2539,Karnataka,Dharwad,Wheat,Rabi,10.7,429.7,26.2,59.6,8.1,7.13,37,109,70,41,Canal,105,3.1,75,4.83,46.8,15491,575753,724979,149226,6004.8,8.04,37.5
FARM_2540,Madhya Pradesh,Ujjain,Mustard,Rabi,7.4,479.2,24.5,78.6,7.8,6.89,48.1,84,67,54,Drip,186,2,90,3.8,28.34,15005,354792,425242,70450,6221.4,6.11,28
FARM_2541,Haryana,Ambala,Mustard,Rabi,8.2,378.1,27,57.8,7.6,7.39,45.7,131,67,34,Canal,192,2.2,87,6.11,52.01,15376,669274,799706,130432,5698,10.72,29.1
FARM_2542,Tamil Nadu,Tiruchirappalli,Wheat,Rabi,8.3,430.4,26.3,58.8,7.9,6.63,43.8,121,50,43,Canal,151,3.4,70,4.52,36.6,15514,480862,567812,86950,6871,6.58,44.6
FARM_2543,Haryana,Rohtak,Wheat,Rabi,5.1,473.9,22.2,60.4,8.9,6.51,40.3,111,59,42,Drip,183,2.2,82,4.13,23.53,15758,306605,370786,64181,7009,5.89,51.6
FARM_2544,Punjab,Ludhiana,Barley,Rabi,7.5,450.3,24.2,59.5,6.3,6.48,33.4,138,52,60,Sprinkler,151,3.4,91,5.19,39.08,15441,507373,603434,96061,7426.2,6.99,43.6
FARM_2545,Madhya Pradesh,Jabalpur,Wheat,Rabi,9.8,358.3,23.1,41.7,9.4,7.17,49,93,54,42,Sprinkler,175,1.9,75,5.76,59.32,17853,801420,1059040,257620,4303.3,13.39,40.9
FARM_2546,Gujarat,Ahmedabad,Potato,Rabi,10.5,473.2,22.2,57.1,8,6.7,42.1,134,70,31,Sprinkler,217,1.4,83,2.62,26.78,15323,332455,410350,77895,4898.1,5.35,32.2
FARM_2547,Telangana,Rangareddy,Potato,Rabi,7.6,372.8,20.1,64.4,9.1,6.52,51.1,65,40,45,Sprinkler,203,2.7,77,5.12,35.19,14616,451740,514337,62597,5213.3,9.82,48.3
FARM_2548,Uttar Pradesh,Meerut,Barley,Rabi,8.1,401.5,23.8,61,8.8,6.94,51.2,133,54,56,Drip,150,2.9,84,5.46,44.97,14186,563570,637944,74374,5203.6,10.49,48.4
FARM_2549,Punjab,Bathinda,Wheat,Rabi,7.3,350.7,18.1,48.9,5.4,7.13,40.5,139,64,52,Sprinkler,194,3.7,81,6.4,51.05,13077,662643,667581,4938,4505.4,14.21,46.1
FARM_2550,Gujarat,Junagadh,Barley,Rabi,7,430.1,22.9,67.7,8.1,6.83,53,118,56,35,Tube Well,230,3.2,83,6.54,48.53,15361,600188,745469,145281,6728.5,9.72,27.1
FARM_2551,Punjab,Bathinda,Mustard,Rabi,8,494.9,23.2,61.6,7.1,6.58,46.6,108,50,43,Drip,200,3,82,5.44,42.85,16580,533007,710453,177446,6404.5,8.49,42.8
FARM_2552,Madhya Pradesh,Bhopal,Gram,Rabi,8.8,362.5,21.6,46,7.3,7.75,55.5,114,54,49,Tube Well,157,3.6,90,5.53,48.93,16297,558023,797412,239389,7986.1,6.92,38.8
FARM_2553,Haryana,Rohtak,Potato,Rabi,12,499.9,28,67.3,8.8,7.49,44.7,132,45,59,Canal,160,2,80,4.32,53.79,14254,737511,766723,29212,6041.1,7.15,29.4
FARM_2554,Gujarat,Ahmedabad,Gram,Rabi,5.9,410.3,25.1,57.7,6.5,6.45,48.1,139,48,55,Rainfed,218,2.3,86,4.68,25.55,15884,299077,405836,106759,4230,11.06,32.4
FARM_2555,Telangana,Warangal,Wheat,Rabi,7.3,394.1,23.1,69.7,8,6.67,54.9,151,47,52,Drip,182,1.4,91,5.27,38.86,16629,504110,646203,142093,6242.2,8.44,40.4
FARM_2556,Madhya Pradesh,Jabalpur,Wheat,Rabi,7,485.7,20.1,52.4,5.3,7.26,41.4,128,58,33,Tube Well,151,2.7,85,5.95,41.83,15456,498832,646524,147692,6159.7,9.66,50.6
FARM_2557,Karnataka,Dharwad,Wheat,Rabi,8.4,312.4,22.5,58.1,8.6,6.38,49.9,118,48,49,Sprinkler,179,2.8,80,5.55,45.76,16492,588998,754674,165676,5942.8,9.34,41.4
FARM_2558,Madhya Pradesh,Jabalpur,Gram,Rabi,8.4,424.8,24.6,39.5,6.9,7.07,46.1,121,65,42,Rainfed,156,3.7,79,5.55,46.06,15208,610451,700480,90029,4493.1,12.35,48.5
FARM_2559,Karnataka,Belagavi,Wheat,Rabi,6.3,364.9,21.1,67,7.3,6.98,50.6,81,34,34,Drip,195,3.2,77,4.57,27.09,15021,370892,406919,36027,6576.7,6.95,41.3
FARM_2560,Gujarat,Vadodara,Gram,Rabi,7.4,526.6,19.2,66.4,7.6,6.21,47.1,126,57,43,Drip,162,2.6,84,3.75,29.63,16844,348970,499088,150118,5830.7,6.43,37.9
FARM_2561,Maharashtra,Nashik,Wheat,Rabi,7.4,420.1,20.9,62.8,8.4,6.6,46.7,94,73,50,Canal,199,2.3,78,5.8,43.81,12752,540592,558665,18073,5486.9,10.57,45.8
FARM_2562,Tamil Nadu,Tiruchirappalli,Gram,Rabi,9.7,397.9,30.5,55.2,8.3,7.27,54.6,140,63,50,Drip,187,1.6,86,4.1,40.97,16480,527292,675186,147894,6036.1,6.79,41.1
FARM_2563,Punjab,Jalandhar,Potato,Rabi,9.2,395.3,23.4,61.4,6.6,7.19,38.5,116,60,50,Drip,210,1.7,78,4.03,36.11,14713,459374,531286,71912,7150.7,5.64,47.8
FARM_2564,Tamil Nadu,Thanjavur,Potato,Rabi,7.2,458.8,20.8,58.3,7.1,6.9,43.5,132,70,55,Drip,144,2.4,91,5.02,34.23,17204,429798,588893,159095,5218.6,9.62,19.7
FARM_2565,Haryana,Karnal,Gram,Rabi,8.5,465.1,22.9,61.4,6.7,6.56,44.5,126,56,48,Sprinkler,167,2.6,84,6.06,48.65,15209,651855,739918,88063,5796.8,10.45,49.7
FARM_2566,Tamil Nadu,Coimbatore,Barley,Rabi,11,485.1,25.6,55.2,6.6,7.16,37,114,74,58,Canal,158,2,89,5.05,52.76,15292,651120,806806,155686,5524.1,9.14,44.5
FARM_2567,Haryana,Karnal,Wheat,Rabi,6.3,502.3,23.7,65.4,6.9,6.58,50.5,141,58,38,Canal,186,2.9,75,4.74,28.79,16962,324072,488336,164264,6414.2,7.39,40.4
FARM_2568,Madhya Pradesh,Gwalior,Gram,Rabi,10.4,580.2,25.7,71.9,6.4,6.8,27,115,63,41,Sprinkler,154,2.5,78,5.35,58.45,13633,705733,796849,91116,6656.7,8.04,60.3
FARM_2569,Haryana,Ambala,Gram,Rabi,11.6,438.1,17.6,54.9,6.8,6.73,45.9,92,52,47,Canal,189,1.4,75,4.99,56.29,17125,781406,963966,182560,6270.2,7.96,42.1
FARM_2570,Madhya Pradesh,Jabalpur,Gram,Rabi,8.7,516.8,25.7,65,6.4,6.69,46.9,141,74,36,Tube Well,164,2.2,85,5.07,43.89,14027,611634,615645,4011,7218,7.02,30.3
FARM_2571,Punjab,Bathinda,Wheat,Rabi,7.3,401.7,23.2,47.1,5.7,6.33,26.2,156,62,46,Drip,152,2.9,72,5.19,37.88,14206,488640,538123,49483,5533.4,9.38,34.4
FARM_2572,Andhra Pradesh,Guntur,Wheat,Rabi,9.9,569,21.8,51.1,8,6.76,40.1,148,48,42,Drip,157,3.1,86,5.23,52.84,12631,696502,667422,-29080,5660.3,9.24,24.4
FARM_2573,Punjab,Patiala,Barley,Rabi,9.9,356.6,23.8,62.1,7.7,7,36.3,124,42,31,Drip,149,1.9,82,5.39,55.15,14811,662034,816827,154793,6354.7,8.48,55.8
FARM_2574,Andhra Pradesh,Anantapur,Barley,Rabi,8.8,385.7,23.4,63.3,8.3,7.42,57,134,59,51,Canal,163,1.8,75,3.91,34.14,16248,447403,554707,107304,5905.5,6.62,51.3
FARM_2575,Haryana,Karnal,Potato,Rabi,6.2,499.3,22.7,50.5,7.2,7.05,42.3,111,62,51,Sprinkler,182,2.3,70,4.48,29.64,17384,395763,515262,119499,6571.3,6.82,37.6
FARM_2576,Uttar Pradesh,Meerut,Barley,Rabi,8.3,363.9,24.3,49.1,8.3,7.29,54.2,164,70,38,Rainfed,198,1.2,90,5.1,36.34,14729,431448,535252,103804,4561.9,11.18,45.9
FARM_2577,Gujarat,Rajkot,Gram,Rabi,9.2,482.5,22.1,46.7,6.5,6.62,59.9,127,42,34,Canal,226,3.4,80,5.28,51.34,16257,659617,834634,175017,5485.6,9.63,47.2
FARM_2578,Uttar Pradesh,Lucknow,Wheat,Rabi,11.6,522.1,23.4,56.1,6.7,6.19,44.2,119,46,48,Tube Well,159,2.9,82,4.94,62.46,15617,747188,975438,228250,5134.8,9.62,44.3
FARM_2579,Punjab,Amritsar,Wheat,Rabi,7.6,394.4,21.8,61.7,6.8,7.26,50,177,54,44,Canal,167,1.8,83,4.57,36.28,15377,471568,557878,86310,5840.3,7.82,29
FARM_2580,Madhya Pradesh,Ujjain,Mustard,Rabi,6.5,425.4,20.7,54.8,6.8,6.65,40.7,117,47,36,Rainfed,149,3.5,75,4.52,31.02,16310,393348,505936,112588,6450.6,7.01,40.5
FARM_2581,Gujarat,Junagadh,Wheat,Rabi,8.6,281.5,25.6,47,7.2,6.23,31.7,104,76,44,Sprinkler,154,2.1,89,4.8,41.35,14501,536083,599616,63533,6294.2,7.63,20.7
FARM_2582,Maharashtra,Pune,Mustard,Rabi,10.5,435.7,29.7,52.7,4.7,6.13,48.9,117,42,48,Canal,163,1.8,86,5.14,56.24,14421,684157,811037,126880,5347.6,9.61,60.2
FARM_2583,Gujarat,Junagadh,Gram,Rabi,8.3,260.3,20.8,46.9,6.2,7.29,37.7,116,60,33,Canal,187,2.4,69,5.38,43.12,14844,601869,640073,38204,6364.8,8.45,30.5
FARM_2584,Madhya Pradesh,Gwalior,Gram,Rabi,7.9,543,23.1,59.2,5.3,6.4,56.3,113,66,38,Sprinkler,225,3.3,80,5.95,46.91,14428,494738,676817,182079,4594.2,12.95,38.9
FARM_2585,Telangana,Medak,Gram,Rabi,8.4,344.5,21.3,67.2,6.5,6.4,40.6,133,60,42,Canal,148,1.6,73,6.24,55.46,15276,641211,847207,205996,6451.9,9.67,54.7
FARM_2586,Gujarat,Ahmedabad,Potato,Rabi,9.8,334.4,22.5,68.1,6.6,6.64,33,85,50,37,Drip,163,2.9,77,4.21,44.2,15417,514551,681431,166880,4751.6,8.86,52
FARM_2587,Madhya Pradesh,Ujjain,Barley,Rabi,5.3,594.7,20.3,66.8,6.8,6.72,38.5,138,56,38,Canal,148,3.4,74,6.27,32.63,15066,478606,491604,12998,6119.1,10.25,33.9
FARM_2588,Andhra Pradesh,Kurnool,Wheat,Rabi,9.6,425.6,25.9,74.9,4.8,6.71,52.6,93,56,34,Rainfed,208,2.3,73,4.78,45.36,14235,585703,645700,59997,4766.8,10.03,48.6
FARM_2589,Telangana,Rangareddy,Gram,Rabi,8.6,389.8,24,62.8,6.1,6.18,46.2,119,70,30,Tube Well,192,3.1,84,4.43,36.51,14437,453352,527095,73743,5789.3,7.65,35.6
FARM_2590,Maharashtra,Nagpur,Gram,Rabi,7.9,427.4,24.5,52.7,7.2,6.16,42.7,112,78,35,Canal,174,1.7,75,4.24,32.86,15576,482843,511827,28984,5940.6,7.14,42.3
FARM_2591,Andhra Pradesh,Guntur,Potato,Rabi,8.1,487.4,21.2,51.1,6.3,6.87,44,147,50,41,Sprinkler,164,2.2,90,9.14,74.67,15666,1087541,1169780,82239,6236.9,14.65,47.7
FARM_2592,Uttar Pradesh,Kanpur,Potato,Rabi,6.1,356.8,26.9,53.5,9.8,6.58,39,132,69,40,Sprinkler,177,1.4,73,5.75,36.05,16850,446401,607443,161042,7621.9,7.54,41
FARM_2593,Tamil Nadu,Salem,Potato,Rabi,6.3,470.5,22.4,49.2,6.2,6.65,39.7,132,56,43,Canal,148,2.3,84,5.96,37.48,14757,503308,553092,49784,6525.8,9.13,52.4
FARM_2594,Telangana,Nalgonda,Mustard,Rabi,7.9,489.8,24.4,78.1,8.8,6.64,56.6,159,51,33,Tube Well,208,2.8,74,4.55,33.63,15220,397350,511849,114499,6512.2,6.99,47.9
FARM_2595,Haryana,Ambala,Barley,Rabi,7.5,484.4,22,56.1,7,7.07,47.2,103,77,37,Rainfed,187,1.9,84,4.23,28.75,16092,359143,462645,103502,4147.7,10.2,38.2
FARM_2596,Tamil Nadu,Madurai,Barley,Rabi,6.7,584.7,21.8,57,7.1,6.3,40.3,92,63,57,Canal,196,2.6,86,5.59,36.28,15116,401614,548408,146794,6355.3,8.8,50.5
FARM_2597,Haryana,Hisar,Mustard,Rabi,9.3,378.4,24.1,64.5,6.2,7.33,28.1,131,50,55,Drip,174,1.3,70,5.26,50.02,16365,664856,818577,153721,5381,9.78,34.7
FARM_2598,Madhya Pradesh,Bhopal,Mustard,Rabi,6.7,430.4,21.8,57,8.2,6.5,44.7,138,45,37,Tube Well,157,3,80,3.67,26.25,15936,329168,418320,89152,4370.1,8.4,28.7
FARM_2599,Telangana,Sangareddy,Wheat,Rabi,8.7,371.6,21.9,62.1,7.7,6.84,48,135,41,44,Drip,131,2.3,81,4.39,37.63,14009,359553,527159,167606,5223.7,8.4,40.8
FARM_2600,Madhya Pradesh,Ujjain,Wheat,Rabi,7.9,503.7,24,62.2,6.4,7.31,43.9,112,45,41,Rainfed,133,2,82,5.51,39.44,14726,502207,580793,78586,5170.9,10.66,33.1
FARM_2601,Uttar Pradesh,Kanpur,Potato,Rabi,7.7,475.2,23.7,58,7.5,7.29,40.9,131,55,58,Drip,148,2.3,78,4.75,38.93,15476,521291,602481,81190,5787.8,8.21,31.7
FARM_2602,Haryana,Rohtak,Mustard,Rabi,5.8,509.1,19.9,59.4,5.9,7.11,37.4,141,32,33,Drip,171,2.5,77,5.7,32.23,13715,387094,442034,54940,6585.1,8.66,47.6
FARM_2603,Haryana,Kurukshetra,Barley,Rabi,10.7,327.5,21.8,57.4,6.5,6.84,49.8,133,34,52,Tube Well,201,2.5,80,5.13,53.48,13152,600932,703369,102437,5125.5,10.01,50.5
FARM_2604,Haryana,Rohtak,Potato,Rabi,6.8,353.8,26.5,63.9,7,7.55,40.5,91,68,36,Rainfed,232,2.3,69,6.41,38.36,14945,536424,573290,36866,6035.6,10.62,45.9
FARM_2605,Punjab,Ludhiana,Barley,Rabi,7.2,544.2,21.7,65,6.7,6.64,43.2,132,71,47,Canal,184,3.1,64,4.75,33.27,14488,386613,482016,95403,5601.3,8.48,50.6
FARM_2606,Tamil Nadu,Coimbatore,Wheat,Rabi,6.8,477.2,23.2,54.8,7.9,6.91,43.2,116,43,56,Canal,203,1.8,84,5.02,31.37,17234,408419,540631,132212,5815.1,8.63,26.1
FARM_2607,Madhya Pradesh,Bhopal,Mustard,Rabi,8.5,451.8,23.3,55.4,6.9,6.93,60.3,100,61,61,Sprinkler,209,1.7,81,4.56,44.82,14239,543582,638192,94610,5332.6,8.55,43.5
FARM_2608,Maharashtra,Pune,Barley,Rabi,8.4,444,21.3,67.3,7.9,7.22,52.6,97,57,29,Canal,181,3.8,84,5.88,51.67,14679,622251,758464,136213,5005.5,11.75,43.5
FARM_2609,Punjab,Patiala,Potato,Rabi,7.5,432.7,19.9,66.3,8.2,7.07,37.8,136,25,46,Drip,166,2.8,86,4.83,40.73,13771,478795,560893,82098,5131.8,9.41,32.1
FARM_2610,Madhya Pradesh,Bhopal,Gram,Rabi,8.7,498.2,25.4,61.2,5.7,5.65,43.7,106,55,53,Rainfed,162,2.3,87,5.45,46.09,15653,481697,721447,239750,7051.4,7.73,36.7
FARM_2611,Uttar Pradesh,Varanasi,Barley,Rabi,7.3,513.5,26.4,56.7,8.6,7.31,42.1,99,48,42,Drip,172,2.9,77,6.14,44.77,16189,556489,724782,168293,4948.6,12.41,42.3
FARM_2612,Maharashtra,Pune,Gram,Rabi,10.8,385.4,25.8,58.4,9.4,6.88,51.5,117,51,53,Drip,118,2.2,88,6.31,66.59,15243,829164,1015031,185867,5996.7,10.52,32.6
FARM_2613,Haryana,Hisar,Gram,Rabi,5.7,501,25.9,58.5,8.4,7.03,52.8,113,52,53,Drip,189,1.6,79,4.76,25.98,16713,300691,434204,133513,6642.2,7.17,36
FARM_2614,Tamil Nadu,Madurai,Potato,Rabi,7.1,380.1,24.6,49,8.2,5.78,38,142,28,61,Canal,168,3.5,84,4.71,33.05,16188,450520,535013,84493,4185.2,11.25,41.1
FARM_2615,Haryana,Kurukshetra,Gram,Rabi,10,405.4,26.8,47.5,6.9,7.42,51.2,108,74,44,Drip,154,2.1,82,5,50.48,15827,591497,798947,207450,4797.8,10.42,49.3
FARM_2616,Uttar Pradesh,Lucknow,Mustard,Rabi,8.4,451,21.6,52.1,5.5,7.53,39.4,144,35,33,Sprinkler,133,1.4,84,4.95,37.56,15068,478105,565954,87849,6078.6,8.14,27.7
FARM_2617,Andhra Pradesh,Kurnool,Gram,Rabi,6.6,438.2,24.3,49.2,6.9,7.01,36.3,96,55,46,Tube Well,168,2.2,75,5.78,38.64,17125,528638,661710,133072,6770.2,8.54,46.7
FARM_2618,Tamil Nadu,Thanjavur,Wheat,Rabi,6.3,450.8,23.9,66.1,6.8,6.73,54.1,148,75,32,Sprinkler,212,2.2,81,5.36,32.26,13629,352582,439672,87090,5892.3,9.1,33.3
FARM_2619,Gujarat,Ahmedabad,Mustard,Rabi,8.5,485.8,20.9,46.6,9.2,7.95,54.5,142,49,53,Rainfed,221,2.1,74,4.48,39.71,16330,554361,648464,94103,5740.8,7.8,34.6
FARM_2620,Haryana,Karnal,Mustard,Rabi,7.4,462,23.7,69,5.9,6.28,51.3,100,45,38,Drip,203,2.1,90,4.39,33.08,17193,327604,568744,241140,6108.7,7.19,36.6
FARM_2621,Maharashtra,Pune,Barley,Rabi,9.9,533.3,24,56.2,7.3,6.79,40.3,123,51,43,Rainfed,193,3.2,86,5.5,58.13,14908,684734,866602,181868,5711.6,9.63,44.3
FARM_2622,Andhra Pradesh,Kurnool,Wheat,Rabi,8.9,361.8,23.2,60.2,6.7,8.22,49.3,157,66,39,Drip,175,1.7,89,6.31,57.2,14160,674087,809952,135865,5526.5,11.42,29.9
FARM_2623,Karnataka,Shimoga,Wheat,Rabi,12.2,506.2,27,59.4,5.2,6.55,27.6,124,51,49,Sprinkler,201,2,83,5.9,71.43,17680,921479,1262882,341403,5043.2,11.7,37.5
FARM_2624,Haryana,Kurukshetra,Barley,Rabi,8.6,373.1,21.5,65.2,7.8,6.2,49.7,119,51,26,Rainfed,132,2.6,85,5.96,54.38,15777,693520,857953,164433,5594.3,10.65,44.2
FARM_2625,Gujarat,Surat,Wheat,Rabi,8.4,520.1,18.5,70.9,8.1,7.27,43.4,124,48,48,Tube Well,196,1.9,85,4.72,37.86,16583,479916,627832,147916,5789,8.15,33.8
FARM_2626,Karnataka,Mysuru,Potato,Rabi,6.8,482.3,25.2,66,7.5,7.3,50.2,94,67,52,Rainfed,172,2,86,6.01,41.89,13217,503808,553660,49852,6155.7,9.76,52.8
FARM_2627,Andhra Pradesh,Krishna,Mustard,Rabi,7.6,402.3,22,53.6,7.2,6.13,38.6,127,65,40,Rainfed,155,2.8,81,4.32,31.58,15373,394158,485479,91321,6663.7,6.48,27.7
FARM_2628,Andhra Pradesh,Chittoor,Mustard,Rabi,8.7,481.7,19.9,53.6,9.1,7.41,49.1,97,58,54,Tube Well,148,2.2,89,4.82,39.09,16577,567157,647995,80838,6122.4,7.87,54.6
FARM_2629,Tamil Nadu,Thanjavur,Potato,Rabi,6.2,480.5,20.6,62.8,6.7,7.19,54.5,101,65,52,Drip,198,3.4,93,5.23,30.32,14114,342193,427936,85743,5692,9.19,41.9
FARM_2630,Uttar Pradesh,Varanasi,Wheat,Rabi,10.2,324.8,24.3,55.1,8.4,5.58,47.5,140,59,45,Sprinkler,146,2.1,93,5.38,50.08,17210,713310,861877,148567,6870.7,7.83,45.2
FARM_2631,Karnataka,Raichur,Potato,Rabi,5.2,366.2,25,68,7.1,6.39,30.9,136,45,65,Sprinkler,243,3.6,79,5.48,31.43,15414,372734,484462,111728,5366.7,10.21,41.9
FARM_2632,Haryana,Karnal,Gram,Rabi,8.4,435,26.7,52.7,5.1,7.09,55.8,128,74,48,Sprinkler,177,2.4,76,4.78,41.84,15599,468394,652662,184268,5390.6,8.87,58.1
FARM_2633,Andhra Pradesh,Anantapur,Barley,Rabi,10,320.8,23.4,57.1,7.9,6.93,41.5,118,74,49,Sprinkler,169,3.2,91,5.15,54.68,12931,665306,707067,41761,5545.3,9.29,15.6
FARM_2634,Uttar Pradesh,Agra,Gram,Rabi,10.1,417.3,23.4,47.8,7.4,6.62,50.6,125,78,45,Rainfed,181,2.9,88,4.54,44.33,13775,564974,610646,45672,5351.5,8.48,40.8
FARM_2635,Haryana,Hisar,Barley,Rabi,6.9,356.7,29.1,58.5,6.8,7.22,40.9,137,55,39,Sprinkler,172,2.3,87,5.03,33.09,13905,405013,460116,55103,4963,10.13,41.7
FARM_2636,Uttar Pradesh,Kanpur,Gram,Rabi,6.1,426.3,24.8,57.3,7.7,7.36,27,139,43,35,Canal,154,3,74,2.3,14.15,14610,169140,206732,37592,7080.3,3.25,31.1
FARM_2637,Haryana,Hisar,Gram,Rabi,7.5,445.3,24.9,63.5,8.8,6.28,43.4,78,61,45,Tube Well,186,2,85,4.41,30.38,14476,409569,439781,30212,4292.1,10.27,50.1
FARM_2638,Madhya Pradesh,Gwalior,Wheat,Rabi,7,529.1,23.2,49.2,7.7,6.68,48,112,41,52,Tube Well,170,2.7,80,4.47,31.2,14986,355270,467563,112293,6964.7,6.42,52.3
FARM_2639,Maharashtra,Solapur,Potato,Rabi,7.4,370,28.2,54,7.1,6.4,27.1,105,79,67,Tube Well,123,1.5,86,4.97,37.77,13711,442849,517864,75015,5514.3,9.01,39.9
FARM_2640,Telangana,Nalgonda,Gram,Rabi,8.8,386.3,22.5,64.8,7.2,7.19,29.2,129,57,46,Tube Well,225,1.8,81,5.68,48.62,14128,587445,686903,99458,5077.4,11.19,45.7
FARM_2641,Madhya Pradesh,Ujjain,Wheat,Rabi,7.5,481.3,22.3,66.4,8.3,7,52.4,119,42,36,Rainfed,124,1.7,81,4.91,36.02,15397,458418,554600,96182,5913.3,8.3,30.7
FARM_2642,Madhya Pradesh,Bhopal,Mustard,Rabi,6.9,472.4,22.7,63.9,7.2,7.12,50.3,170,63,33,Sprinkler,206,1.1,74,5.2,37.92,12130,502232,459970,-42262,4843.9,10.74,38.5
FARM_2643,Tamil Nadu,Coimbatore,Potato,Rabi,10.6,404.4,22.8,65.2,4.9,6.03,40.7,99,50,45,Drip,219,3.2,79,6.38,66.65,16851,813724,1123119,309395,5834.6,10.93,47.2
FARM_2644,Tamil Nadu,Tiruchirappalli,Mustard,Rabi,8.8,288.9,24.2,48.1,8.7,7.92,31.5,93,58,50,Canal,180,3.4,76,5.9,47.25,15084,624268,712719,88451,5441.2,10.84,42.3
FARM_2645,Karnataka,Shimoga,Barley,Rabi,8.2,347.9,26.6,67.7,6.6,6.55,58.6,119,51,69,Sprinkler,252,3.1,78,4.06,34.88,14026,505919,489227,-16692,4999.3,8.12,46.6
FARM_2646,Uttar Pradesh,Agra,Mustard,Rabi,5.7,407.4,27.3,45.8,7.8,7.18,59.6,141,59,52,Rainfed,141,3,74,4.83,28.19,14615,332444,411997,79553,5725.8,8.44,47.2
FARM_2647,Telangana,Sangareddy,Wheat,Rabi,8.5,518.3,21.9,54.2,6.8,6.21,36.4,125,51,57,Canal,180,2.1,85,4.9,43.37,16961,609274,735599,126325,6905.1,7.1,40.1
FARM_2648,Uttar Pradesh,Meerut,Potato,Rabi,7.1,604.4,25.7,55.2,6.1,7.21,37.8,141,50,37,Tube Well,180,2.5,76,5.37,38.63,16457,482974,635734,152760,5168.6,10.39,36.9
FARM_2649,Karnataka,Dharwad,Gram,Rabi,10.5,447.9,22.6,71.9,9.1,6.79,47,151,57,48,Sprinkler,175,2.8,97,4.74,49.14,12663,671121,622260,-48861,6240.3,7.6,38.8
FARM_2650,Karnataka,Raichur,Wheat,Rabi,7.6,456.1,24.8,56.3,6.5,7.15,38.5,92,29,61,Drip,200,3,82,4.4,33.67,16699,459121,562255,103134,5863.7,7.5,38.8
FARM_2651,Punjab,Bathinda,Potato,Rabi,7.1,570,25.9,60.2,6.6,6.31,49.8,114,50,52,Tube Well,191,2.9,80,5.83,38.76,14143,572527,548183,-24344,4683,12.45,39.8
FARM_2652,Andhra Pradesh,Kurnool,Barley,Rabi,7,411,23.5,58.5,6.8,6.59,40.4,104,63,49,Drip,205,2.3,74,7.08,49.57,15679,632562,777208,144646,7286.7,9.72,45
FARM_2653,Uttar Pradesh,Varanasi,Mustard,Rabi,7.6,558.4,23.8,55.8,8.3,6.57,49.4,73,32,43,Rainfed,207,2.3,83,5.55,44.17,17026,585470,752038,166568,5872.3,9.45,41.8
FARM_2654,Haryana,Karnal,Mustard,Rabi,5.2,381.9,23.5,58.1,8.5,6.62,39.4,128,79,32,Sprinkler,193,2.1,83,6.08,32.06,16608,403466,532452,128986,5827.1,10.43,61.2
FARM_2655,Andhra Pradesh,Kurnool,Barley,Rabi,8.6,446.8,21.8,66.3,8.8,6.45,57.5,123,66,33,Sprinkler,187,3,90,5,41.42,16468,443717,682105,238388,5458.7,9.16,44.4
FARM_2656,Uttar Pradesh,Agra,Mustard,Rabi,10.4,320.9,22.1,66.5,4.9,6.38,42.8,110,59,54,Drip,218,2.2,80,4.89,48.46,14539,596800,704560,107760,4883.2,10.01,40
FARM_2657,Madhya Pradesh,Ujjain,Barley,Rabi,9.6,497.2,25.4,42.1,6.9,7.18,42.1,136,53,40,Drip,209,3,78,5.89,54.78,14615,732432,800610,68178,5432.2,10.84,56.2
FARM_2658,Madhya Pradesh,Indore,Mustard,Rabi,6.7,418.6,20.4,54.8,8.3,6.99,49.2,69,52,39,Tube Well,197,3.1,77,4.17,27.63,15733,333061,434703,101642,6698.7,6.23,30.7
FARM_2659,Maharashtra,Nashik,Barley,Rabi,7.7,403.1,21.8,40.1,6.1,7.17,38.9,181,46,37,Drip,173,3.2,81,5.73,42.91,15840,503055,679694,176639,5352.7,10.7,47.1
FARM_2660,Gujarat,Surat,Wheat,Rabi,5.3,478.2,25.9,48.6,5.7,7.3,23.8,120,56,55,Drip,157,3,86,4.88,28.48,13818,394865,393537,-1328,6022,8.1,38.5
FARM_2661,Punjab,Patiala,Potato,Rabi,7.3,485.6,22.1,51.7,6.9,6.75,43.5,106,41,62,Rainfed,217,3,84,4.53,34.6,17011,403049,588581,185532,6398.1,7.08,36.6
FARM_2662,Punjab,Jalandhar,Mustard,Rabi,4.3,452.6,23.2,43.6,8.2,6.91,44.2,131,66,61,Drip,148,3,89,4.86,22.45,15503,301784,348042,46258,5528.6,8.79,33.6
FARM_2663,Telangana,Nalgonda,Barley,Rabi,9.2,302.2,20.2,57.4,6.4,5.94,25.1,129,52,54,Canal,184,2.6,87,4.56,43.16,14735,587311,635963,48652,4951.4,9.21,27.8
FARM_2664,Telangana,Sangareddy,Mustard,Rabi,5,539.6,20.7,59.6,8.2,7.1,41,141,40,55,Canal,192,1.7,86,5.54,27.68,14950,326658,413816,87158,3062.8,18.09,41.5
FARM_2665,Maharashtra,Aurangabad,Potato,Rabi,5.9,420.3,24.8,60.5,7.3,6.93,44.3,133,50,46,Drip,173,3.5,83,4.5,25.69,14224,310577,365415,54838,6565.4,6.85,39
FARM_2666,Haryana,Kurukshetra,Gram,Rabi,8.5,392.6,25.3,62.5,8.6,7.44,51,109,52,51,Sprinkler,196,2.4,88,5.75,47.91,15380,605145,736856,131711,5264,10.92,62.8
FARM_2667,Andhra Pradesh,Guntur,Potato,Rabi,7.1,421,23.5,60.5,6.2,6.49,42.4,120,33,55,Drip,187,2.8,74,4.57,31.18,14402,340735,449054,108319,6371.5,7.17,37
FARM_2668,Gujarat,Ahmedabad,Mustard,Rabi,9.8,370.1,19.6,54.8,9.1,7.57,43.3,163,62,51,Canal,157,3.3,83,5.18,53.4,16135,774618,861609,86991,5222.6,9.92,49.5
FARM_2669,Andhra Pradesh,Kurnool,Barley,Rabi,4.5,421.7,28.1,62.1,8.9,6.84,35.7,127,49,53,Tube Well,169,2.6,85,7.11,29.13,16410,353207,478023,124816,7015.9,10.13,32
FARM_2670,Uttar Pradesh,Meerut,Gram,Rabi,9.3,410.4,24.9,48.7,7.5,6.74,33,88,63,52,Canal,186,2.6,82,4.07,37.89,14241,500160,539591,39431,5932.6,6.86,44.8
FARM_2671,Punjab,Amritsar,Wheat,Rabi,8.3,428.9,22.3,53.4,8.4,7.49,47.5,101,53,43,Tube Well,171,2.6,77,5.62,47.21,16043,595129,757390,162261,5110.2,11,45.1
FARM_2672,Haryana,Hisar,Wheat,Rabi,9.5,476.5,29.7,60.5,8.5,6.4,43,101,70,46,Sprinkler,160,2.8,84,4.08,37.91,13647,503178,517358,14180,7018.7,5.81,48.4
FARM_2673,Madhya Pradesh,Ujjain,Mustard,Rabi,10.4,409.4,27.6,49.4,5.8,7.48,45.2,167,63,56,Tube Well,222,3.6,87,5.12,50.93,14091,728329,717655,-10674,6791.3,7.54,45.3
FARM_2674,Haryana,Karnal,Mustard,Rabi,8.5,315.6,22.5,58.4,7.6,6.22,55,134,58,46,Tube Well,166,1.5,88,3.95,31.69,14805,376466,469170,92704,6942.5,5.69,43.8
FARM_2675,Tamil Nadu,Salem,Potato,Rabi,7.6,390.9,21.4,45.9,7,7.36,33.4,97,67,50,Drip,152,2.8,86,4.07,31.4,13891,378838,436177,57339,8764.3,4.64,42.1
FARM_2676,Punjab,Patiala,Mustard,Rabi,10.7,391.5,19.6,51,8.2,6.72,44.7,129,74,50,Canal,121,1.8,76,4.59,48.24,13387,602043,645789,43746,6228.6,7.37,40.6
FARM_2677,Madhya Pradesh,Bhopal,Gram,Rabi,6.8,498.2,25.6,62.4,6,7.16,46.3,75,62,27,Sprinkler,160,1.8,78,5.08,33.98,15024,341299,510516,169217,7639.9,6.65,28.4
FARM_2678,Karnataka,Raichur,Wheat,Rabi,5.7,579.6,24,58.7,7.7,7.66,38.3,153,61,55,Tube Well,178,3,96,6.42,39.5,14738,444297,582151,137854,7272.8,8.83,53.5
FARM_2679,Haryana,Hisar,Wheat,Rabi,9.3,425,26.3,63.4,5.8,6.25,39.8,97,54,56,Rainfed,124,1.8,83,4.55,43.87,15889,563986,697050,133064,6727.1,6.76,35.7
FARM_2680,Punjab,Bathinda,Potato,Rabi,8.2,414.8,23.6,62,5.3,7.08,40.7,100,49,41,Canal,200,3.1,78,4.17,32.81,13950,360128,457700,97572,4366.1,9.55,45
FARM_2681,Punjab,Patiala,Potato,Rabi,12,506.7,26,45.5,7.5,6.94,36.1,86,45,42,Drip,144,1.9,92,8.86,108.95,14746,1238750,1606577,367827,5166.6,17.15,43.1
FARM_2682,Telangana,Sangareddy,Barley,Rabi,10,458.3,21.6,57.1,7.6,6.15,64.7,88,52,44,Drip,206,1.6,94,4.7,46.98,15879,603530,745995,142465,6114.1,7.69,33.1
FARM_2683,Madhya Pradesh,Jabalpur,Barley,Rabi,7.2,359.4,24,74,6.2,7.06,32.5,125,63,43,Sprinkler,152,2.1,81,4.92,35.25,14764,371677,520431,148754,7079.5,6.95,48.1
FARM_2684,Haryana,Kurukshetra,Mustard,Rabi,7.9,496.6,26.6,58.2,6.1,6.62,53.2,133,65,48,Tube Well,189,1.2,94,4.6,36.79,16145,467775,593975,126200,5640,8.16,40.1
FARM_2685,Haryana,Hisar,Barley,Rabi,7,353.8,25.4,66.8,6.8,7.2,31.5,146,49,40,Canal,127,1.8,86,4.71,30.7,14055,374827,431489,56662,4907.6,9.6,38.3
FARM_2686,Maharashtra,Pune,Barley,Rabi,7.7,339,26.2,50.1,6.9,7.01,61.1,133,71,22,Canal,186,2.6,80,5.17,38,15944,457146,605872,148726,6714.7,7.7,34.7
FARM_2687,Telangana,Rangareddy,Mustard,Rabi,7.4,420.7,27.3,66.8,6.7,7.16,31.3,75,58,54,Canal,181,4.5,80,4.97,36.43,15370,446024,559929,113905,6047.4,8.22,32.2
FARM_2688,Tamil Nadu,Thanjavur,Gram,Rabi,6.8,340.8,26.5,65.8,7.4,6.6,49.2,113,50,52,Rainfed,148,2.4,75,5.33,35.81,16848,388879,603327,214448,4850.4,10.99,26.4
FARM_2689,Gujarat,Rajkot,Gram,Rabi,8.2,496.1,23.7,63.5,7.9,6.25,42.7,115,52,42,Drip,131,3.1,72,4.82,36.58,16381,424465,599217,174752,6114.1,7.88,31.5
FARM_2690,Tamil Nadu,Thanjavur,Potato,Rabi,7.8,396.5,21.3,64.9,7.6,6.76,52.2,131,54,51,Drip,137,0.5,85,5.34,40.28,12632,495771,508817,13046,5069.9,10.53,32.2
FARM_2691,Gujarat,Junagadh,Potato,Rabi,4.7,467,22.5,53.1,6.6,7.02,40.4,72,50,45,Sprinkler,179,2.9,88,6.62,30.38,13747,335652,417634,81982,6000.4,11.03,30.8
FARM_2692,Haryana,Rohtak,Mustard,Rabi,11.4,532,29.6,65.9,7,6.59,43.8,136,76,48,Tube Well,233,3.2,82,5.99,68.53,13545,766660,928239,161579,5418.3,11.06,27.5
FARM_2693,Karnataka,Belagavi,Mustard,Rabi,6.5,260.1,22.3,62.4,6.1,7.03,46.5,113,73,44,Canal,175,2.1,74,4.23,26.86,14761,357695,396480,38785,6286.2,6.73,43
FARM_2694,Karnataka,Raichur,Potato,Rabi,11.1,357.5,26.9,47.1,7.1,7.14,54.6,91,53,47,Tube Well,206,3.2,85,4.75,50.03,15082,658430,754552,96122,4747.7,10,39.9
FARM_2695,Maharashtra,Nashik,Gram,Rabi,7,526.4,26.6,58,6.8,6.64,34.7,129,56,45,Rainfed,212,2.7,80,5.1,37.99,12884,463882,489463,25581,5116.3,9.97,38.5
FARM_2696,Maharashtra,Solapur,Wheat,Rabi,5.9,441.8,24.7,50.4,7.1,6.77,54.8,119,49,64,Sprinkler,166,1.9,78,5.27,30.85,15390,357639,474782,117143,6356.2,8.29,46.5
FARM_2697,Telangana,Sangareddy,Barley,Rabi,9.6,348.3,23.3,44.3,7.8,7.05,44.8,129,50,59,Rainfed,140,0.9,80,5.86,57.27,16178,663180,926514,263334,5348.7,10.96,30.8
FARM_2698,Haryana,Kurukshetra,Gram,Rabi,6.5,493,24,69.4,6.3,6.93,56.8,131,64,41,Rainfed,169,1.8,82,4.98,34.79,13559,469293,471718,2425,4837.5,10.29,36.9
FARM_2699,Karnataka,Shimoga,Gram,Rabi,8.7,394.6,19.4,54.3,9.3,6.54,49.8,136,72,47,Rainfed,156,2,78,5.81,50.38,16381,598303,825275,226972,6836.9,8.5,45
FARM_2700,Andhra Pradesh,Anantapur,Wheat,Rabi,7.6,409.7,21.8,56.4,7.1,6.67,37.8,102,61,48,Sprinkler,213,2.7,74,5.46,42.49,15571,599461,661612,62151,7771.6,7.03,39.3
FARM_2701,Haryana,Rohtak,Mustard,Rabi,9.2,318.6,25.4,61,6.7,6.89,60,140,73,56,Sprinkler,176,2.3,80,4.09,42.34,15002,517841,635185,117344,6339.9,6.45,40.7
FARM_2702,Haryana,Ambala,Potato,Rabi,3.9,482.4,22,60.1,8.3,6.85,44.1,123,50,43,Canal,215,2.7,81,6.24,24.43,14991,282261,366230,83969,5305.2,11.76,33.1
FARM_2703,Punjab,Amritsar,Potato,Rabi,11,343.9,23.3,62.2,7,6.85,38.8,113,55,56,Canal,194,2.9,68,5.18,54.88,16054,762573,881044,118471,5267,9.83,26.8
FARM_2704,Maharashtra,Nashik,Wheat,Rabi,9.3,499.1,21.2,65.2,8.7,6.38,43.9,103,36,36,Rainfed,209,2.4,84,5.02,49.29,14190,536298,699425,163127,6274.3,8,45.8
FARM_2705,Maharashtra,Nashik,Potato,Rabi,10,405.3,21.7,48.8,5.6,6.5,38.9,114,70,62,Drip,135,1.7,73,5.18,52.78,14886,751025,785683,34658,5818.4,8.9,44
FARM_2706,Madhya Pradesh,Ujjain,Mustard,Rabi,7,373.1,25.4,55.4,5.5,7.64,30.6,132,67,34,Rainfed,139,2.4,78,5.66,39.79,13061,448592,519697,71105,5815.9,9.73,41.5
FARM_2707,Andhra Pradesh,Guntur,Potato,Rabi,9.3,450.1,26.1,46.1,6.4,7.25,57.3,108,74,58,Drip,144,1.8,76,5.6,50.5,14903,685959,752602,66643,4957.4,11.3,43.5
FARM_2708,Tamil Nadu,Madurai,Wheat,Rabi,7.8,487.6,28.7,42.8,7.3,6.86,43.6,105,46,46,Sprinkler,221,3,86,4.68,34.15,17130,410826,584990,174164,5531.8,8.46,41.5
FARM_2709,Gujarat,Ahmedabad,Potato,Rabi,9.1,488.4,20.8,59.4,8.7,7.09,33.9,110,68,45,Rainfed,174,2.3,86,4.94,44.29,14168,568894,627501,58607,5859.8,8.43,41.5
FARM_2710,Telangana,Nalgonda,Barley,Rabi,8.5,464.1,22.8,63.1,6.5,7.43,55.6,145,52,52,Canal,175,2.3,89,4.88,41.51,16863,541575,699983,158408,6997.2,6.97,29.5
FARM_2711,Madhya Pradesh,Gwalior,Mustard,Rabi,9.7,507.1,22,49.3,7.6,6.8,43.1,132,40,46,Rainfed,169,1.4,75,3.16,32.81,16331,375659,535820,160161,5457.8,5.79,42.5
FARM_2712,Madhya Pradesh,Ujjain,Potato,Rabi,7.1,474.2,26.2,54.4,5.2,6.36,35.8,122,46,52,Tube Well,177,1.6,83,3.95,28.93,16056,360607,464500,103893,5670.8,6.97,17.4
FARM_2713,Tamil Nadu,Thanjavur,Gram,Rabi,8.2,372.1,22.4,64.3,6.9,7.09,45.3,113,63,60,Rainfed,132,2.6,80,4.93,43.25,14206,560434,614410,53976,6592.4,7.48,56.8
FARM_2714,Telangana,Sangareddy,Barley,Rabi,7.2,469.2,25,46.3,7.3,8.14,25,113,43,36,Canal,197,3.6,80,5.93,41.1,13269,616628,545356,-71272,5802.3,10.22,35.2
FARM_2715,Madhya Pradesh,Ujjain,Potato,Rabi,9.2,413.5,27.1,60.3,8,7.36,53.3,140,50,37,Rainfed,236,2.9,90,6.24,58.63,13535,743999,793557,49558,6350.3,9.83,43
FARM_2716,Telangana,Medak,Wheat,Rabi,11.8,390.4,20.1,59.1,8.5,6.38,32.3,114,45,50,Rainfed,166,2.9,86,5.36,61.64,15539,805314,957824,152510,5302.1,10.11,49.8
FARM_2717,Madhya Pradesh,Indore,Mustard,Rabi,12.1,524.2,21,57.5,8.2,7.05,33.7,155,38,52,Drip,179,3.1,84,5.29,60.7,13851,746659,840756,94097,6596.5,8.02,42.5
FARM_2718,Tamil Nadu,Coimbatore,Barley,Rabi,5.7,530,24.4,59.7,6,7.32,43.3,115,54,51,Drip,166,2,80,4.51,24.52,14699,320383,360419,40036,5948,7.58,33.2
FARM_2719,Haryana,Kurukshetra,Potato,Rabi,9.2,465.2,20.9,61.5,5.7,6.54,51.1,89,41,48,Drip,167,3.1,76,5.34,45.53,15680,507907,713910,206003,4685.9,11.4,28.6
FARM_2720,Tamil Nadu,Madurai,Barley,Rabi,9.8,429.9,22.2,47.7,7.3,7.09,44.8,135,42,44,Sprinkler,184,2,84,4.72,45.35,16028,575608,726870,151262,5729,8.24,17.3
FARM_2721,Haryana,Hisar,Mustard,Rabi,9.6,441.8,25.4,55.7,7.3,6.91,42.7,87,59,62,Rainfed,137,2,82,5.47,48.62,16267,568868,790902,222034,5506.8,9.93,37.9
FARM_2722,Telangana,Rangareddy,Potato,Rabi,7.9,615.9,24.3,69.2,8.6,6.49,35.3,117,50,42,Drip,213,3.4,93,4.65,40.93,16493,504594,675058,170464,5965.1,7.8,29.9
FARM_2723,Andhra Pradesh,Guntur,Mustard,Rabi,6.3,423,21.6,53.9,6.7,7.65,23.6,128,49,58,Drip,131,2.9,76,5.15,34.16,14516,431706,495867,64161,6727.7,7.65,43.6
FARM_2724,Andhra Pradesh,Guntur,Wheat,Rabi,8.1,425.9,21.9,65.1,8.4,6.6,43.3,132,57,51,Rainfed,198,1.4,93,5.33,40.74,13981,482821,569586,86765,7155.1,7.45,37.9
FARM_2725,Karnataka,Mysuru,Barley,Rabi,6.3,456.9,22.1,65.5,5.9,7.47,50.8,102,70,39,Drip,134,2.1,88,4.57,30.85,16640,346932,513344,166412,6134.6,7.45,38.4
FARM_2726,Andhra Pradesh,Krishna,Gram,Rabi,4,396.7,21.3,62.2,6.4,7.16,40,114,61,57,Canal,172,1.9,76,2.53,9.24,12206,111033,112783,1750,7450.6,3.4,59.5
FARM_2727,Tamil Nadu,Madurai,Potato,Rabi,11.3,387.8,21.6,56.3,7.3,6.77,48.6,94,47,35,Canal,164,2.1,88,5.78,70.62,16638,970245,1174976,204731,6482.2,8.92,48.3
FARM_2728,Tamil Nadu,Coimbatore,Wheat,Rabi,11.6,499.6,24.2,66.2,5.8,6.85,33.7,134,48,31,Rainfed,206,4.2,75,5.13,58.99,17020,650329,1004010,353681,5639.6,9.1,39.4
FARM_2729,Karnataka,Mysuru,Wheat,Rabi,7.3,549.9,28.6,49.9,9.4,6.8,42.5,141,38,62,Tube Well,155,2.6,89,5.47,42.45,15776,507016,669691,162675,6186.1,8.84,41.5
FARM_2730,Tamil Nadu,Madurai,Mustard,Rabi,9.2,427.3,24.8,39.6,8.3,7.44,29.8,121,64,50,Rainfed,199,3,75,5.8,52.42,15949,735836,836047,100211,6384.3,9.08,42.3
FARM_2731,Telangana,Rangareddy,Potato,Rabi,8.3,500.6,24.3,48.3,8.1,6.89,53.2,121,65,49,Tube Well,214,2.8,89,5.23,45.41,15713,647935,713527,65592,6011.3,8.7,43.5
FARM_2732,Maharashtra,Aurangabad,Potato,Rabi,4.6,446.4,26.3,39.2,6.8,6.06,48.7,76,77,36,Sprinkler,194,2.5,93,3.08,13.5,13644,162657,184194,21537,5071.6,6.07,42.6
FARM_2733,Karnataka,Dharwad,Potato,Rabi,8.6,574.3,24.9,57.8,7.9,6.61,51.1,147,88,38,Canal,164,2.7,85,5.74,57.92,16161,720462,936045,215583,5942.9,9.66,40
FARM_2734,Uttar Pradesh,Lucknow,Gram,Rabi,7.5,333,23.9,60.5,7.4,6.67,39.3,128,42,26,Rainfed,204,2.7,84,5.78,44.68,16362,586606,731054,144448,5955.7,9.7,34.7
FARM_2735,Uttar Pradesh,Kanpur,Wheat,Rabi,5.3,581.2,26.4,62.7,6.8,6.97,41.1,145,69,20,Sprinkler,175,1.9,84,4.65,23.35,15604,349705,364353,14648,6330.4,7.35,42.6
FARM_2736,Madhya Pradesh,Gwalior,Mustard,Rabi,8.1,445.2,20.7,58.8,7.6,6.53,45.6,128,37,49,Rainfed,154,2.5,84,5.66,45.48,15028,542806,683473,140667,5249,10.78,41.6
FARM_2737,Haryana,Ambala,Potato,Rabi,8.5,408.7,24.2,47,5.3,6.81,39.8,132,62,37,Drip,205,2.9,79,5.28,44.85,15283,578909,685443,106534,5944.3,8.88,43.5
FARM_2738,Uttar Pradesh,Meerut,Barley,Rabi,8.9,396.7,22.4,63.2,8.8,6.83,40.5,124,65,48,Canal,170,2.6,82,5.15,47.03,16320,587847,767530,179683,6326.2,8.14,42.5
FARM_2739,Andhra Pradesh,Guntur,Barley,Rabi,7.3,377.5,28.7,55.6,8.4,6.92,26,96,68,54,Sprinkler,128,1.9,91,5.71,43.67,16491,465324,720162,254838,5360.4,10.65,41.7
FARM_2740,Andhra Pradesh,Guntur,Mustard,Rabi,5.9,401.6,24.1,51.3,9,7.25,34.9,131,57,52,Canal,206,2.4,92,6.08,38.51,14969,550376,576456,26080,5410.2,11.24,42
FARM_2741,Uttar Pradesh,Agra,Mustard,Rabi,8.3,476.7,24.7,56.1,5.5,5.68,28.1,119,65,43,Canal,228,2.1,72,4.15,36.42,15327,448907,558209,109302,6279.7,6.61,42.7
FARM_2742,Madhya Pradesh,Jabalpur,Wheat,Rabi,7.6,429.9,26.8,43.3,6.2,6.81,42.7,82,43,42,Rainfed,116,2.3,84,4.17,30.32,15813,444022,479450,35428,5760.7,7.24,37.1
FARM_2743,Andhra Pradesh,Kurnool,Gram,Rabi,6.8,341.1,24.1,51.9,7.7,6.3,48,129,78,42,Rainfed,129,2.6,91,5.73,34.84,16141,407164,562352,155188,4775.9,12,44.5
FARM_2744,Karnataka,Belagavi,Barley,Rabi,7.2,427.2,22.8,62.9,7.2,6.88,31.8,101,50,36,Drip,211,2.8,84,5.42,37.74,13355,486578,504018,17440,5565.1,9.74,47
FARM_2745,Gujarat,Junagadh,Mustard,Rabi,6.9,551.2,20.2,47.1,5.3,6.85,36.7,131,51,44,Drip,154,2.2,86,6.14,42.43,14959,599520,634710,35190,5406,11.36,51.1
FARM_2746,Madhya Pradesh,Ujjain,Barley,Rabi,6.1,424.8,20.1,78.3,6.1,5.53,39,144,50,38,Sprinkler,144,2.6,82,4.59,28.72,15464,378611,444126,65515,6936.7,6.62,36.2
FARM_2747,Haryana,Ambala,Potato,Rabi,6.5,472.5,22.7,57.6,8.3,6.66,32.2,88,34,23,Tube Well,146,1.5,84,4.57,27.87,14441,341004,402471,61467,4309.7,10.6,27.3
FARM_2748,Telangana,Rangareddy,Mustard,Rabi,8.1,531.3,27.3,56.5,8.8,5.49,38.9,127,55,47,Rainfed,159,3.3,78,5.23,43.7,13914,528461,608042,79581,6422.4,8.14,42
FARM_2749,Tamil Nadu,Tiruchirappalli,Gram,Rabi,9.3,540.2,25.8,57.4,6.5,7.11,27.3,142,46,51,Rainfed,179,2.8,73,4.59,44.45,12755,529128,566960,37832,6584.6,6.97,41.7
FARM_2750,Haryana,Karnal,Mustard,Rabi,8.5,352.1,21,67.5,6.3,6.97,33.1,140,69,54,Tube Well,199,2.3,78,4.82,39.32,16403,462891,644966,182075,5721.1,8.42,33.3
FARM_2751,Karnataka,Belagavi,Gram,Rabi,9.4,480.7,24.7,61.4,6.7,6.41,57,157,72,67,Sprinkler,177,2.8,78,5.43,49.55,16053,697350,795426,98076,6042.2,8.99,42.3
FARM_2752,Tamil Nadu,Coimbatore,Gram,Rabi,10.1,425,24.6,64.1,4.3,7.29,39.1,135,82,56,Drip,222,2.1,80,4.59,46.66,15867,614699,740354,125655,5380.3,8.53,33.3
FARM_2753,Maharashtra,Solapur,Potato,Rabi,7.4,383.6,18.1,55.7,5.3,5.49,49.3,126,38,35,Sprinkler,161,3.3,81,6.41,45.96,15026,531773,690595,158822,5570.2,11.51,58.8
FARM_2754,Madhya Pradesh,Bhopal,Potato,Rabi,6.4,363.6,18.7,57.9,6.8,6.33,50.3,72,40,40,Canal,187,2.7,76,4.86,31.83,14357,421002,456983,35981,6405.3,7.59,47
FARM_2755,Gujarat,Junagadh,Barley,Rabi,10.1,449.3,22.8,56.1,6.5,6.9,34.8,112,51,35,Rainfed,205,1.9,74,4.59,44.18,14787,528103,653290,125187,4418.8,10.39,36.4
FARM_2756,Madhya Pradesh,Bhopal,Potato,Rabi,7.2,380.9,24.4,56.1,8.8,6.82,45.4,136,49,38,Tube Well,220,3.2,89,4.09,29.63,17160,366103,508451,142348,4738.2,8.63,31.1
FARM_2757,Maharashtra,Pune,Gram,Rabi,10.1,398.4,19.5,52.6,6.4,7.39,35.9,115,72,38,Rainfed,203,2.7,76,5.5,54.22,12362,628554,670268,41714,6592.1,8.34,50.1
FARM_2758,Telangana,Medak,Wheat,Rabi,6.7,486.1,25.2,55.2,8,6.01,48.8,127,70,55,Sprinkler,191,2.1,76,5.65,38.91,17868,482482,695244,212762,5789.7,9.76,42.5
FARM_2759,Telangana,Rangareddy,Gram,Rabi,11.2,522.7,24.3,57,7.3,7.32,34.6,106,38,39,Canal,203,3,79,5.29,62.76,15942,770154,1000520,230366,4665.8,11.34,43.2
FARM_2760,Madhya Pradesh,Indore,Barley,Rabi,10.7,428.2,18.9,66.7,7.1,7.22,45.7,124,44,57,Rainfed,220,2.1,87,5.05,54.84,18383,679475,1008124,328649,6670.6,7.57,39.6
FARM_2761,Telangana,Sangareddy,Gram,Rabi,8,348,21.3,54.3,7.3,6.64,44.3,97,45,48,Rainfed,192,3.2,73,6.41,48.28,14193,597762,685238,87476,4895.8,13.09,29.2
FARM_2762,Haryana,Karnal,Potato,Rabi,8.7,417.5,25.4,63.5,7.7,7.05,38.4,114,50,64,Tube Well,188,3.3,88,5.31,48.35,14898,585034,720318,135284,5365.7,9.9,33.7
FARM_2763,Tamil Nadu,Thanjavur,Wheat,Rabi,8.5,512.5,20.1,66,4.1,6.47,40.4,116,60,47,Drip,197,2.8,82,4.8,42.31,15213,582273,643662,61389,4575.4,10.49,32.6
FARM_2764,Gujarat,Rajkot,Mustard,Rabi,6.9,330.7,19.1,63.9,5.6,6.39,34,107,53,51,Rainfed,189,1.2,87,5.56,38.02,15883,478587,603872,125285,5161.9,10.77,42
FARM_2765,Telangana,Medak,Gram,Rabi,7.7,442.3,22.2,70.7,7.1,7.33,49.7,123,78,45,Canal,108,2.4,76,4.95,37.86,16163,488740,611931,123191,6139,8.06,42.8
FARM_2766,Andhra Pradesh,Chittoor,Wheat,Rabi,7.6,438,24.5,59.1,7.1,6.28,40.4,111,62,46,Canal,191,2.9,82,6.27,48.63,13716,610158,667009,56851,5840,10.74,42.4
FARM_2767,Haryana,Karnal,Wheat,Rabi,8.2,434.7,21.8,68.8,9.2,5.61,39,95,66,55,Sprinkler,215,2.4,84,5.19,41.85,15662,520246,655455,135209,4450,11.66,31
FARM_2768,Gujarat,Surat,Potato,Rabi,9.4,369.8,22.7,54,7.5,7.51,53.7,90,34,40,Rainfed,136,3.2,79,5.67,50.58,15857,615832,802047,186215,7452.4,7.61,35.5
FARM_2769,Maharashtra,Nagpur,Barley,Rabi,9.9,486.5,22.7,73.7,7.5,6.4,48.1,130,49,64,Sprinkler,150,2.3,79,5.17,49.91,14658,663124,731581,68457,7012.5,7.37,43.9
FARM_2770,Andhra Pradesh,Chittoor,Barley,Rabi,9.3,476,25.4,63.3,7.1,6.14,30.5,118,50,49,Rainfed,183,2.5,77,4.42,42.98,14456,610390,621319,10929,5141,8.6,50.2
FARM_2771,Andhra Pradesh,Kurnool,Potato,Rabi,6.4,403.8,23.6,64.3,7.4,6.69,41.4,96,45,51,Rainfed,174,2.3,82,10.16,64.68,15515,883192,1003510,120318,5621.3,18.07,44.8
FARM_2772,Andhra Pradesh,Kurnool,Wheat,Rabi,10.2,287.8,23.7,59,6,6.61,47.8,136,62,25,Tube Well,221,2.6,81,4.02,39.74,16389,517975,651299,133324,4168,9.64,41.7
FARM_2773,Haryana,Rohtak,Gram,Rabi,6.6,529.6,24.5,46.2,8,6.41,56.4,80,34,46,Canal,150,2.6,90,5.57,35.43,13517,458900,478907,20007,5762.5,9.67,51.6
FARM_2774,Tamil Nadu,Tiruchirappalli,Barley,Rabi,10.6,482.1,24.9,50,8.3,6.36,46.2,106,61,22,Rainfed,211,2.4,79,3.74,40.47,16121,504648,652417,147769,5175,7.23,37
FARM_2775,Maharashtra,Solapur,Potato,Rabi,4.9,327.3,21.3,61.2,7.2,6.68,42.4,104,60,38,Sprinkler,177,1.7,79,4.95,23.81,14085,268817,335364,66547,5379,9.2,33.2
FARM_2776,Maharashtra,Aurangabad,Barley,Rabi,7.2,287.6,22.1,57.6,9.5,6.8,44.2,94,36,32,Tube Well,210,2.7,80,5.74,39.77,14938,486247,594084,107837,5198.3,11.04,28.8
FARM_2777,Andhra Pradesh,Krishna,Wheat,Rabi,7.6,450.3,22.1,52.1,6.7,6.84,38.1,90,74,36,Rainfed,196,2.8,82,5.58,39.83,15577,495979,620432,124453,6045.8,9.23,41.3
FARM_2778,Tamil Nadu,Thanjavur,Wheat,Rabi,8.7,564.6,23.6,66.2,8.2,7.08,58.1,67,46,46,Tube Well,149,2.8,78,2.75,25.58,13754,316220,351827,35607,5277.2,5.21,44.4
FARM_2779,Maharashtra,Pune,Barley,Rabi,7.5,473.2,23.6,60.9,7,6.86,50.5,105,79,61,Drip,159,2,82,4.87,33.99,14418,396814,490068,93254,4124.9,11.81,42.7
FARM_2780,Gujarat,Ahmedabad,Potato,Rabi,8,385.2,24.5,54.6,7,7.49,34.9,119,49,54,Drip,151,2.4,81,5.5,45.22,15396,561193,696207,135014,4781.3,11.5,22.2
FARM_2781,Telangana,Warangal,Gram,Rabi,7.6,493.8,24.3,58.7,6.8,6.64,38.8,136,43,23,Sprinkler,173,2.6,83,5.97,44.23,14314,511771,633108,121337,8132,7.34,51
FARM_2782,Karnataka,Mysuru,Gram,Rabi,8.8,516,21,49.8,8,6.84,34.6,142,40,56,Canal,198,1.5,90,4.7,43,16058,513589,690494,176905,7021,6.69,35.4
FARM_2783,Andhra Pradesh,Guntur,Barley,Rabi,8.8,494.2,26.2,56.9,6.7,7.07,40.7,132,37,48,Drip,156,1.7,83,5.45,45,15816,561044,711720,150676,3934.6,13.85,45.5
FARM_2784,Gujarat,Vadodara,Mustard,Rabi,4.8,454.3,25.4,52.2,7.7,6.65,40.6,88,74,62,Drip,199,2.1,74,6.16,29.87,15400,327321,459998,132677,6247,9.86,43.9
FARM_2785,Maharashtra,Pune,Wheat,Rabi,8.7,368.6,24.3,66.5,6.7,6.82,41.5,97,65,55,Drip,241,2.3,74,6.39,58.56,15019,785696,879513,93817,7193.9,8.88,42.5
FARM_2786,Madhya Pradesh,Indore,Wheat,Rabi,9.6,476.6,23.9,55.5,8,6.44,52.9,116,72,43,Tube Well,130,2.7,77,5.67,56.54,13191,736170,745819,9649,6677.1,8.49,36.7
FARM_2787,Maharashtra,Aurangabad,Barley,Rabi,10.6,535.8,19.6,60.8,6.4,6.15,36,95,45,28,Canal,137,0.9,73,6.29,61.98,16662,812145,1032711,220566,5301.4,11.86,41.8
FARM_2788,Punjab,Amritsar,Potato,Rabi,9,469,24.8,48.2,6.2,6.68,35.8,85,74,26,Drip,127,3.2,85,5.67,50.94,15149,640085,771690,131605,6621.2,8.56,44.1
FARM_2789,Madhya Pradesh,Ujjain,Barley,Rabi,12.5,422.6,22.6,64.9,8.3,6.2,36.2,108,60,43,Rainfed,156,2.3,82,4.88,59.4,14612,821075,867953,46878,6352.4,7.68,48.7
FARM_2790,Haryana,Rohtak,Wheat,Rabi,4.4,339.6,26,42.5,8.4,6.91,48.1,129,63,42,Sprinkler,177,1.9,86,4.91,21.75,15904,283328,345912,62584,5551.7,8.84,22.3
FARM_2791,Karnataka,Shimoga,Wheat,Rabi,5,345.9,19.7,47.8,5.9,7.21,49.2,109,53,53,Tube Well,129,2.7,76,5.82,27.8,17334,362398,481885,119487,5959.2,9.77,42
FARM_2792,Tamil Nadu,Thanjavur,Mustard,Rabi,6.9,512.9,22,54.2,6.7,6.58,49.8,113,74,44,Canal,147,3.1,79,5.12,33.82,15260,478921,516093,37172,6136,8.34,49.6
FARM_2793,Punjab,Jalandhar,Mustard,Rabi,6.2,466.7,17.9,53.5,6,7.59,48.5,98,47,39,Canal,192,2.6,84,5.01,30.21,15007,372392,453361,80969,5088.8,9.85,41.3
FARM_2794,Tamil Nadu,Madurai,Mustard,Rabi,7.5,403,20.2,54.7,6.8,7.03,48.4,108,62,40,Drip,229,2.5,82,4.86,36.55,14384,455564,525735,70171,6161.9,7.89,40.5
FARM_2795,Punjab,Amritsar,Mustard,Rabi,8.1,515,25.5,58.5,8.8,6.95,41,98,54,46,Tube Well,171,2.1,82,5.69,43.86,13297,478611,583206,104595,6771.5,8.4,31.8
FARM_2796,Madhya Pradesh,Jabalpur,Gram,Rabi,6.4,439.2,25.3,53.5,6.2,6.49,56.5,144,35,36,Rainfed,196,2.4,70,5.64,34.74,11892,434053,413128,-20925,6321.1,8.92,42.8
FARM_2797,Punjab,Amritsar,Mustard,Rabi,9.9,411.9,23.1,65.1,6.5,6.82,44.7,117,45,48,Tube Well,235,1.6,86,4.76,44.43,17441,531183,774904,243721,6007.2,7.92,31.4
FARM_2798,Gujarat,Ahmedabad,Barley,Rabi,9.2,247.6,20.5,51.8,5.6,7.23,37.8,118,62,65,Drip,158,2.3,70,5.3,51.55,15419,659967,794849,134882,5660.1,9.36,21.5
FARM_2799,Gujarat,Rajkot,Potato,Rabi,6,384.8,21.7,62.2,7.1,6.25,54.2,108,54,50,Tube Well,200,1.8,80,3.66,21.61,15333,300334,331346,31012,4874.7,7.51,37.4
FARM_2800,Gujarat,Vadodara,Gram,Rabi,5.5,510.7,23.1,67.1,6.8,8.08,36.3,130,52,42,Canal,182,1.6,82,5.61,31.88,16885,402988,538294,135306,6480.3,8.66,31.5
FARM_2801,Andhra Pradesh,Kurnool,Potato,Rabi,9.5,442.7,20.5,54,6.8,6.66,36.5,134,56,54,Canal,179,3,97,5.07,46.12,17085,548417,787960,239543,6136.6,8.26,47.1
FARM_2802,Uttar Pradesh,Kanpur,Wheat,Rabi,7.8,373.1,26.2,57.3,7.7,6.69,26.3,131,47,43,Drip,164,3.4,83,4.55,35.27,13352,445245,470925,25680,4912.9,9.26,32.9
FARM_2803,Haryana,Karnal,Barley,Rabi,5,442.6,26,63.4,8.3,7.03,41.6,99,33,61,Canal,207,2.7,90,5,22.84,14987,296287,342303,46016,4901.2,10.2,42
FARM_2804,Madhya Pradesh,Ujjain,Gram,Rabi,8.4,506.3,21.1,59.7,8.3,7.56,30.3,79,59,39,Tube Well,178,3,84,3.97,33.75,14374,433246,485123,51877,3628,10.94,36.6
FARM_2805,Punjab,Jalandhar,Gram,Rabi,7.6,375.5,26.4,56.4,6.9,6.91,36.5,130,72,47,Sprinkler,155,2.3,74,5.6,42.64,16125,534963,687570,152607,6447,8.69,51.4
FARM_2806,Maharashtra,Pune,Wheat,Rabi,10.9,475.2,23.3,58.3,7.8,6.51,43.4,114,73,63,Tube Well,171,2.7,73,3.85,37.63,12707,433987,478164,44177,4150.2,9.28,37.1
FARM_2807,Telangana,Nalgonda,Barley,Rabi,7.5,348,22,72.9,6,7.38,28.3,178,49,33,Drip,183,2.9,81,3.21,22.5,17527,272995,394358,121363,6348.2,5.06,53.7
FARM_2808,Uttar Pradesh,Meerut,Gram,Rabi,6.6,314.1,22.6,56.4,8,6.42,47.7,140,53,33,Canal,221,2.3,83,5.29,35.66,14587,434700,520172,85472,5788.4,9.14,40
FARM_2809,Madhya Pradesh,Bhopal,Gram,Rabi,6.3,424.5,20.6,57.7,7.1,6.25,30.5,111,61,40,Canal,182,2.1,73,5.06,29.7,15713,341829,466676,124847,5748.5,8.8,34.1
FARM_2810,Gujarat,Junagadh,Wheat,Rabi,8,410,24.1,45.7,6.3,6.01,27.1,162,59,34,Tube Well,211,2.5,82,4.79,34.59,14002,408412,484329,75917,6584.4,7.27,44
FARM_2811,Maharashtra,Nagpur,Potato,Rabi,6.3,439.6,21.5,61.4,7.2,5.9,48.2,176,48,39,Tube Well,152,3,96,4.7,30.32,13489,374582,408986,34404,6319.1,7.44,33.2
FARM_2812,Maharashtra,Pune,Mustard,Rabi,7.8,523.9,25.4,63.2,6.1,7.15,42,110,57,62,Tube Well,194,3.7,83,6.04,45.59,16436,545603,749317,203714,7181.1,8.41,44
FARM_2813,Gujarat,Junagadh,Gram,Rabi,8.3,397.3,24.8,57.4,8.5,5.67,36.8,155,60,47,Drip,174,3.3,89,5.12,40.16,15341,525355,616095,90740,5585.5,9.17,41.9
FARM_2814,Gujarat,Rajkot,Gram,Rabi,7.4,478.2,22.2,58.4,6.3,6.73,37.2,131,55,33,Canal,191,3.3,81,5.55,41.77,15576,529234,650610,121376,5856.6,9.48,36.6
FARM_2815,Telangana,Nalgonda,Gram,Rabi,6.2,560.2,22.4,52,6.3,6.32,41,143,50,38,Sprinkler,204,2.6,91,5.43,32.29,14814,421442,478344,56902,6675,8.13,22
FARM_2816,Haryana,Rohtak,Mustard,Rabi,8.5,500.4,23,59.6,6.3,6.96,32.4,133,52,55,Drip,170,3.7,82,1.72,13.61,17186,176584,233901,57317,7014.2,2.45,33.7
FARM_2817,Tamil Nadu,Thanjavur,Barley,Rabi,9,500,25.8,67.3,8,6.65,39.8,154,61,50,Drip,172,2.5,80,4.3,36.31,15132,471996,549443,77447,5880,7.31,39.8
FARM_2818,Haryana,Hisar,Potato,Rabi,6,435.9,22.5,62.3,7.3,6.92,43.4,129,27,32,Canal,180,1.5,90,4,25.97,16636,271202,432037,160835,4929.9,8.11,47.7
FARM_2819,Madhya Pradesh,Ujjain,Mustard,Rabi,11.4,423.8,24.2,48.7,7.7,6.39,51.5,117,64,52,Drip,223,2.3,76,5.89,69.66,18652,988983,1299298,310315,4831.5,12.19,34.2
FARM_2820,Andhra Pradesh,Anantapur,Potato,Rabi,7.8,522,22.8,62.3,7.1,7.08,33.5,129,59,31,Drip,143,3.9,77,5.84,46.97,15132,609086,710750,101664,6988.5,8.36,49.1
FARM_2821,Telangana,Rangareddy,Potato,Rabi,3.9,541.7,20,55.7,7.3,6.57,52.5,100,45,55,Canal,200,2,75,4.53,17.02,15918,178517,270924,92407,5912.1,7.66,42.9
FARM_2822,Punjab,Ludhiana,Mustard,Rabi,6.1,576.8,23.5,44,7.8,7.22,34,119,61,44,Drip,164,1.8,82,2.4,14.72,12971,171439,190933,19494,6959.2,3.45,34.2
FARM_2823,Maharashtra,Solapur,Gram,Rabi,9.2,457.5,21.6,69.7,6.4,6.29,42.6,78,70,55,Sprinkler,228,2.4,74,4.38,43.53,16548,502719,720334,217615,6661.3,6.58,35
FARM_2824,Maharashtra,Pune,Gram,Rabi,10,477.2,21,55.4,7,6.68,45.5,93,57,75,Drip,199,2.2,76,5.4,52.08,13312,541626,693289,151663,5471.7,9.87,35.8
FARM_2825,Karnataka,Shimoga,Wheat,Rabi,6.8,430.4,23.6,61.3,7.3,6.66,47.1,136,62,27,Rainfed,246,2.5,75,4.95,35.3,15376,414464,542773,128309,6808.5,7.27,48
FARM_2826,Uttar Pradesh,Agra,Mustard,Rabi,7,365.7,26.9,63.5,5,7.35,55.1,99,56,58,Rainfed,161,2.9,76,4.61,33.05,15079,416215,498361,82146,6073.4,7.59,49
FARM_2827,Madhya Pradesh,Bhopal,Barley,Rabi,7,320.5,19.1,56,8.1,6.67,47.9,119,54,27,Rainfed,181,1.1,84,5.18,38.89,14242,470955,553871,82916,5448.3,9.51,33.9
FARM_2828,Punjab,Jalandhar,Wheat,Rabi,7.5,477.3,23.9,53.9,6.2,6.74,37.3,100,52,53,Rainfed,181,3.1,82,5.7,42.82,16585,491729,710170,218441,6704.4,8.5,36.8
FARM_2829,Tamil Nadu,Tiruchirappalli,Gram,Rabi,11.9,564.3,24.4,57.2,6.3,6.71,45.8,139,59,52,Canal,168,3,79,5.36,66.26,17511,778131,1160279,382148,5560.6,9.64,45.8
FARM_2830,Telangana,Rangareddy,Mustard,Rabi,11.6,510.7,21.6,68.6,5.2,7.16,48.9,83,75,32,Rainfed,178,3.6,81,5.15,59.44,15981,730429,949911,219482,6714.9,7.67,40.2
FARM_2831,Madhya Pradesh,Bhopal,Gram,Rabi,11.2,450.5,25.8,58.7,6.8,6.79,57.7,115,35,43,Tube Well,183,1,90,5.99,70.67,17903,865117,1265205,400088,6260.5,9.57,33.4
FARM_2832,Punjab,Patiala,Potato,Rabi,10.5,486.9,23.7,61.6,8.2,5.21,33.6,114,82,42,Rainfed,139,3,86,5.02,50.77,15615,736074,792774,56700,6980.7,7.19,48.6
FARM_2833,Punjab,Bathinda,Mustard,Rabi,4.7,407.1,22.9,63.9,6.9,7,44.6,105,23,51,Canal,209,2.1,85,4.42,19.63,16427,228944,322462,93518,4855.6,9.1,44.3
FARM_2834,Haryana,Rohtak,Mustard,Rabi,8.3,426.5,26.2,53.5,6.2,6.39,68,102,68,40,Canal,213,2.8,84,5.26,44.7,16577,499921,740992,241071,6448.3,8.16,39.3
FARM_2835,Punjab,Patiala,Barley,Rabi,9.6,450.4,22.6,58.8,7.4,6.24,47.6,121,65,36,Canal,206,1.9,90,5.91,54.88,15801,647212,867159,219947,6055.1,9.76,34.5
FARM_2836,Andhra Pradesh,Kurnool,Potato,Rabi,10,369.3,21.5,50.6,6.4,7.09,44.8,113,60,50,Canal,164,3,83,5.38,53.54,15488,761301,829228,67927,5002.5,10.75,34.3
FARM_2837,Telangana,Rangareddy,Barley,Rabi,7.1,322.5,25.3,53.3,7.6,6.67,37.4,118,43,40,Sprinkler,183,1.2,78,5.48,43.03,15374,462454,661543,199089,7064.8,7.76,43
FARM_2838,Haryana,Karnal,Wheat,Rabi,10,488.3,21,60.8,5.3,6.62,48.6,93,55,32,Drip,166,1.3,89,4.69,47.22,15605,555485,736868,181383,6433,7.29,30.8
FARM_2839,Haryana,Hisar,Wheat,Rabi,9,409.1,26.5,50.7,4.9,6.78,39.6,132,33,38,Tube Well,184,2.4,83,5.81,47.58,15190,567883,722740,154857,6266.2,9.27,33.7
FARM_2840,Gujarat,Surat,Wheat,Rabi,7.1,347.4,23.1,49.5,7.1,6.87,47.4,162,43,36,Rainfed,187,2,91,5.15,35.99,13422,462595,483058,20463,4383.1,11.75,50
FARM_2841,Tamil Nadu,Tiruchirappalli,Barley,Rabi,3.7,479.2,24.9,48.5,5.6,6.38,45,114,72,37,Canal,168,2.5,83,5.75,22.14,12741,276484,282086,5602,6068.9,9.47,35.6
FARM_2842,Tamil Nadu,Coimbatore,Potato,Rabi,9.1,441,23,46.2,7.3,7.19,37.3,97,45,59,Tube Well,184,2.8,88,4.72,41.71,15807,494869,659310,164441,5214,9.05,34.3
FARM_2843,Uttar Pradesh,Kanpur,Wheat,Rabi,6.8,379.3,23.9,59.7,7.9,6.73,39,112,60,42,Drip,206,1.9,84,5.31,39.07,16341,469225,638443,169218,5662.9,9.38,49.9
FARM_2844,Maharashtra,Solapur,Barley,Rabi,7,437.9,20.7,64.5,6.3,7.04,59.6,92,47,40,Canal,159,3,87,4.47,30.22,15354,407230,463998,56768,6622.5,6.75,51.2
FARM_2845,Karnataka,Mysuru,Potato,Rabi,7.7,471.8,22.6,58.6,7.1,6.51,31.7,113,74,36,Drip,151,2.5,72,5.21,40.25,15677,441523,630999,189476,5337.1,9.76,41.5
FARM_2846,Gujarat,Vadodara,Mustard,Rabi,6.4,450.2,22.7,58.7,6.6,6.81,30.7,105,50,49,Canal,209,2.2,83,5.93,38.9,15940,459407,620066,160659,6764.4,8.77,47.4
FARM_2847,Karnataka,Shimoga,Gram,Rabi,7.3,471.1,25.4,65,6.4,7.09,52.6,133,60,49,Drip,246,1.7,82,5.69,43.16,14896,557990,642911,84921,6408.4,8.88,49.3
FARM_2848,Telangana,Medak,Mustard,Rabi,7.7,416.8,24,52,8.3,7.02,73.6,73,63,48,Canal,170,2.6,87,5.56,46.38,16150,552128,749037,196909,5492.7,10.12,50.7
FARM_2849,Haryana,Ambala,Gram,Rabi,5.4,380,22.7,54.5,7.5,6.48,45.2,152,66,66,Canal,210,2.1,81,6.37,32.98,16366,418824,539751,120927,5536.5,11.51,29.9
FARM_2850,Punjab,Patiala,Potato,Rabi,9.3,457.9,27.4,61,8.3,6.18,59.9,138,63,49,Canal,133,1.3,74,4.44,41.12,15359,487797,631562,143765,5566,7.98,43.5
FARM_2851,Punjab,Amritsar,Mustard,Rabi,6.4,366.2,22.1,57.1,8.4,6.62,53.1,77,40,28,Drip,188,2.8,73,5.79,33.74,13801,390640,465646,75006,5278.4,10.97,41.8
FARM_2852,Haryana,Karnal,Barley,Rabi,10.3,460.3,26.4,49.4,7.7,7.14,49.9,83,62,46,Canal,131,2.1,75,6.89,69.88,14741,909373,1030101,120728,6745.7,10.21,38
FARM_2853,Karnataka,Mysuru,Wheat,Rabi,8.8,421.7,21.9,55.9,7.3,7.26,44.2,124,55,55,Tube Well,180,2.3,85,4.62,40.05,16963,438962,679368,240406,6311.4,7.32,30.7
FARM_2854,Andhra Pradesh,Kurnool,Potato,Rabi,7.8,394.6,18.6,63.4,9.3,7.31,49.1,128,53,45,Rainfed,217,1.8,82,4.29,32.56,14897,399455,485046,85591,5829.5,7.36,40.2
FARM_2855,Madhya Pradesh,Jabalpur,Mustard,Rabi,6.3,439.1,18.9,47.6,7.2,7.23,33.2,152,63,28,Canal,161,2.1,85,3.52,21.96,13759,287020,302148,15128,6719.4,5.24,36.9
FARM_2856,Uttar Pradesh,Varanasi,Wheat,Rabi,9.7,432.1,22.1,58.9,6.8,6.91,37.4,121,69,67,Rainfed,199,2.4,86,4.74,43.2,14810,479389,639792,160403,5837.2,8.12,40.5
FARM_2857,Gujarat,Vadodara,Gram,Rabi,9.8,435.5,21.7,64.2,7.8,7.92,33.6,121,59,38,Tube Well,175,3,77,5.17,46.61,15212,542138,709031,166893,6072.5,8.51,43.3
FARM_2858,Madhya Pradesh,Ujjain,Wheat,Rabi,10.2,305.6,21.8,52.4,7.7,7.3,30.8,104,35,52,Rainfed,188,1.8,87,3.95,38.79,14613,492175,566838,74663,4365.4,9.05,41
FARM_2859,Uttar Pradesh,Agra,Mustard,Rabi,7.3,487,21.7,55.9,7.6,6.64,24.9,140,56,49,Drip,182,1.9,82,5.17,41.23,13102,456873,540195,83322,5566.7,9.29,44
FARM_2860,Telangana,Nalgonda,Barley,Rabi,7.7,477.1,25.1,53.9,5.1,7.46,56.2,154,70,46,Rainfed,165,2.5,84,6.55,53.36,17412,678607,929104,250497,5087.5,12.87,32.7
FARM_2861,Punjab,Bathinda,Potato,Rabi,9,546.4,23.7,61.6,7.2,6.17,50.9,96,56,53,Tube Well,172,1.6,78,9.4,90.71,16802,1251453,1524109,272656,4350.5,21.61,36.1
FARM_2862,Uttar Pradesh,Lucknow,Mustard,Rabi,6.8,299.6,19,60.4,6.8,6.61,33.7,100,56,46,Sprinkler,170,2.7,78,6.06,42.67,15795,549501,673973,124472,6771.9,8.95,43.5
FARM_2863,Haryana,Hisar,Potato,Rabi,9,513.5,24.8,64.3,6.6,6.52,48.3,122,55,48,Drip,229,2.6,84,5.26,46.47,15781,577998,733343,155345,6022.1,8.73,36.3
FARM_2864,Uttar Pradesh,Lucknow,Mustard,Rabi,11.4,549.2,22.6,61.3,7.5,6.97,54.2,121,74,33,Drip,163,3.1,85,5.21,61.53,15281,699418,940240,240822,6747.5,7.72,46.6
FARM_2865,Uttar Pradesh,Varanasi,Gram,Rabi,9.7,516.8,22.2,55.3,7.9,7.04,48.2,91,49,36,Sprinkler,157,2.7,80,5.33,52.12,15673,624587,816877,192290,5009.9,10.64,38.4
FARM_2866,Haryana,Karnal,Barley,Rabi,9.3,342.8,23.3,58.7,6.5,6.7,35.3,140,51,40,Tube Well,175,3.2,85,4.9,45.97,15341,559081,705226,146145,5483.6,8.94,41.4
FARM_2867,Maharashtra,Aurangabad,Gram,Rabi,7.6,437.9,26.7,56.6,7.1,6.52,38.5,116,44,30,Rainfed,189,2.2,81,4.62,35.57,14382,468791,511568,42777,6643.6,6.95,50
FARM_2868,Uttar Pradesh,Varanasi,Mustard,Rabi,4.1,373.9,21,51.7,8.4,6.94,43.6,51,42,54,Canal,169,2.2,83,4.67,19.47,14443,241900,281205,39305,6233.2,7.49,26.9
FARM_2869,Madhya Pradesh,Bhopal,Potato,Rabi,10.5,384.1,23.8,57.7,6.5,6.24,43.3,146,72,42,Tube Well,187,3.6,79,5.14,59.08,14658,824479,865995,41516,5045.3,10.19,34.4
FARM_2870,Maharashtra,Nashik,Potato,Rabi,10.3,464,25.8,46.2,8.9,7.82,35.6,132,54,40,Rainfed,181,2.7,86,5.86,56.21,14388,676885,808749,131864,6765.5,8.66,32.8
FARM_2871,Punjab,Ludhiana,Wheat,Rabi,9.2,409.6,26.5,55.5,7.8,5.78,51.6,111,58,55,Rainfed,191,2.7,74,4.47,41.92,13110,507713,549571,41858,4803.7,9.31,48
FARM_2872,Punjab,Patiala,Mustard,Rabi,8,368.9,23,51.4,7.3,6.52,40.1,136,43,56,Tube Well,140,2.1,76,4.3,35.52,14467,440995,513868,72873,6912.9,6.22,43.6
FARM_2873,Telangana,Rangareddy,Potato,Rabi,9.5,334.2,21.1,52.7,6.5,6.17,50.2,111,31,36,Tube Well,159,2.2,84,4.36,37.04,14090,431257,521894,90637,7133.5,6.11,38.9
FARM_2874,Maharashtra,Pune,Potato,Rabi,4.2,381,22.8,50,6.5,6.51,62.6,127,67,40,Tube Well,185,2.3,78,5.21,20.6,13309,245022,274165,29143,6342.6,8.21,29.7
FARM_2875,Karnataka,Dharwad,Barley,Rabi,13.5,586.5,22.5,62.5,5.8,5.56,48.6,132,54,39,Rainfed,203,2.3,93,3.68,52.47,14153,614527,742608,128081,5500.9,6.69,52.9
FARM_2876,Uttar Pradesh,Kanpur,Potato,Rabi,9.6,385.1,28.2,49.3,6.9,7.38,45.5,143,51,36,Drip,214,2.4,84,5.73,55.1,13453,653359,741260,87901,5684.3,10.08,43.6
FARM_2877,Telangana,Medak,Barley,Rabi,8.9,486.2,17.3,50.6,5.5,6.78,41.2,105,61,24,Tube Well,189,1.8,87,5.26,45.83,15002,563102,687542,124440,6068.1,8.67,44
FARM_2878,Tamil Nadu,Salem,Mustard,Rabi,8.7,385,21,53.4,9.1,7.09,40.8,91,53,52,Sprinkler,184,3.3,91,5.5,47.73,15792,656285,753752,97467,3851,14.28,33.5
FARM_2879,Madhya Pradesh,Bhopal,Barley,Rabi,9.4,407.8,20.7,55,7,6.74,42.8,88,33,46,Rainfed,208,2.4,79,5.66,56.41,14630,704246,825278,121032,4182.8,13.53,40.8
FARM_2880,Gujarat,Ahmedabad,Barley,Rabi,8.3,261.3,21.5,46.8,6.5,7.69,34.6,136,53,31,Tube Well,130,2.7,88,6.39,51.13,15498,600049,792413,192364,6081.7,10.51,49.5
FARM_2881,Uttar Pradesh,Agra,Potato,Rabi,9.7,430.4,19,56.9,7.7,6.58,47.9,123,59,46,Drip,203,2.4,89,5.17,52.03,16040,591892,834561,242669,4749.7,10.88,40.2
FARM_2882,Maharashtra,Nagpur,Gram,Rabi,9.9,454.6,24.8,68,6.8,6.2,59.8,108,58,43,Drip,220,2.9,78,6.25,62.85,15106,847283,949412,102129,6148.1,10.17,39.1
FARM_2883,Karnataka,Mysuru,Wheat,Rabi,8.2,513.1,18.5,58.1,7.1,7.2,48.1,110,43,37,Canal,181,2.2,78,6.14,45.7,14056,551654,642359,90705,7973.8,7.7,43.2
FARM_2884,Uttar Pradesh,Meerut,Gram,Rabi,11.6,348.3,24.7,60.7,8.1,7.14,51.7,130,63,47,Sprinkler,190,1.9,85,3.79,46.26,12400,558836,573624,14788,5313.3,7.13,32.7
FARM_2885,Tamil Nadu,Madurai,Potato,Rabi,7.4,378.9,21.4,68.8,6.9,6.51,48.9,129,67,58,Drip,159,3.1,84,4.78,34.44,18171,415714,625809,210095,5354.8,8.93,53.7
FARM_2886,Gujarat,Vadodara,Wheat,Rabi,10.4,480.4,24,46.4,8.7,6.77,35.3,83,63,49,Rainfed,195,1.7,86,5.38,61.36,15869,715472,973722,258250,7724.2,6.97,38.8
FARM_2887,Karnataka,Belagavi,Barley,Rabi,8,486.4,19.5,45.2,6,6.27,52.3,117,50,54,Tube Well,153,2.4,75,5,41.82,14924,549312,624122,74810,6857,7.29,51.8
FARM_2888,Andhra Pradesh,Krishna,Potato,Rabi,10.6,374.6,27.1,61.2,8.2,7.13,47.6,116,62,43,Drip,186,3.2,82,5,47.21,13332,663491,629404,-34087,6245.1,8.01,35
FARM_2889,Gujarat,Rajkot,Barley,Rabi,6.5,380,21.3,55.5,8.9,6.69,42.6,125,46,55,Drip,192,2.7,78,5.29,33.87,14650,453792,496195,42403,6385.8,8.28,38.4
FARM_2890,Uttar Pradesh,Agra,Gram,Rabi,9.4,315.3,20.6,54.8,8.4,6.94,42.1,94,51,36,Rainfed,160,2.2,88,5.82,53.01,13972,652843,740656,87813,6954,8.37,28.6
FARM_2891,Gujarat,Junagadh,Mustard,Rabi,10.9,419.7,22.3,62.6,6.8,6.68,42.1,102,70,58,Rainfed,179,2.8,86,4.62,51.48,14427,724913,742702,17789,7435.2,6.21,43.2
FARM_2892,Telangana,Rangareddy,Potato,Rabi,5.6,414.6,25.4,54.8,6.7,6.46,37.2,119,68,63,Rainfed,149,2.6,75,3.94,22.52,16728,319214,376715,57501,6110.4,6.45,38.8
FARM_2893,Tamil Nadu,Coimbatore,Barley,Rabi,9.7,546.9,25,62.8,9.2,6.86,58.1,116,57,61,Tube Well,197,2.1,85,5.28,49.4,13468,676601,665319,-11282,6905.7,7.65,53
FARM_2894,Punjab,Bathinda,Barley,Rabi,8.1,358.8,24,68.4,6.5,7.53,45.2,100,42,31,Drip,176,2.1,98,4.29,31.64,15011,384938,474948,90010,5054.3,8.49,50.3
FARM_2895,Punjab,Patiala,Potato,Rabi,10.7,395.8,19.3,42.4,8.2,7.23,44.6,123,48,48,Canal,176,2.6,87,4.5,47.62,14828,567207,706109,138902,4436.5,10.14,38.8
FARM_2896,Haryana,Ambala,Barley,Rabi,6.5,451.8,25.6,48.5,8.3,6.77,58.3,136,51,46,Canal,198,2.4,75,4.73,30.26,13266,350340,401429,51089,7157.7,6.61,40.4
FARM_2897,Andhra Pradesh,Guntur,Potato,Rabi,11.2,424.3,23.6,65.3,6.7,7.04,47,135,56,42,Rainfed,181,2.7,78,6.26,70.42,11986,849379,844054,-5325,5506.1,11.37,32.7
FARM_2898,Tamil Nadu,Tiruchirappalli,Potato,Rabi,6.2,434.7,24.2,65,6.4,6.96,47.7,106,66,61,Rainfed,174,4,78,6.47,40.4,14672,519899,592749,72850,4297.2,15.06,42.8
FARM_2899,Andhra Pradesh,Anantapur,Wheat,Rabi,8.3,400.9,20.7,62.5,8.6,7.17,48.4,163,47,40,Rainfed,187,4,80,4.85,43.4,17733,461986,769612,307626,6486,7.48,28.5
FARM_2900,Punjab,Jalandhar,Gram,Rabi,8.2,387.3,26.9,62.1,5.3,7.06,41.6,109,60,45,Tube Well,160,2.4,84,4.51,38.9,13746,407787,534719,126932,4036.8,11.17,41.3
FARM_2901,Karnataka,Raichur,Mustard,Rabi,9.4,314.9,28.9,57.2,9.4,6.74,40.5,132,53,44,Drip,215,2.7,90,5.29,49.06,17799,656335,873219,216884,5742.6,9.21,32.1
FARM_2902,Gujarat,Ahmedabad,Mustard,Rabi,5.6,418.9,18.3,53,8,7.14,47.5,167,49,35,Tube Well,140,1.8,88,5.26,31.69,15451,441109,489642,48533,4242,12.4,38.7
FARM_2903,Telangana,Warangal,Mustard,Rabi,9,365.2,25.2,50.7,8.3,6.95,42.5,114,49,50,Sprinkler,163,2.2,88,7.12,64.84,16432,751220,1065451,314231,4930.5,14.44,48.9
FARM_2904,Tamil Nadu,Tiruchirappalli,Potato,Rabi,5.9,393.7,24.5,57.9,7.5,7.57,41.6,99,57,54,Rainfed,159,2.6,64,4.85,27.36,16143,390076,441672,51596,4328.8,11.2,25
FARM_2905,Gujarat,Junagadh,Wheat,Rabi,8.5,433.5,21.8,50.8,8.2,7.25,48.5,165,46,33,Drip,187,2.8,74,5.49,48.98,14977,608796,733573,124777,6027.5,9.11,32.3
FARM_2906,Tamil Nadu,Thanjavur,Wheat,Rabi,5.5,425.7,25.5,65.6,7.2,6.56,36.2,94,57,37,Tube Well,219,2.3,78,3.18,17.55,16424,226042,288241,62199,5585.4,5.69,36.7
FARM_2907,Andhra Pradesh,Anantapur,Potato,Rabi,5.5,450.6,20.1,55.2,6.9,6.67,43.7,130,70,41,Drip,153,1.3,77,5.32,29.26,14607,349649,427401,77752,6551.7,8.12,26.1
FARM_2908,Maharashtra,Solapur,Potato,Rabi,9.8,591.6,18,53.4,8.5,6.52,40.1,128,52,47,Drip,179,3,92,5.69,49.85,14289,574904,712307,137403,5479.1,10.38,38.9
FARM_2909,Haryana,Kurukshetra,Potato,Rabi,11.4,475.8,25.6,56.8,7.1,7.1,52.9,83,56,48,Rainfed,202,2.1,74,4.48,49.94,15565,599281,777316,178035,6551.1,6.84,42.2
FARM_2910,Madhya Pradesh,Indore,Mustard,Rabi,6.7,465.8,21.1,59.1,5.5,7.99,47.6,126,57,42,Tube Well,184,2.3,84,5.51,35.95,15072,470480,541838,71358,5896.9,9.34,37.4
FARM_2911,Karnataka,Belagavi,Potato,Rabi,9,382.4,25.2,70.3,8.2,7.39,44.1,159,57,51,Canal,165,2.4,86,4.75,41.7,16613,464781,692762,227981,5012.5,9.48,35.6
FARM_2912,Karnataka,Belagavi,Wheat,Rabi,10.1,361.8,23.2,54.9,8,6.41,31.9,98,52,45,Rainfed,146,2.8,90,5.34,53.14,15927,674058,846361,172303,7149.5,7.47,38.7
FARM_2913,Uttar Pradesh,Meerut,Gram,Rabi,9.1,329.5,22.8,48.5,8.7,7.3,34.6,142,36,41,Canal,168,2.1,81,4.79,41.57,15121,490307,628580,138273,5761.5,8.31,50.6
FARM_2914,Madhya Pradesh,Ujjain,Gram,Rabi,7.1,456.5,20.8,59.5,5.5,7.03,52.1,110,37,47,Sprinkler,179,2.1,86,5.7,35.55,14508,461665,515759,54094,5628.8,10.13,46.5
FARM_2915,Andhra Pradesh,Anantapur,Wheat,Rabi,6.5,372.7,27.7,53.3,7.7,5.58,40.7,107,61,27,Canal,179,3.1,83,4.53,27.71,15184,299023,420749,121726,5878.8,7.71,40
FARM_2916,Punjab,Jalandhar,Gram,Rabi,9,464.7,21.5,61,8,6.88,42.6,114,54,58,Tube Well,219,2.6,79,5.14,43.81,16347,543126,716162,173036,5937.3,8.66,44.3
FARM_2917,Tamil Nadu,Salem,Gram,Rabi,7.5,406.9,25.6,63.2,6.8,7.81,45.8,116,44,55,Drip,211,1.6,78,6.05,45.91,14727,564583,676117,111534,5886.8,10.28,36.3
FARM_2918,Maharashtra,Nashik,Mustard,Rabi,6.4,424.9,20,65.3,6.4,7.05,41.1,123,23,45,Canal,239,2.3,76,5.1,33.64,16407,411970,551931,139961,4163.4,12.25,35
FARM_2919,Punjab,Jalandhar,Barley,Rabi,6.5,620.9,23.8,45.2,6.8,7.22,55.2,140,53,42,Tube Well,198,3.1,69,5.73,38.18,14682,485663,560559,74896,4826.3,11.87,58.1
FARM_2920,Gujarat,Junagadh,Potato,Rabi,4.7,468.4,21.5,53.8,5.5,6.05,43.8,84,67,57,Drip,208,1.9,75,6.99,32.63,16287,363221,531445,168224,6328,11.05,34.8
FARM_2921,Telangana,Warangal,Barley,Rabi,10.5,448.7,21.7,49.5,6.4,6.68,42.9,127,58,45,Sprinkler,158,3.7,86,4.6,43.57,16232,520948,707228,186280,5584.8,8.24,39
FARM_2922,Tamil Nadu,Coimbatore,Gram,Rabi,7.6,384.8,25.1,60.8,8.3,6.42,19.6,122,57,34,Tube Well,188,1.6,80,4.84,38.84,14645,464657,568812,104155,5593.2,8.65,44.2
FARM_2923,Maharashtra,Aurangabad,Potato,Rabi,6.8,411.1,25.5,70.8,7.5,7.7,24.1,121,65,45,Rainfed,186,2.8,86,5.85,37,16075,514569,594775,80206,6389.5,9.16,40.6
FARM_2924,Telangana,Rangareddy,Wheat,Rabi,11.4,424.6,22.9,60.5,6.6,6.88,37.9,126,54,47,Drip,168,1.9,78,5.03,55.87,17268,590972,964763,373791,6047.2,8.32,35.7
FARM_2925,Gujarat,Surat,Potato,Rabi,8.1,318.5,27.3,60.1,6.6,7.83,52.1,116,58,53,Rainfed,204,2.1,85,4.63,36.18,15854,422456,573598,151142,6190.1,7.48,48.9
FARM_2926,Tamil Nadu,Salem,Potato,Rabi,6.5,403.9,25.1,64.9,7.7,6.47,41.3,133,40,49,Rainfed,149,2.6,76,6.51,41.07,16661,480840,684267,203427,5571.2,11.69,36.8
FARM_2927,Andhra Pradesh,Anantapur,Gram,Rabi,9.3,494,23.5,54.4,7.4,7,49.1,90,30,37,Sprinkler,255,4,82,4.42,36.71,14613,470227,536443,66216,6251.3,7.07,45
FARM_2928,Telangana,Sangareddy,Mustard,Rabi,7.9,338.1,24.2,52.6,7.3,6.6,49.8,135,45,50,Sprinkler,230,3.4,84,4.25,33.59,14609,365762,490716,124954,6148.6,6.91,34.9
FARM_2929,Maharashtra,Aurangabad,Barley,Rabi,11,295.2,19,52.1,8.6,6.49,36.1,108,64,48,Tube Well,227,2.2,78,4.95,55.62,13615,806061,757266,-48795,7172.4,6.9,38
FARM_2930,Andhra Pradesh,Anantapur,Potato,Rabi,10.4,300,21.7,57.3,6.6,7.8,39.6,116,43,46,Sprinkler,156,2.8,80,4.15,47.8,14657,603369,700605,97236,5161.1,8.04,41.5
FARM_2931,Andhra Pradesh,Anantapur,Gram,Rabi,8.5,270.7,21.4,57.4,7.5,6.85,53.7,131,33,33,Sprinkler,146,2,91,4.58,40.18,15333,466761,616080,149319,6845.6,6.69,44.7
FARM_2932,Punjab,Bathinda,Potato,Rabi,11,483,22,58.2,7.3,7.01,44.9,118,50,56,Rainfed,183,2,93,4.38,48.29,15334,647587,740479,92892,6120.2,7.16,49.8
FARM_2933,Punjab,Amritsar,Gram,Rabi,6.2,343.5,22.1,65.5,7.8,6.72,45.1,90,46,58,Rainfed,176,1.9,79,3.64,21.24,15165,285753,322105,36352,6525,5.58,58.1
FARM_2934,Uttar Pradesh,Meerut,Wheat,Rabi,8.3,441,21.2,50.1,6.1,7.18,52.1,142,62,68,Tube Well,224,3,84,5.29,44.68,15811,598449,706435,107986,5729.6,9.23,48.9
FARM_2935,Gujarat,Surat,Potato,Rabi,10.2,465.8,19.6,56.6,7.9,7.4,42.3,124,62,37,Rainfed,160,2.7,87,4.42,46.68,16757,553936,782217,228281,6251.8,7.07,37.7
FARM_2936,Andhra Pradesh,Kurnool,Potato,Rabi,8.1,443.9,22.5,52.6,6.6,6.5,36.7,143,61,35,Sprinkler,202,1.7,72,4.63,37.47,13690,461928,512964,51036,6800.4,6.81,58.3
FARM_2937,Gujarat,Junagadh,Gram,Rabi,10.8,374,23.1,50.4,9,6.81,38.7,126,39,59,Canal,176,3.3,92,3.42,37.67,15656,419413,589762,170349,4850.7,7.05,48.3
FARM_2938,Tamil Nadu,Salem,Mustard,Rabi,10.2,443.2,24.3,65.4,7.2,6.69,47.5,117,43,34,Canal,135,2.8,85,4.59,47.87,14325,580041,685738,105697,6108,7.51,32.3
FARM_2939,Punjab,Amritsar,Barley,Rabi,9.8,680.4,20.3,52,7.4,6.73,47,121,78,53,Rainfed,208,3.2,75,4.46,46.2,14983,570791,692215,121424,5516.3,8.09,62.7
FARM_2940,Maharashtra,Solapur,Barley,Rabi,11.3,291.8,23.9,58.6,7,5.85,32.9,156,76,48,Drip,179,2.8,87,5.33,62.45,13112,741164,818844,77680,7641.8,6.97,26.9
FARM_2941,Gujarat,Vadodara,Wheat,Rabi,8.3,362.7,21.1,53.4,6.9,7.08,43.5,133,73,44,Tube Well,159,1.7,77,5.89,44.66,17051,588739,761498,172759,5995.4,9.82,51.5
FARM_2942,Maharashtra,Nagpur,Potato,Rabi,4.8,424.2,20.8,73,6.5,7.08,50.2,140,62,38,Rainfed,167,2.6,62,3.95,18.56,15459,240299,286919,46620,5556.3,7.11,43.3
FARM_2943,Andhra Pradesh,Kurnool,Barley,Rabi,10.2,517.8,23.8,53.7,6.7,7.1,52.1,156,56,61,Tube Well,138,1.9,80,4.32,46.87,12363,517150,579454,62304,5749,7.51,37.9
FARM_2944,Gujarat,Rajkot,Potato,Rabi,8.4,276,25,51.7,6.5,6.91,45.6,136,55,48,Canal,213,2.7,81,5.1,43.65,14737,604172,643270,39098,7293,6.99,39.7
FARM_2945,Andhra Pradesh,Kurnool,Potato,Rabi,7.8,352,22.5,63.5,8,6.46,31.3,119,47,27,Rainfed,135,3,83,4.8,40.53,12673,462427,513637,51210,5716.3,8.4,23.7
FARM_2946,Madhya Pradesh,Jabalpur,Potato,Rabi,11.5,351.4,17.3,57.2,7.1,7.86,51.5,120,59,36,Sprinkler,232,3.1,84,6.28,64.32,15658,783969,1007123,223154,5093.6,12.33,50
FARM_2947,Punjab,Bathinda,Potato,Rabi,7.5,555.2,26.5,49.8,4.9,6.67,47.8,140,49,38,Rainfed,222,3.1,83,5.05,35.54,18731,465603,665700,200097,6884.6,7.34,25.7
FARM_2948,Maharashtra,Aurangabad,Wheat,Rabi,9.4,593,24,56.6,7.5,6.32,46.4,156,50,38,Sprinkler,185,2,77,4.9,49.6,14330,665826,710768,44942,4758.6,10.3,17.2
FARM_2949,Telangana,Warangal,Mustard,Rabi,8.8,454.6,23.5,65.3,6.6,7.13,39.4,136,44,37,Sprinkler,176,2.9,90,5.59,50.13,14335,630575,718614,88039,5809.2,9.62,36.3
FARM_2950,Maharashtra,Solapur,Barley,Rabi,8.5,415.3,25.3,69.4,5.4,6.95,44.2,108,55,43,Sprinkler,113,2.7,88,4.36,39.89,13076,577638,521602,-56036,6665,6.54,51.6
FARM_2951,Telangana,Rangareddy,Gram,Rabi,4.9,486.4,27.8,81.4,6.3,6.52,50.3,107,47,36,Canal,160,3.2,82,9.44,49.89,14555,647641,726149,78508,6153,15.34,54.4
FARM_2952,Uttar Pradesh,Lucknow,Mustard,Rabi,9.3,392.2,19.2,58,8.2,6.66,44.4,146,57,41,Sprinkler,153,2,77,5.64,55.84,17895,580759,999257,418498,5768.2,9.78,48.7
FARM_2953,Punjab,Patiala,Mustard,Rabi,10.7,555,23.2,60.8,7.5,7.2,46.5,135,68,44,Tube Well,147,3.7,79,4.93,49.04,16803,603519,824019,220500,6031.4,8.17,22.1
FARM_2954,Karnataka,Shimoga,Potato,Rabi,6.1,518.6,25.8,51.8,7.3,6.67,39.9,102,57,33,Sprinkler,244,1.9,85,6.03,37.21,15538,396604,578169,181565,4874,12.37,43.7
FARM_2955,Haryana,Rohtak,Potato,Rabi,9.4,398.6,24.6,46.9,7,7.11,50.3,84,60,39,Tube Well,106,1.9,87,5.36,45.43,15175,638148,689400,51252,7415,7.23,54.9
FARM_2956,Madhya Pradesh,Bhopal,Mustard,Rabi,10.3,330,25.2,57.5,6.9,6.98,37.1,93,52,44,Sprinkler,179,2.2,84,5.06,53.8,14431,726447,776388,49941,6133.7,8.25,52.2
FARM_2957,Andhra Pradesh,Guntur,Barley,Rabi,5.3,500.5,23.1,62.1,4.5,6.98,50.4,143,60,41,Tube Well,229,3.8,80,4.21,22.47,14608,256120,328242,72122,5148.9,8.18,21.1
FARM_2958,Andhra Pradesh,Guntur,Gram,Rabi,7.4,488.3,24.8,66.3,7.1,6.12,51.1,141,66,59,Canal,170,1.1,78,4.55,29.58,13822,363503,408855,45352,5186.3,8.77,60.8
FARM_2959,Tamil Nadu,Salem,Barley,Rabi,9.7,364.1,24.1,66.5,9,6.2,38.1,85,55,30,Drip,137,2.4,81,4.53,43.35,13774,529211,597103,67892,4352.1,10.41,31.4
FARM_2960,Maharashtra,Aurangabad,Wheat,Rabi,9.5,469.7,29.5,57.7,7.3,6.62,30.4,136,41,64,Rainfed,208,3.5,79,7.61,68.98,16735,890989,1154380,263391,6913.2,11.01,34.6
FARM_2961,Maharashtra,Nagpur,Mustard,Rabi,7.5,442.6,20.2,60.8,7.8,7.12,37.9,103,55,46,Canal,179,1.7,78,5.41,40.83,15045,470295,614287,143992,5252.2,10.3,47.2
FARM_2962,Gujarat,Rajkot,Barley,Rabi,7.6,467.2,21.8,59.2,7,7.61,46.3,115,58,69,Rainfed,226,2.1,81,6.35,47.69,16279,589900,776346,186446,5217.3,12.17,41.7
FARM_2963,Tamil Nadu,Coimbatore,Barley,Rabi,4.7,485.4,23.9,66.4,7.7,6.7,46.4,130,49,56,Tube Well,196,3.2,79,5.16,24.1,15707,282032,378539,96507,5662.2,9.11,44.4
FARM_2964,Punjab,Ludhiana,Mustard,Rabi,7,482.2,26.1,62.6,8.2,7.71,48.4,104,49,49,Rainfed,186,2.9,90,5.88,41.11,15900,483905,653649,169744,6910.3,8.51,25.1
FARM_2965,Karnataka,Dharwad,Gram,Rabi,10.5,313.9,25,52.6,6.1,6.98,47.7,117,75,55,Drip,151,1.5,77,4.47,44.48,15421,541764,685926,144162,4743.4,9.42,47.9
FARM_2966,Karnataka,Mysuru,Wheat,Rabi,9.3,562.7,28.1,60.6,7.4,7.1,55.1,101,55,39,Rainfed,174,1.6,85,5.55,52.45,16548,695806,867943,172137,6801.5,8.16,43.4
FARM_2967,Madhya Pradesh,Bhopal,Gram,Rabi,7.9,467,25.3,52.5,5.3,6.74,63.1,122,47,53,Tube Well,163,2.1,83,4.64,34.57,14131,474468,488509,14041,6701.1,6.92,35.1
FARM_2968,Karnataka,Mysuru,Mustard,Rabi,6,401.5,23.3,48.6,6.8,7.06,41,156,52,58,Canal,217,1.9,95,5.45,32.42,16687,397002,540993,143991,6909,7.89,38.1
FARM_2969,Tamil Nadu,Madurai,Potato,Rabi,7.6,542.6,25.3,57,5.1,6.87,37.2,101,55,53,Tube Well,147,1.8,78,3.91,30.5,17754,331287,541497,210210,6265.4,6.24,49.1
FARM_2970,Uttar Pradesh,Varanasi,Potato,Rabi,6.3,610.7,21.7,46.9,5.8,7.14,35.1,97,57,50,Canal,174,1.8,77,5.47,33.58,15708,392986,527475,134489,7461.4,7.33,39.8
FARM_2971,Karnataka,Dharwad,Barley,Rabi,7.2,467.5,23.7,54.6,9,6.99,68.4,139,52,45,Rainfed,196,2.8,70,4.03,29.37,15410,368568,452592,84024,6881.5,5.86,50.3
FARM_2972,Madhya Pradesh,Indore,Mustard,Rabi,8.8,376.5,19.7,55.9,7.5,7.31,48.6,137,48,38,Canal,170,2.2,87,4.57,40.53,17096,526029,692901,166872,5987.9,7.63,28.9
FARM_2973,Tamil Nadu,Salem,Gram,Rabi,4.3,451.8,27.9,62.5,6.3,7.16,48.6,121,51,37,Rainfed,235,2.3,84,3.99,15.72,15092,205477,237246,31769,6219.1,6.42,46
FARM_2974,Andhra Pradesh,Chittoor,Wheat,Rabi,8.1,368.2,24.5,51,5.6,5.87,41.9,178,73,47,Drip,200,1.9,82,5.73,48.18,15538,590082,748621,158539,5501.4,10.42,36.9
FARM_2975,Andhra Pradesh,Kurnool,Wheat,Rabi,8.6,414.9,23.5,53.6,8.4,6.98,37.9,107,33,58,Rainfed,132,3.6,92,6.04,52.66,14198,658773,747667,88894,7210,8.38,25.2
FARM_2976,Karnataka,Dharwad,Wheat,Rabi,6.6,538.9,19.7,53,6.2,7.78,48.5,113,61,46,Rainfed,135,2.8,77,5.63,39.16,13790,426540,540016,113476,7421.9,7.59,50.7
FARM_2977,Punjab,Amritsar,Barley,Rabi,7.4,529.4,25.5,53.1,9.1,7.64,48.1,97,75,48,Rainfed,128,1.6,80,6.02,43.65,16635,579925,726118,146193,5647,10.66,41
FARM_2978,Maharashtra,Nagpur,Wheat,Rabi,10.4,367.4,20.3,53.6,5.4,6.83,45.8,116,58,42,Drip,151,1.9,80,6.18,58.97,16326,599168,962744,363576,5408.9,11.43,29.2
FARM_2979,Punjab,Ludhiana,Potato,Rabi,9,448.1,18.8,63.8,6.8,7.08,50.7,108,57,39,Sprinkler,192,1.6,78,4.91,42.35,16202,527472,686155,158683,4712.5,10.42,39
FARM_2980,Punjab,Ludhiana,Gram,Rabi,5.9,496.9,20.6,52.7,9.8,6.96,50.8,142,78,36,Sprinkler,182,2,84,4.55,29.66,14466,371121,429062,57941,5754.2,7.91,27.2
FARM_2981,Telangana,Medak,Mustard,Rabi,8.9,459.6,27.5,54.1,6.2,6.77,40.3,123,73,40,Canal,208,2.3,86,5.7,50.14,14101,616085,707024,90939,4772.7,11.94,49.4
FARM_2982,Telangana,Medak,Wheat,Rabi,8,480.9,22.2,57.3,7.7,6.82,50.8,130,64,27,Sprinkler,163,2.8,87,3.87,28.86,15898,373517,458816,85299,6372.8,6.07,35.1
FARM_2983,Karnataka,Raichur,Gram,Rabi,6.2,363.1,21.5,65.1,6.6,6.68,62.9,140,59,44,Tube Well,208,2.2,78,5.02,30.49,14666,422595,447166,24571,6381.8,7.87,57.9
FARM_2984,Gujarat,Surat,Barley,Rabi,8.4,463.9,24.4,59.5,7.4,6.9,37,101,48,38,Canal,194,2,82,4.25,34.99,14087,422701,492904,70203,5377.7,7.9,45.1
FARM_2985,Gujarat,Vadodara,Potato,Rabi,5.3,505.1,23.7,52.2,7.8,6.63,44.9,123,70,56,Tube Well,180,2.2,83,4.65,24.65,16334,283172,402633,119461,5921.8,7.85,32.5
FARM_2986,Uttar Pradesh,Agra,Barley,Rabi,8.1,287.1,25.9,53.7,5.3,6.8,40,91,54,66,Drip,192,2.2,86,5.43,47.12,13437,557834,633151,75317,5282.8,10.28,33.3
FARM_2987,Karnataka,Dharwad,Wheat,Rabi,8.4,451,25.6,55.2,8.4,6.76,24,114,60,37,Sprinkler,203,2.3,87,5.02,39.8,15718,461292,625576,164284,6638.6,7.56,46.9
FARM_2988,Andhra Pradesh,Krishna,Wheat,Rabi,8.7,410.3,21.9,54.6,4.9,6.26,53.6,134,59,58,Sprinkler,174,1.4,88,5.51,52.88,15595,663845,824664,160819,5291.9,10.41,39.9
FARM_2989,Maharashtra,Solapur,Wheat,Rabi,8,414.2,26.6,65.2,6.1,6.07,35.5,159,65,33,Sprinkler,156,2.3,78,5.2,42.97,15388,535005,661222,126217,3725.4,13.96,36
FARM_2990,Maharashtra,Nagpur,Mustard,Rabi,5.2,486.2,22.8,67.8,6.9,6.57,53,100,40,43,Rainfed,193,1.6,83,4.91,25.26,14062,328843,355206,26363,6113.6,8.03,31.9
FARM_2991,Madhya Pradesh,Jabalpur,Barley,Rabi,5.9,383.6,27.4,68.2,7.6,6.57,32.9,114,52,52,Rainfed,175,2.6,78,5.91,36.79,15376,459935,565683,105748,4674.8,12.64,39.9
FARM_2992,Karnataka,Mysuru,Potato,Rabi,7,392.6,23.1,65.5,9.7,6.47,42.9,134,56,40,Sprinkler,222,2.1,88,4.24,30.44,12561,363642,382357,18715,5687.1,7.46,41.6
FARM_2993,Uttar Pradesh,Agra,Wheat,Rabi,7.6,318.5,23.2,51.3,7.3,6.67,44.1,147,65,29,Tube Well,167,3.8,78,5.31,41.06,14018,412631,575579,162948,6076.4,8.74,45.7
FARM_2994,Karnataka,Dharwad,Wheat,Rabi,8.5,417.8,23,62.7,7.1,6.43,45.8,113,65,37,Rainfed,207,1.4,80,6.41,53.72,15216,698344,817404,119060,7800.9,8.22,40.3
FARM_2995,Telangana,Nalgonda,Mustard,Rabi,9.4,363,27.3,67.6,8.2,7.15,35.5,125,48,34,Drip,145,2.5,83,4.46,42.56,13910,539603,592010,52407,5643,7.9,44.5
FARM_2996,Haryana,Karnal,Mustard,Rabi,11.7,487,24.8,58.8,6.6,7.15,48.3,117,54,60,Canal,142,2.5,86,2.07,23.65,14607,280231,345456,65225,4888.3,4.23,58.7
FARM_2997,Punjab,Ludhiana,Wheat,Rabi,9.7,337.1,21.5,58.5,5.4,6.86,58.2,138,69,59,Canal,172,1.6,82,4.12,45.7,14945,506411,682987,176576,6651.8,6.19,47.7
FARM_2998,Telangana,Warangal,Mustard,Rabi,9.2,413.6,22.2,59.4,6.9,7.42,43.8,129,65,25,Sprinkler,203,2.5,82,5.46,50.13,14988,618998,751348,132350,6195.7,8.81,46.9
FARM_2999,Gujarat,Surat,Gram,Rabi,8.6,414.3,25.2,65.3,8.5,7.3,55.7,115,71,38,Tube Well,193,1.5,80,5.19,45.87,16142,551852,740434,188582,5604.3,9.26,35.9
FARM_3000,Telangana,Nalgonda,Gram,Rabi,9.3,367.1,23.2,57.5,6.7,6.58,56.6,133,60,60,Tube Well,202,1.6,85,5.17,50.93,14505,603660,738740,135080,4436.1,11.65,49.2
FARM_3001,Telangana,Sangareddy,Gram,Rabi,8,397.2,24.6,59.3,8.7,5.8,52.1,107,72,27,Rainfed,207,2.3,85,6.11,48.24,16238,592210,783321,191111,6750.4,9.05,34.4
FARM_3002,Uttar Pradesh,Kanpur,Potato,Rabi,10.8,458.3,26.7,56.7,8,7.7,42.5,94,51,49,Tube Well,119,2.5,78,3.93,46.65,13282,572517,619605,47088,6076.9,6.47,29.7
FARM_3003,Gujarat,Junagadh,Mustard,Rabi,9.2,442.9,22.3,46.9,6,6.26,46.9,118,58,57,Canal,187,1.8,79,4.96,49.55,15814,575807,783584,207777,5775.6,8.59,29.8
FARM_3004,Punjab,Bathinda,Mustard,Rabi,9.4,421.1,20.4,54.2,7.9,7.48,54.4,94,48,46,Canal,198,2.6,91,5.47,48.76,15260,596882,744078,147196,4706.7,11.62,43
FARM_3005,Andhra Pradesh,Krishna,Gram,Rabi,8.4,500.4,24.9,54.5,6.9,7.43,40,115,53,51,Drip,163,2.3,80,4.05,33.78,15214,455617,513929,58312,6959.2,5.82,43.1
FARM_3006,Maharashtra,Aurangabad,Barley,Rabi,8.7,313,24.1,48.7,6.6,6.88,41.7,144,55,30,Canal,146,3.2,85,5.62,47.49,14654,623189,695918,72729,6243.7,9,46.4
FARM_3007,Tamil Nadu,Madurai,Mustard,Rabi,8.2,388.3,18.8,52.7,6.7,6.11,38.2,99,48,58,Tube Well,179,2.6,73,4.8,41.19,17051,516135,702331,186196,6577.4,7.3,41.3
FARM_3008,Karnataka,Belagavi,Barley,Rabi,11.2,554.7,22.5,59.8,5.9,6.63,29.3,101,58,35,Tube Well,187,2.3,84,5.22,61.34,14375,712155,881763,169608,4868.8,10.72,49.2
FARM_3009,Telangana,Medak,Barley,Rabi,8.3,290.6,24.5,56.2,5.5,7.32,39.2,91,71,28,Sprinkler,156,1.4,92,4.89,43.66,15950,505926,696377,190451,6260.4,7.81,33.2
FARM_3010,Maharashtra,Aurangabad,Potato,Rabi,6.4,377.9,28.3,66.4,9.1,7.1,36.4,104,45,33,Drip,161,2.3,79,6.02,39.62,16626,505181,658722,153541,6033.7,9.98,49.6
FARM_3011,Haryana,Ambala,Gram,Rabi,5.9,427.2,27.7,72.4,8.1,6.87,46.3,135,45,59,Canal,179,1.8,88,4.7,30.4,15195,352079,461928,109849,6199.5,7.58,53.4
FARM_3012,Karnataka,Dharwad,Barley,Rabi,6.8,471.3,20.8,63.3,7.7,6.27,35.3,91,43,40,Tube Well,184,2.9,81,5.13,37.85,14895,499298,563776,64478,7429.6,6.9,34.3
FARM_3013,Telangana,Sangareddy,Wheat,Rabi,8.8,308,25.8,68.9,4.9,6.85,39,119,60,37,Sprinkler,184,2.1,93,4.88,39.38,16353,469469,643981,174512,7352.3,6.64,23.6
FARM_3014,Telangana,Rangareddy,Potato,Rabi,5.5,318.2,20.4,57.4,7.6,7.14,50.2,112,62,48,Drip,188,2.3,86,4.04,22.48,14010,267848,314945,47097,6358.2,6.35,43.6
FARM_3015,Andhra Pradesh,Kurnool,Potato,Rabi,7.4,490,20.6,56.3,8.1,6.53,49.2,115,45,43,Drip,226,1.1,82,5.49,42.28,15591,486093,659187,173094,4562.1,12.03,28.9
FARM_3016,Maharashtra,Nashik,Barley,Rabi,10,474.7,23.9,51.5,6.4,6.79,34.3,113,79,43,Canal,150,2.8,78,3.52,34.27,15067,407931,516346,108415,5613.4,6.27,29.1
FARM_3017,Tamil Nadu,Tiruchirappalli,Gram,Rabi,3.5,412.7,27.8,62.1,6.5,7.29,20.7,121,41,37,Rainfed,209,1.5,80,5.35,19.49,16257,243628,316849,73221,6068.7,8.82,45.6
FARM_3018,Tamil Nadu,Coimbatore,Wheat,Rabi,10.2,451.9,22.9,67.7,6.9,6.23,50.9,68,66,42,Canal,204,2.3,87,5.07,51.81,14400,624483,746064,121581,5647.9,8.98,46.2
FARM_3019,Uttar Pradesh,Varanasi,Gram,Rabi,6,347.8,24.4,62.9,6.5,7.09,33.2,141,66,32,Drip,196,3.1,78,4.6,26.08,15446,244265,402832,158567,5886.2,7.81,43.2
FARM_3020,Andhra Pradesh,Guntur,Wheat,Rabi,8.2,444.4,23.7,62.9,7.1,7.26,32.2,152,52,38,Canal,149,2,84,5.02,40.09,16988,447593,681049,233456,4391.5,11.43,38
FARM_3021,Maharashtra,Pune,Potato,Rabi,8.2,537.2,24.5,47.9,6.1,6.66,55.7,124,56,51,Rainfed,191,3.2,77,5.09,37.37,15359,414425,573966,159541,6583.3,7.73,24.7
FARM_3022,Tamil Nadu,Salem,Potato,Rabi,9,525.4,23.9,53.2,5.8,6.95,36.1,119,72,41,Rainfed,251,2.1,79,5.13,52.98,16767,628239,888316,260077,4149.5,12.36,48.9
FARM_3023,Uttar Pradesh,Kanpur,Barley,Rabi,6.8,498.6,23.8,56.7,9.3,6.64,51.5,131,52,41,Canal,221,1.7,80,5.09,36.7,16678,449925,612083,162158,6427.7,7.92,39.3
FARM_3024,Gujarat,Junagadh,Potato,Rabi,4.3,440.8,27.5,37.3,8.2,6.34,65.4,109,44,62,Sprinkler,176,1.9,85,5.78,25.54,16161,344122,412752,68630,5410.5,10.68,45.1
FARM_3025,Andhra Pradesh,Anantapur,Mustard,Rabi,4.9,341.9,28.1,53.2,7.5,6.68,36.1,111,44,43,Sprinkler,204,1.9,80,4.52,20.73,15646,275719,324342,48623,6008.8,7.52,41
FARM_3026,Tamil Nadu,Tiruchirappalli,Wheat,Rabi,10.3,460.8,24.2,55.7,6.4,6.48,53,140,61,33,Canal,214,3.6,83,6.51,62.79,14643,789218,919434,130216,7015,9.28,52.5
FARM_3027,Maharashtra,Pune,Wheat,Rabi,8.8,380.2,22.2,52.5,7.5,6.43,39.4,159,55,48,Drip,190,2.4,93,4.73,42.56,15744,592579,670065,77486,7150.4,6.62,38.1
FARM_3028,Andhra Pradesh,Anantapur,Wheat,Rabi,6.8,401.5,23.3,54.6,8.8,7.08,43.7,174,53,34,Tube Well,205,2.7,86,5.8,40.06,13759,499302,551186,51884,6175.4,9.39,67.3
FARM_3029,Uttar Pradesh,Varanasi,Gram,Rabi,8,463.1,26,46.9,7.2,7.64,26.1,157,48,44,Tube Well,174,2.8,81,5.57,46.19,16236,507305,749941,242636,5274.8,10.56,47
FARM_3030,Uttar Pradesh,Kanpur,Wheat,Rabi,10.9,554.9,16.5,48.2,9,7.2,54.3,114,49,41,Drip,207,2.8,79,4.78,53.96,15455,664713,833952,169239,6943.7,6.88,49
FARM_3031,Karnataka,Belagavi,Barley,Rabi,6.6,452.2,21.8,64.1,6.5,6.76,37.4,132,52,45,Tube Well,172,2.5,93,5.72,38.95,14568,459016,567424,108408,5012.2,11.41,42.5
FARM_3032,Maharashtra,Pune,Gram,Rabi,9.7,361.7,22.8,55.7,7.1,7.07,63.9,88,58,43,Canal,191,2.4,89,4.42,43.55,14576,529374,634785,105411,6104.2,7.24,36.2
FARM_3033,Haryana,Ambala,Mustard,Rabi,11.4,415.3,27.4,73.3,7.1,6.69,36.3,148,43,45,Drip,212,2.8,85,4.59,52.76,13666,622917,721018,98101,5473.1,8.39,47.4
FARM_3034,Karnataka,Dharwad,Gram,Rabi,10.1,454.9,23.2,57.5,5.7,6.12,42.4,121,44,35,Drip,211,1.7,92,7.01,61.94,13566,772082,840278,68196,5372.9,13.05,14.2
FARM_3035,Tamil Nadu,Salem,Potato,Rabi,5.3,430.5,23.4,54.6,5,5.99,52.8,125,45,37,Tube Well,210,3.6,82,6.36,32.81,13826,377307,453631,76324,5774.4,11.01,42.1
FARM_3036,Maharashtra,Pune,Mustard,Rabi,8.9,452.2,22.4,56.4,7.1,7.39,35.6,91,70,67,Sprinkler,190,1.9,81,3.29,30.62,15244,375776,466771,90995,5911.5,5.57,44.8
FARM_3037,Telangana,Rangareddy,Barley,Rabi,6.5,371.6,21.5,62.8,6.1,6.9,43.6,130,71,37,Rainfed,192,2.8,79,5.17,35.24,13817,440083,486911,46828,5774.4,8.95,40.3
FARM_3038,Karnataka,Raichur,Gram,Rabi,7.1,414.7,25.9,64.6,6.8,6.14,48.9,126,51,56,Rainfed,190,2.5,73,5.67,35.31,14487,409676,511536,101860,5731.7,9.89,49.9
FARM_3039,Tamil Nadu,Madurai,Barley,Rabi,9.3,427.8,24.2,56.8,6,6.75,46.5,152,41,35,Sprinkler,175,2.3,92,5.43,49.83,13942,628011,694730,66719,6625.2,8.2,36.2
FARM_3040,Uttar Pradesh,Varanasi,Barley,Rabi,5.9,457.7,24.8,63.8,6.1,6.79,44.8,125,48,41,Rainfed,187,2.1,81,5.43,30.92,13927,366592,430623,64031,6256.4,8.68,33.8
FARM_3041,Telangana,Sangareddy,Gram,Rabi,10.8,407.3,20.5,67.5,9.3,6.67,55.3,135,43,52,Drip,87,2.4,84,8.03,95.75,14221,1026563,1361661,335098,6304.4,12.74,31.1
FARM_3042,Andhra Pradesh,Chittoor,Potato,Rabi,10.5,451.9,25.2,51.8,6.6,6.79,44.7,98,55,49,Canal,178,2.6,74,3.97,43.77,15059,512516,659132,146616,8168.6,4.86,43.6
FARM_3043,Gujarat,Vadodara,Mustard,Rabi,5.6,330.5,22.2,58.3,6.3,5.78,36.9,147,43,47,Drip,226,3.2,70,4.53,25.99,13788,356449,358350,1901,6946.7,6.52,38.9
FARM_3044,Madhya Pradesh,Indore,Mustard,Rabi,8.6,385,21.6,64.6,6.1,7.04,39.4,116,51,43,Rainfed,161,3.5,73,5.4,50.58,13906,653029,703365,50336,6188.1,8.73,27.3
FARM_3045,Maharashtra,Nashik,Barley,Rabi,6.2,519.2,26.5,64.3,5.7,6.33,43.2,131,71,44,Drip,243,1.6,83,5.29,34.13,13948,438083,476045,37962,6936.8,7.63,47.7
FARM_3046,Maharashtra,Nashik,Barley,Rabi,7.7,457.3,23.2,52.1,7.2,6.65,39.3,136,33,58,Drip,131,2.1,79,4.73,33.11,16125,449563,533899,84336,6165,7.67,37.1
FARM_3047,Tamil Nadu,Madurai,Gram,Rabi,8.9,408.4,25.3,48.3,8.3,6.4,44.3,152,45,33,Drip,115,2.4,82,5.87,51.61,13363,676825,689664,12839,6118.2,9.59,25.3
FARM_3048,Madhya Pradesh,Ujjain,Gram,Rabi,8.1,508.2,25.6,57.3,6.7,6.73,38.2,124,31,43,Canal,207,1.5,87,5.07,37.81,14164,416641,535541,118900,6920.7,7.33,37.1
FARM_3049,Haryana,Kurukshetra,Gram,Rabi,9.9,419.1,22.5,60.5,8.9,6.44,52,112,36,43,Tube Well,157,2.9,87,5.11,51.74,15601,632359,807196,174837,7095.9,7.2,37.2
FARM_3050,Uttar Pradesh,Lucknow,Potato,Rabi,7.5,371.7,22.9,62.1,7.1,6.7,50.8,118,88,63,Sprinkler,172,3.6,72,4.25,33.85,13327,377459,451119,73660,5599.8,7.59,50.1
FARM_3051,Uttar Pradesh,Varanasi,Wheat,Rabi,9.1,309.7,18.4,71.2,6.6,7.2,45.4,125,55,72,Sprinkler,227,2,93,4.19,38.17,14414,531985,550182,18197,5371.3,7.8,50.4
FARM_3052,Telangana,Nalgonda,Wheat,Rabi,8.7,336.7,21.9,57.3,7.2,6.61,51.7,94,76,36,Sprinkler,175,2.8,81,6.02,52.23,15036,681315,785330,104015,5195,11.59,42
FARM_3053,Punjab,Patiala,Gram,Rabi,8.9,345.1,24.8,59.1,5.3,7.57,61,130,52,32,Tube Well,128,2.1,77,6.1,53.41,14612,666660,780427,113767,4770.8,12.79,49.5
FARM_3054,Haryana,Kurukshetra,Wheat,Rabi,8,461.4,22.6,54.8,7.8,6.05,48.4,102,57,33,Tube Well,232,2.5,74,4.71,37.81,15521,541744,586849,45105,5868.7,8.03,53.6
FARM_3055,Maharashtra,Pune,Potato,Rabi,10.1,398.3,27.2,44.6,7.7,6.72,27.5,80,42,52,Drip,171,2.1,76,5.02,53.15,17317,643779,920399,276620,5677.5,8.84,32
FARM_3056,Andhra Pradesh,Chittoor,Potato,Rabi,7.5,443.2,24,43.3,7.3,6.81,46.4,94,47,45,Drip,224,2.5,89,4.7,36.34,16534,499584,600846,101262,6338.1,7.42,35.5
FARM_3057,Andhra Pradesh,Guntur,Barley,Rabi,9.7,432.3,27,58.9,7.5,6.71,53.8,99,68,52,Canal,175,2.9,89,4.14,40.28,14192,429424,571654,142230,6714.8,6.17,54.8
FARM_3058,Karnataka,Shimoga,Mustard,Rabi,8.8,494.7,29.1,48.3,8.1,6.21,44.7,140,37,44,Drip,230,1.3,94,5.25,43.51,14921,594606,649213,54607,6209.2,8.46,33.9
FARM_3059,Haryana,Karnal,Gram,Rabi,8.1,481.1,25.2,48.9,6.9,7.08,51.4,127,56,34,Drip,184,2.4,84,5.27,42.15,15144,525238,638320,113082,5704.5,9.24,35.9
FARM_3060,Tamil Nadu,Salem,Potato,Rabi,9.7,421.4,25.9,51.3,6.5,6.62,55.5,115,62,31,Rainfed,183,1.8,78,4.75,47.95,13587,553674,651497,97823,5525.6,8.6,39.1
FARM_3061,Uttar Pradesh,Kanpur,Wheat,Rabi,9.8,341.6,25.7,51.4,8,7.02,38.7,131,48,54,Sprinkler,170,1.9,82,5.86,56.48,15237,717432,860586,143154,5688.7,10.3,39.8
FARM_3062,Karnataka,Raichur,Potato,Rabi,10.3,466.7,27.4,51.1,7.3,6.77,36.9,111,70,36,Canal,171,2.2,81,4.71,46.08,15930,572746,734054,161308,4899.4,9.61,36.7
FARM_3063,Gujarat,Vadodara,Mustard,Rabi,8,492.6,29.2,61.5,7.3,7.39,33.7,130,43,56,Tube Well,124,2.6,80,5.07,38.95,12966,454798,505026,50228,6245.4,8.12,35.9
FARM_3064,Andhra Pradesh,Kurnool,Gram,Rabi,6.3,340.1,29,60.3,4.4,6.71,37.4,119,48,45,Tube Well,165,3,82,4.83,30.19,14994,405330,452669,47339,6473.5,7.46,29.3
FARM_3065,Haryana,Karnal,Wheat,Rabi,6.6,435.1,22.5,51.4,7,6.95,35,130,47,59,Rainfed,190,1.7,82,6.21,40.04,13736,515202,549989,34787,5664.2,10.96,48
FARM_3066,Andhra Pradesh,Kurnool,Gram,Rabi,6.8,481.7,21.4,60.2,7.6,6.54,34.3,91,46,21,Rainfed,183,2.5,95,4.06,27.89,14657,315588,408784,93196,5625.4,7.22,36.1
FARM_3067,Maharashtra,Solapur,Wheat,Rabi,9.5,445.6,22.4,55.3,7.9,6.92,33.8,123,65,38,Sprinkler,161,2.3,83,5.08,49.61,16293,615147,808296,193149,4824.3,10.53,43.2
FARM_3068,Punjab,Patiala,Wheat,Rabi,8.8,425.6,19.5,49.2,7.3,6.18,57.3,132,51,47,Tube Well,166,2.1,80,5.01,42.91,15731,549361,675017,125656,6301.4,7.95,50.1
FARM_3069,Karnataka,Shimoga,Potato,Rabi,9.2,366.2,24,57.3,6,6.83,39.9,70,57,32,Canal,171,1.4,98,5.1,45.32,14617,621727,662442,40715,4846.7,10.52,48.2
FARM_3070,Tamil Nadu,Tiruchirappalli,Mustard,Rabi,11.6,472.6,23.3,63.7,6.8,6.63,37.2,149,43,32,Tube Well,159,2.3,81,6.31,70.37,15959,954959,1123035,168076,5409.5,11.66,36.2
FARM_3071,Tamil Nadu,Coimbatore,Mustard,Rabi,7.8,474.8,27.6,59.7,9.7,6.31,45.4,131,55,28,Drip,170,2.1,74,5.02,39.43,16431,409965,647874,237909,4923.3,10.2,41
FARM_3072,Gujarat,Rajkot,Mustard,Rabi,8.7,385.9,24.6,66.5,7.9,6.35,44.3,102,62,48,Tube Well,217,1.9,83,4.51,39.61,14606,513569,578544,64975,6934.8,6.5,53.4
FARM_3073,Tamil Nadu,Madurai,Potato,Rabi,9,292.5,22,58.4,7,7.1,43.8,123,60,24,Tube Well,136,2.2,80,4.3,37.02,15127,461805,560002,98197,6224.1,6.91,37.5
FARM_3074,Tamil Nadu,Madurai,Mustard,Rabi,6.2,304,18.5,70,7.4,6.92,46,99,45,48,Drip,155,3,82,4.81,30.81,16281,338845,501618,162773,7117.9,6.76,40
FARM_3075,Haryana,Ambala,Potato,Rabi,7.9,618,20.4,50.8,5.4,7.4,51.3,121,65,26,Sprinkler,176,2.9,79,4.43,35.25,14530,487641,512183,24542,5769,7.68,33.2
FARM_3076,Uttar Pradesh,Varanasi,Gram,Rabi,11.3,405.1,23.3,41.1,6.4,7.59,28.8,145,72,30,Canal,220,3,76,4.8,53.85,16760,715327,902526,187199,6300.7,7.62,37.1
FARM_3077,Uttar Pradesh,Varanasi,Mustard,Rabi,7.8,305.7,21.8,63.7,7.8,6.53,30.2,136,56,40,Sprinkler,174,1.7,75,4.9,37.18,14985,423322,557142,133820,5312.9,9.22,54.4
FARM_3078,Punjab,Patiala,Gram,Rabi,9.7,330.4,24.5,50.9,4.8,6.26,41,131,49,57,Canal,162,2.5,95,4.6,43.92,15755,544044,691960,147916,6694.8,6.87,50.8
FARM_3079,Telangana,Warangal,Gram,Rabi,5.2,411.9,21.4,48.9,7.9,6.7,45,153,57,43,Rainfed,211,2.4,85,5.29,28.72,14847,341735,426406,84671,6809.2,7.77,35.7
FARM_3080,Punjab,Amritsar,Wheat,Rabi,9.7,321.3,22.8,65,7.3,7.09,39.9,115,65,49,Rainfed,161,2.9,86,5.61,55.19,16247,832987,896672,63685,5690.6,9.86,48.8
FARM_3081,Maharashtra,Pune,Mustard,Rabi,7,439.1,22.7,66.6,8.7,6.79,56.1,145,50,50,Sprinkler,172,3.6,90,5.84,40.37,15255,499814,615844,116030,5803.3,10.06,47.7
FARM_3082,Madhya Pradesh,Gwalior,Potato,Rabi,10.5,489.5,24.1,52.5,8.2,6.89,33.4,119,56,32,Tube Well,213,2.9,79,4.94,51.47,14060,612299,723668,111369,4971.4,9.94,39.5
FARM_3083,Punjab,Ludhiana,Wheat,Rabi,6.2,467.7,28.2,55.5,6.4,7.12,52.4,95,54,44,Sprinkler,162,2.3,84,4.06,26.03,14741,305748,383708,77960,5695.9,7.13,50.2
FARM_3084,Tamil Nadu,Thanjavur,Gram,Rabi,8,338.8,20.8,59.6,8.1,6.45,45.5,117,50,18,Canal,184,3.3,91,4.97,39.71,11697,523557,464488,-59069,5759.5,8.63,30.3
FARM_3085,Madhya Pradesh,Indore,Gram,Rabi,9.4,590.6,22,67,7.6,7.35,40.7,94,83,21,Drip,144,2,83,4.46,40.96,15409,531939,631153,99214,6842,6.52,48.8
FARM_3086,Andhra Pradesh,Krishna,Wheat,Rabi,9.5,473.6,15.5,66.8,6.7,6.3,51.6,140,59,50,Drip,169,2.4,74,2.37,21.8,15301,265223,333562,68339,7591.9,3.12,30.9
FARM_3087,Maharashtra,Solapur,Barley,Rabi,5.2,394.5,22.1,50.6,6.2,6.62,42,96,41,40,Tube Well,213,1.5,86,4.88,26.13,17112,351154,447137,95983,6543.3,7.46,35.4
FARM_3088,Haryana,Ambala,Mustard,Rabi,10.3,348.3,25.4,61.4,7,6.64,42,109,36,44,Drip,148,1.8,78,5.06,55.5,14404,788277,799422,11145,5686.5,8.9,46.3
FARM_3089,Andhra Pradesh,Anantapur,Mustard,Rabi,8.8,440.1,30,58.1,5.8,6.56,57.5,128,39,38,Sprinkler,159,2.4,84,5.17,41.36,15701,503279,649393,146114,5913.6,8.74,37.7
FARM_3090,Karnataka,Dharwad,Potato,Rabi,3.8,494.9,21.3,67,7.2,6.04,32.3,102,52,42,Sprinkler,227,2.3,76,4.85,17.26,14461,172630,249597,76967,4348.8,11.15,22.2
FARM_3091,Punjab,Patiala,Barley,Rabi,13,549.8,22.8,54,7.3,8.01,34.3,103,34,67,Rainfed,172,3.6,82,5.72,71.46,14224,866373,1016447,150074,5461.7,10.47,50.6
FARM_3092,Maharashtra,Solapur,Barley,Rabi,7.7,493.8,20.8,52.3,7,7.01,55.8,110,53,39,Rainfed,178,2.6,85,5.04,38.31,15671,493979,600356,106377,5966.3,8.45,37.8
FARM_3093,Uttar Pradesh,Varanasi,Wheat,Rabi,5.7,346.5,24.7,61.7,7.8,6.93,37.2,124,39,60,Drip,189,3.1,84,5.5,30.58,14853,313293,454205,140912,4844.4,11.35,52.7
FARM_3094,Gujarat,Junagadh,Potato,Rabi,10.1,531.9,23.9,67.9,6.4,6.68,52.2,155,57,52,Tube Well,134,2.3,93,5.12,55.05,15973,665525,879314,213789,5434.8,9.42,34.4
FARM_3095,Punjab,Ludhiana,Mustard,Rabi,6.4,424.9,18.2,59.3,5.7,6.87,57.9,128,72,38,Drip,183,2.3,82,5.14,31.58,14903,374114,470637,96523,6487.5,7.92,33.7
FARM_3096,Tamil Nadu,Madurai,Potato,Rabi,5.8,448.8,24.9,56.8,7.2,7.46,23.3,103,54,66,Rainfed,194,2.2,81,5.53,31.91,15926,451327,508199,56872,6735,8.21,47.5
FARM_3097,Gujarat,Vadodara,Wheat,Rabi,7.9,424.4,24.1,56.3,8.2,6.77,40.7,106,35,36,Tube Well,160,2.5,72,6.88,51.86,16409,612992,850971,237979,4786.2,14.37,39.3
FARM_3098,Maharashtra,Solapur,Potato,Rabi,6.3,453.4,26.9,51.2,6.7,6.43,48.9,89,37,39,Drip,181,2.8,85,5.09,33.04,15441,390362,510171,119809,5038,10.1,40
FARM_3099,Madhya Pradesh,Bhopal,Gram,Rabi,8.6,476.9,23,60.5,7.6,6.74,51.2,144,62,47,Rainfed,174,1.9,79,5.43,46.21,13762,651450,635942,-15508,6748.2,8.05,51.8
FARM_3100,Maharashtra,Pune,Wheat,Rabi,4.9,410,24,45.6,8,6.72,37.2,101,60,53,Rainfed,173,2.9,90,5.77,27.08,15074,324724,408204,83480,4900.4,11.77,26.3
FARM_3101,Tamil Nadu,Tiruchirappalli,Potato,Rabi,7,424.5,22.7,59.2,8.3,7.07,40.6,133,57,52,Canal,238,1.6,78,3.93,25.97,15320,320486,397860,77374,6138.8,6.4,56.5
FARM_3102,Uttar Pradesh,Varanasi,Wheat,Rabi,8.5,354.4,27.2,59.2,7.2,6.74,48.2,112,57,38,Drip,245,1.1,85,4.54,40.91,15266,558867,624532,65665,5624.6,8.07,42.4
FARM_3103,Karnataka,Raichur,Wheat,Rabi,10.9,461.8,24.3,57.1,6.5,6.83,53.9,154,43,60,Rainfed,214,1,78,5.25,56.1,15040,591801,843744,251943,4490.5,11.69,38.6
FARM_3104,Madhya Pradesh,Gwalior,Gram,Rabi,5.3,333.5,24.5,56.6,7.8,6.87,43.9,102,58,48,Tube Well,155,2.2,88,5.05,28.08,15020,343851,421762,77911,6944.9,7.27,32.8
FARM_3105,Karnataka,Belagavi,Mustard,Rabi,9,403.3,26.1,53.8,6.9,6.59,35.3,76,47,40,Rainfed,220,2.5,80,5.41,46.94,15248,556992,715741,158749,5068.4,10.67,33.4
FARM_3106,Andhra Pradesh,Krishna,Wheat,Rabi,8.4,497.4,23.6,55.2,8.2,6.93,42.8,92,66,40,Canal,182,3.5,84,5.2,42.26,14777,478077,624476,146399,6153.3,8.45,40.5
FARM_3107,Haryana,Kurukshetra,Potato,Rabi,9.2,355.8,19.6,63.9,9.4,5.87,54.6,164,46,22,Tube Well,209,2.8,86,5.13,48.3,13617,556764,657701,100937,4890.1,10.49,44
FARM_3108,Tamil Nadu,Madurai,Barley,Rabi,7.9,506.3,23.6,58,7.2,6.53,34.8,92,48,41,Canal,183,2.5,77,5.81,44.23,15864,503798,701665,197867,5992.9,9.69,39.7
FARM_3109,Maharashtra,Pune,Barley,Rabi,9.9,514.1,22.9,53.4,6.9,6.9,47.6,145,86,50,Rainfed,172,2.6,78,3.59,35.41,13848,390628,490358,99730,5720.6,6.28,24.8
FARM_3110,Tamil Nadu,Coimbatore,Mustard,Rabi,9.1,445.5,23.3,51.8,9.2,6.49,40.2,129,47,33,Canal,200,2.4,75,4.33,41.19,14756,522209,607800,85591,6359.8,6.81,45.3
FARM_3111,Maharashtra,Nashik,Barley,Rabi,8.2,414.4,23.5,48.7,6.7,6.57,58.8,155,33,61,Canal,163,1.3,83,4.74,41.02,16624,573095,681916,108821,7347.9,6.45,30.2
FARM_3112,Uttar Pradesh,Lucknow,Gram,Rabi,8.7,411.8,20.9,46.9,6,6.94,37.9,135,53,47,Sprinkler,186,1,86,4.94,39.28,12844,532897,504512,-28385,4968.2,9.94,37.8
FARM_3113,Andhra Pradesh,Chittoor,Mustard,Rabi,10.6,466.1,21.3,59.7,5.5,6.98,61.4,134,79,41,Rainfed,190,2.7,90,5.47,52.96,17105,692382,905881,213499,6380,8.57,49.3
FARM_3114,Punjab,Patiala,Mustard,Rabi,6.9,383.6,21.2,54.7,6.7,6.21,47,175,41,34,Rainfed,163,1.8,78,5.24,33.85,15618,437615,528669,91054,5953.5,8.8,36.6
FARM_3115,Madhya Pradesh,Gwalior,Barley,Rabi,8.8,528.5,21.1,55.3,4.6,6.65,39.4,109,69,43,Tube Well,204,2.3,79,4.47,37.6,15817,470913,594719,123806,5478.7,8.16,33.7
FARM_3116,Uttar Pradesh,Varanasi,Barley,Rabi,11.1,537.1,23.3,55.4,7.4,6.2,45.1,100,48,41,Sprinkler,176,2.2,82,4.16,46.06,14826,633315,682886,49571,7213,5.77,33.7
FARM_3117,Haryana,Ambala,Gram,Rabi,7.9,398.5,25.9,64.4,7.5,6.12,55.1,97,43,48,Tube Well,197,2.2,84,4.5,36.07,14310,474478,516162,41684,4520,9.96,42.6
FARM_3118,Telangana,Rangareddy,Barley,Rabi,8,407.5,24.4,53.7,9.2,7.19,41,155,52,46,Canal,190,2,79,4.99,37.37,15422,498018,576320,78302,5485.5,9.1,34
FARM_3119,Uttar Pradesh,Varanasi,Potato,Rabi,2.3,408,19.6,43.7,8.4,6.56,48.9,127,49,37,Sprinkler,124,3,77,3.92,9.06,16899,127221,153105,25884,5637.7,6.95,56.2
FARM_3120,Madhya Pradesh,Jabalpur,Wheat,Rabi,7.7,426.5,25.2,59.2,6.9,7.37,49.1,88,46,40,Sprinkler,223,2.4,77,6.89,52,15463,628279,804076,175797,5919.3,11.64,44.3
FARM_3121,Uttar Pradesh,Meerut,Mustard,Rabi,6.3,565.1,21.6,50.4,7.6,6.65,40.6,147,35,49,Drip,193,3,92,4.53,27.83,17448,291259,485578,194319,5286.7,8.57,37.5
FARM_3122,Haryana,Hisar,Wheat,Rabi,9.1,480.6,23.5,55.6,8,7.16,66.6,134,69,34,Canal,150,3,84,4.86,46.68,17007,586937,793887,206950,6373.3,7.63,28.6
FARM_3123,Andhra Pradesh,Chittoor,Mustard,Rabi,7,523.5,27.3,54.5,6.3,7.02,57.9,128,54,46,Drip,153,2.5,73,5.41,38.4,16992,436664,652493,215829,5735.8,9.43,40.4
FARM_3124,Gujarat,Rajkot,Potato,Rabi,7.3,395.6,21.3,54.1,7.6,6.58,42,148,53,37,Sprinkler,146,2.3,76,5.17,39.32,15351,448346,603601,155255,5464.1,9.46,47.5
FARM_3125,Tamil Nadu,Tiruchirappalli,Wheat,Rabi,7.6,450.2,23.2,63.9,7.1,7.16,54.1,135,75,55,Sprinkler,142,1.9,82,4.61,37.67,16145,448674,608182,159508,6865.3,6.71,57.5
FARM_3126,Punjab,Jalandhar,Mustard,Rabi,7.1,319.6,25.3,43.7,9.3,7.11,41.7,144,68,56,Tube Well,167,2.5,89,5.36,40.87,13342,469285,545288,76003,6915.7,7.75,46.5
FARM_3127,Madhya Pradesh,Bhopal,Mustard,Rabi,10,384.8,21.9,65.1,7.5,6.94,52.2,120,36,56,Tube Well,125,2.2,74,5.53,54.69,17156,622065,938262,316197,5344.6,10.35,44.2
FARM_3128,Gujarat,Rajkot,Barley,Rabi,9.3,423.3,21.6,49.9,7.1,7.4,52.6,130,52,33,Canal,200,2.7,90,5.52,50.16,15194,560458,762131,201673,4525.2,12.2,62
FARM_3129,Madhya Pradesh,Jabalpur,Gram,Rabi,7.7,487.9,28,51.2,7,6.76,39.3,123,48,57,Canal,173,0.9,83,4.98,41.16,15656,580704,644401,63697,5439.2,9.16,40
FARM_3130,Tamil Nadu,Salem,Barley,Rabi,9.1,395.5,24.4,72.8,6.8,7.33,49.8,127,75,43,Rainfed,152,2,85,4.86,46.44,14980,610624,695671,85047,7407,6.56,35.4
FARM_3131,Karnataka,Dharwad,Mustard,Rabi,6.6,413.7,25.4,61.7,7.9,6.77,61.5,154,45,68,Tube Well,146,2,75,8.75,53.31,12647,596857,674212,77355,5079.2,17.23,30.4
FARM_3132,Telangana,Rangareddy,Wheat,Rabi,6.1,306.6,24.8,58.6,8,7.21,40.6,112,63,55,Canal,87,2.6,84,5.38,30.28,15161,354082,459075,104993,5239.3,10.27,44
FARM_3133,Telangana,Medak,Gram,Rabi,8.3,492.5,24,52.1,7.3,6.47,57.7,133,47,49,Canal,190,2.9,79,5.1,40.74,16370,564899,666914,102015,5443,9.37,43.9
FARM_3134,Punjab,Amritsar,Gram,Rabi,10.8,418.1,20.8,39.5,7.6,7.32,34.2,94,50,50,Rainfed,182,2.4,82,4.46,45.17,16064,518903,725611,206708,6137.8,7.27,39.9
FARM_3135,Gujarat,Rajkot,Barley,Rabi,10.3,562.7,25.2,62.5,6.7,7.11,55.2,126,37,44,Canal,262,2.5,85,4.49,47.22,17247,658918,814403,155485,5789.1,7.76,39.6
FARM_3136,Tamil Nadu,Coimbatore,Wheat,Rabi,10.5,476.1,26.8,54,5.9,7.22,56.3,97,65,46,Sprinkler,115,1.4,79,6.71,74.86,16058,915854,1202102,286248,5677.4,11.82,45.5
FARM_3137,Gujarat,Vadodara,Gram,Rabi,10.4,418.5,23.5,54.1,7.6,6.13,42.3,116,34,32,Drip,182,2.3,84,4.79,46.16,16613,601410,766856,165446,5860.3,8.17,43.1
FARM_3138,Andhra Pradesh,Chittoor,Mustard,Rabi,6.8,370,23.4,55.4,8.8,6.75,56.5,132,50,62,Sprinkler,219,3.2,92,5.08,36.23,12867,413064,466171,53107,6443.5,7.88,48.7
FARM_3139,Madhya Pradesh,Bhopal,Mustard,Rabi,6.2,408.6,24,61.1,7.9,6.7,39.4,147,50,56,Tube Well,174,2.3,90,5.26,32.67,16248,411977,530822,118845,5753.3,9.14,38.3
FARM_3140,Uttar Pradesh,Meerut,Potato,Rabi,6.7,455.4,23,68.7,5.4,6.71,42.4,136,41,40,Drip,134,1.4,78,5.19,35.63,15481,439172,551588,112416,5203,9.98,44.8
FARM_3141,Telangana,Nalgonda,Barley,Rabi,7,433.8,19.7,58.1,8.4,6.17,44.5,132,69,42,Sprinkler,204,2.7,88,4.18,32.8,14916,394042,489245,95203,5508.4,7.59,37.9
FARM_3142,Tamil Nadu,Salem,Mustard,Rabi,7,411.6,26,54.3,5.9,7.2,33.9,139,36,49,Drip,189,1.8,84,4.2,29.7,16261,380251,482952,102701,6357.9,6.61,49.1
FARM_3143,Karnataka,Dharwad,Barley,Rabi,10.7,511.7,25.2,51.9,7.8,7.07,41.9,159,64,57,Sprinkler,211,2.5,76,5.86,63.59,13735,697260,873409,176149,7355,7.97,42.7
FARM_3144,Tamil Nadu,Salem,Mustard,Rabi,10,457.9,23.5,58.6,7.9,7.23,54.2,132,43,63,Tube Well,147,1.8,79,4.25,45.8,14451,559967,661856,101889,6929.9,6.13,46.9
FARM_3145,Uttar Pradesh,Lucknow,Mustard,Rabi,6.1,402.9,19.9,61,8.1,7.29,31.4,99,55,35,Canal,181,1.8,89,5.78,34,16463,455133,559742,104609,6104.7,9.47,45.9
FARM_3146,Punjab,Jalandhar,Potato,Rabi,9.3,449.8,26.9,53.2,9.4,6.73,47,132,72,43,Tube Well,194,2.4,88,5.88,55.02,14431,719082,793994,74912,6277.1,9.37,25
FARM_3147,Andhra Pradesh,Krishna,Potato,Rabi,8.5,353.5,28.7,63.8,5.6,7.26,41,130,54,42,Drip,144,3.9,78,5.8,49.29,15032,642482,740927,98445,5998.1,9.67,54.1
FARM_3148,Tamil Nadu,Tiruchirappalli,Barley,Rabi,7.6,431.3,23.5,50.4,8.8,7.22,30.7,109,49,46,Canal,200,2.1,69,6.52,43.53,15062,519912,655649,135737,6527.8,9.99,33.8
FARM_3149,Punjab,Amritsar,Gram,Rabi,10.7,429,27.2,75.9,9.8,7.14,46.9,139,65,54,Rainfed,167,2.7,94,4.84,50.26,14468,599420,727162,127742,6515,7.43,38
FARM_3150,Andhra Pradesh,Chittoor,Mustard,Rabi,11.2,390,25.9,46,7.1,6.57,40.1,121,68,48,Rainfed,185,1.5,85,6.64,73.13,13863,1001385,1013801,12416,5186,12.8,33.6
FARM_3151,Gujarat,Surat,Gram,Rabi,8.3,493.8,23.7,67.8,7,6.36,45.5,95,50,34,Rainfed,226,2.8,82,5.8,46.69,13502,605076,630408,25332,5446.5,10.65,38.1
FARM_3152,Uttar Pradesh,Varanasi,Wheat,Rabi,9,519.2,24.5,69.3,7.9,6.94,52.9,135,40,61,Drip,158,2,81,5.19,47.87,16583,513599,793828,280229,4951.8,10.48,53.4
FARM_3153,Maharashtra,Solapur,Potato,Rabi,6.3,503.7,23.1,55.9,6.5,6.83,34.1,133,68,40,Tube Well,173,1.9,69,4.04,24.25,16157,309611,391807,82196,6316.7,6.4,48.1
FARM_3154,Karnataka,Shimoga,Gram,Rabi,7.6,482.2,21.1,44.9,5.5,6.89,44.1,140,70,50,Drip,126,1.4,83,3.1,22.45,16523,294111,370941,76830,5580.3,5.56,31.8
FARM_3155,Haryana,Hisar,Barley,Rabi,7.6,446.2,25.2,61.1,6.3,6.79,43.8,135,48,54,Tube Well,213,1.5,82,4.94,38.85,14391,444506,559090,114584,5561.5,8.88,26.1
FARM_3156,Andhra Pradesh,Kurnool,Mustard,Rabi,5.8,428.8,25.3,59.7,7.5,6.5,64.7,114,48,55,Tube Well,227,2.5,85,6.59,35.04,15803,468643,553737,85094,5063.4,13.01,38.7
FARM_3157,Haryana,Karnal,Mustard,Rabi,10.2,441.6,25.2,51.8,9.1,6.54,43.4,112,68,54,Sprinkler,177,2.9,76,5.52,57.62,15462,713162,890920,177758,5779.8,9.55,46.6
FARM_3158,Maharashtra,Aurangabad,Barley,Rabi,10.5,371.9,25.4,59.2,7.7,6.08,37.2,137,65,47,Rainfed,189,1.8,86,4.7,49.92,15601,669388,778802,109414,6181.5,7.6,42.3
FARM_3159,Haryana,Karnal,Gram,Rabi,6.2,449.9,24.8,74.2,6.4,7.31,32.7,109,63,51,Drip,260,3.7,77,3.67,21.51,16301,287263,350635,63372,6317.7,5.81,49.4
FARM_3160,Punjab,Jalandhar,Wheat,Rabi,8.9,445.6,23.7,49.9,6.1,6.87,41.2,83,58,40,Sprinkler,202,1.9,78,3.61,34.48,16783,425826,578678,152852,6581.1,5.49,32.9
FARM_3161,Madhya Pradesh,Indore,Gram,Rabi,6.5,523.8,24.9,54.8,7.5,6.15,32.7,148,48,49,Drip,207,3,78,5,34.49,17443,473791,601609,127818,4716.4,10.6,42.7
FARM_3162,Tamil Nadu,Salem,Gram,Rabi,6.8,502.1,21.9,71,8.7,6.29,51.8,155,77,33,Drip,149,2.3,86,4.71,29.74,17579,348805,522799,173994,5404.4,8.72,44.9
FARM_3163,Maharashtra,Solapur,Potato,Rabi,10.3,566.1,28.2,63.7,8.9,7.07,35,159,62,33,Tube Well,159,2.6,85,3.24,36.83,15272,442571,562468,119897,6714.9,4.83,44.2
FARM_3164,Haryana,Karnal,Gram,Rabi,10.4,299.4,20.4,64.1,9.6,6.77,40.9,108,60,42,Sprinkler,155,2.3,82,5.49,57.08,13398,798444,764758,-33686,6417,8.56,60.1
FARM_3165,Telangana,Medak,Potato,Rabi,8.5,332,23.3,73.4,7.2,7.38,48.1,99,70,59,Tube Well,187,2.8,78,6.01,49.29,13340,567101,657529,90428,5797.3,10.37,50.7
FARM_3166,Uttar Pradesh,Meerut,Potato,Rabi,10.6,523.1,27,59.3,7.3,6.91,51.9,115,34,39,Rainfed,216,3.3,78,5.61,55.61,14414,725682,801563,75881,6841.7,8.2,38.1
FARM_3167,Uttar Pradesh,Lucknow,Wheat,Rabi,9,464.2,25.3,75.5,8.1,6.66,43.9,103,34,45,Rainfed,202,1.7,75,5.84,52.37,15613,669949,817653,147704,6056.7,9.64,27.6
FARM_3168,Uttar Pradesh,Varanasi,Potato,Rabi,9.6,302.6,24.2,53,7.6,7.14,38.1,95,57,33,Drip,201,2.9,80,5.34,53.27,14267,612103,760003,147900,6123.6,8.72,39.2
FARM_3169,Madhya Pradesh,Indore,Wheat,Rabi,7.1,508,26.6,48,6.8,7.34,42,160,51,54,Drip,191,1.9,73,5.56,41.17,15421,471156,634883,163727,5704.8,9.75,41.7
FARM_3170,Telangana,Nalgonda,Potato,Rabi,6.7,389.5,21.5,71.8,6.1,6.83,44.4,126,71,32,Rainfed,133,2.4,84,4.94,34.47,12879,410013,443939,33926,5627.5,8.78,32.2
FARM_3171,Madhya Pradesh,Indore,Gram,Rabi,7.1,460.9,26.3,47.6,8.2,7.37,36.9,88,71,30,Rainfed,204,3.6,83,7.06,51.04,15412,695698,786628,90930,5640.2,12.52,46
FARM_3172,Gujarat,Vadodara,Mustard,Rabi,7.2,493.1,21.4,61.5,7.4,6.97,53,117,35,58,Sprinkler,159,2.2,82,4.79,33.43,14305,397108,478216,81108,6526,7.34,27.6
FARM_3173,Punjab,Ludhiana,Barley,Rabi,7.9,343.1,23.2,52.8,7.3,6.62,31.5,111,50,27,Sprinkler,158,3,89,4.42,37.71,16864,531600,635941,104341,5170.6,8.55,46.5
FARM_3174,Maharashtra,Aurangabad,Potato,Rabi,6.4,443.8,23.1,71.8,8.9,6.85,41.8,103,64,31,Canal,179,1.8,79,5.2,33.45,14986,496759,501282,4523,4533.3,11.47,33
FARM_3175,Gujarat,Rajkot,Potato,Rabi,7.4,461.3,22.2,62.6,7.3,7.37,30.6,124,41,50,Rainfed,161,2.3,74,5.15,36.02,14716,467473,530070,62597,6152.3,8.37,33
FARM_3176,Andhra Pradesh,Chittoor,Barley,Rabi,8.9,336.3,22.2,58.4,6.9,6.48,45.6,125,47,43,Canal,225,2.8,93,2.33,21.18,16148,231195,342015,110820,4087.3,5.7,42.3
FARM_3177,Gujarat,Rajkot,Mustard,Rabi,11.1,493,26.6,62.8,7.6,6.11,51,102,31,55,Tube Well,140,2.2,79,4.86,58.77,15680,676215,921514,245299,6522.6,7.45,49.6
FARM_3178,Punjab,Jalandhar,Mustard,Rabi,6.8,426.6,24.1,74.3,8.3,6.68,40.8,115,65,58,Canal,194,1,81,4.09,27.05,17900,341074,484195,143121,5153.9,7.94,29.8
FARM_3179,Gujarat,Junagadh,Wheat,Rabi,9.2,347.9,24.3,67.6,7,7.26,53.3,143,56,37,Canal,206,2.7,78,5.71,52.23,13864,633677,724117,90440,6238.7,9.15,40.3
FARM_3180,Gujarat,Surat,Potato,Rabi,11.3,373.5,21.3,61.1,9.3,6.95,32.4,126,59,61,Tube Well,189,2.3,84,4.42,50.97,15652,699020,797782,98762,3084.2,14.33,56.1
FARM_3181,Maharashtra,Nashik,Barley,Rabi,9,468.6,21.6,52.4,6.4,6.24,32.1,117,45,38,Drip,241,2.1,85,5.77,51.5,15684,658320,807726,149406,5677.9,10.16,33.9
FARM_3182,Madhya Pradesh,Jabalpur,Potato,Rabi,8.7,383.3,20.8,61.4,8.2,6.79,40,108,60,54,Canal,130,2.5,83,5.44,50.7,12459,602570,631671,29101,5774.8,9.42,50.2
FARM_3183,Gujarat,Surat,Potato,Rabi,9.9,237.1,22.6,51.3,7.3,6.33,35.3,98,64,39,Sprinkler,179,2.1,78,6.16,58.23,15524,806335,903963,97628,7742.5,7.96,35.4
FARM_3184,Uttar Pradesh,Lucknow,Potato,Rabi,8.7,441.6,22,55,5.5,7.01,42.2,140,57,50,Tube Well,200,2.9,84,4.9,40.21,15791,533628,634956,101328,7084.9,6.92,42.3
FARM_3185,Karnataka,Dharwad,Barley,Rabi,8,403.6,20.7,67.7,8.2,7.35,49,100,51,46,Sprinkler,174,2.6,80,4.62,37.61,14629,438185,550197,112012,5917.4,7.81,38.5
FARM_3186,Punjab,Patiala,Mustard,Rabi,10.2,327.8,22.7,55.7,7.6,6.36,41.7,116,51,48,Tube Well,180,2.7,90,6.4,66.29,13188,718359,874233,155874,5702.9,11.22,54.8
FARM_3187,Uttar Pradesh,Varanasi,Mustard,Rabi,9.2,495.4,24.7,60.5,6.7,7.5,42,140,59,38,Sprinkler,172,1.6,79,5.62,50.02,13578,569244,679172,109928,5580.9,10.07,37.8
FARM_3188,Punjab,Bathinda,Potato,Rabi,7,454.4,23.1,54.7,7.6,6.69,44.1,121,45,51,Rainfed,161,1.9,79,5.47,42.61,13420,530360,571826,41466,6633.2,8.25,42.2
FARM_3189,Telangana,Nalgonda,Potato,Rabi,10.7,500.4,23.4,54.4,5.5,6.99,51,121,74,50,Sprinkler,205,2.4,81,4.54,52.65,14494,718717,763109,44392,5849.2,7.76,41.8
FARM_3190,Punjab,Jalandhar,Wheat,Rabi,5.6,465.4,21.7,44.8,7.1,7.5,52.5,139,46,49,Canal,197,3.4,82,5.93,31.64,11957,371606,378319,6713,5974.6,9.93,19.4
FARM_3191,Punjab,Ludhiana,Wheat,Rabi,5.1,498.3,21.1,61.8,7.6,7.36,65.9,137,78,57,Rainfed,164,2.6,79,3.23,16.57,15167,221678,251317,29639,6649.4,4.86,43.8
FARM_3192,Uttar Pradesh,Agra,Wheat,Rabi,6.7,435.8,19,68.4,9.4,5.78,40.1,101,77,33,Drip,187,2.7,84,5.58,40.9,15204,491589,621844,130255,4758.7,11.73,38
FARM_3193,Telangana,Rangareddy,Potato,Rabi,6,468.6,22.2,54.4,6.7,7.1,53.3,136,47,43,Sprinkler,165,3.8,79,6.53,40.25,16410,512380,660503,148123,5703.3,11.45,27.9
FARM_3194,Gujarat,Surat,Gram,Rabi,9.7,364.4,26.3,53.8,7.8,6.78,34.6,139,62,35,Rainfed,168,2,85,4.77,49.22,16320,694514,803270,108756,5696.7,8.37,47.5
FARM_3195,Tamil Nadu,Coimbatore,Gram,Rabi,10.3,390.3,23.5,61.7,6.9,7.47,52.8,83,58,46,Canal,204,1.9,84,4.29,41.42,16512,529158,683927,154769,6306.9,6.8,32.1
FARM_3196,Uttar Pradesh,Lucknow,Wheat,Rabi,12.7,476.3,25.3,63.5,5.9,6.13,52.9,122,47,30,Tube Well,222,1.9,90,5.76,77.48,15215,1029450,1178858,149408,5961.5,9.66,49.4
FARM_3197,Gujarat,Rajkot,Barley,Rabi,10.2,492.2,24.1,56.4,5.9,6.18,46.7,133,67,45,Tube Well,224,2.5,91,4.91,50.49,13650,595170,689189,94019,4873.5,10.07,38.9
FARM_3198,Telangana,Nalgonda,Mustard,Rabi,6.2,530.1,24.1,56.8,7.7,6.1,41.6,130,63,64,Tube Well,120,2.1,82,4.6,26.32,16217,341088,426831,85743,5024.5,9.16,50.6
FARM_3199,Haryana,Hisar,Gram,Rabi,7.2,469,22.3,60.4,8.3,6.69,53.9,158,56,55,Canal,177,2.8,77,5.84,42.03,18293,528477,768855,240378,6616.6,8.83,20.3
FARM_3200,Maharashtra,Nashik,Barley,Rabi,7.3,392.7,25.6,55.1,7.7,7.08,46.5,98,65,46,Rainfed,163,3.3,92,6.73,45.84,15954,625490,731331,105841,6037,11.15,38.5
FARM_3201,Telangana,Medak,Barley,Rabi,9.8,368.9,25.3,70.6,6.4,6.97,57.4,115,97,41,Canal,187,2.2,84,5.45,54.71,15762,611513,862339,250826,5772.4,9.44,41.2
FARM_3202,Haryana,Ambala,Potato,Rabi,8.2,529.1,20.7,48.6,4.8,6.53,26.7,109,63,55,Sprinkler,116,2.9,79,5.16,42.76,16071,528624,687196,158572,6384,8.08,39.5
FARM_3203,Gujarat,Vadodara,Gram,Rabi,7.2,434.1,19.9,71.7,6.2,7.04,43.9,98,46,41,Rainfed,160,2,74,5.17,38.54,15310,529227,590047,60820,5589.7,9.25,53.3
FARM_3204,Gujarat,Ahmedabad,Wheat,Rabi,6.7,473.1,25.7,61,4.7,6.79,53.6,119,49,47,Drip,150,2.1,78,4.58,31.48,16078,340400,506135,165735,4822.1,9.5,61
FARM_3205,Telangana,Nalgonda,Wheat,Rabi,7,455.6,22,48.8,6.8,7.69,45.8,95,64,45,Canal,212,3.7,80,5.31,36.15,15310,508047,553457,45410,5593.3,9.49,48.7
FARM_3206,Haryana,Hisar,Mustard,Rabi,10.2,604.7,30.9,55.9,8.4,7.29,32.4,122,64,38,Tube Well,182,2.7,79,4.98,54.35,14962,645623,813185,167562,6361,7.83,40.8
FARM_3207,Uttar Pradesh,Agra,Wheat,Rabi,6.3,420.1,22.4,53.7,4,6.51,32.8,130,38,70,Canal,224,3.4,86,5.09,32.92,14795,379944,487051,107107,6622.4,7.69,57.2
FARM_3208,Punjab,Amritsar,Potato,Rabi,6.2,406.5,23.6,47.3,5.4,6.62,40.2,119,48,47,Tube Well,163,1,77,5.82,35.13,18516,420388,650467,230079,5007.3,11.62,36.2
FARM_3209,Tamil Nadu,Coimbatore,Mustard,Rabi,7.3,343.7,21.7,67.7,8.4,6.49,49.8,84,61,43,Tube Well,230,2,85,4.56,36.29,15878,406707,576213,169506,6685.9,6.82,35.5
FARM_3210,Haryana,Karnal,Potato,Rabi,7.6,439.7,24.5,62.8,7.5,6.13,57.1,112,58,46,Canal,198,2.7,79,4.95,36.37,16192,418489,588903,170414,5472.8,9.04,45.9
FARM_3211,Punjab,Ludhiana,Wheat,Rabi,8.4,473.6,25.9,64.3,7.5,6.64,39.1,86,37,49,Rainfed,189,2.4,90,4.15,37.03,15281,465510,565855,100345,5931.1,7,40.9
FARM_3212,Maharashtra,Aurangabad,Wheat,Rabi,6.3,345.3,24,67.6,7.9,7.39,50.4,138,51,44,Tube Well,177,1.9,75,5.16,30.94,16514,351987,510943,158956,6651.8,7.76,43.4
FARM_3213,Andhra Pradesh,Guntur,Gram,Rabi,6.6,282.2,23.5,59.9,7.1,6.41,32.1,98,51,23,Drip,155,1.2,78,4.75,29.02,17000,340417,493340,152923,7118.9,6.67,28.9
FARM_3214,Telangana,Rangareddy,Potato,Rabi,9.2,439.6,27.2,63.8,5.5,6.48,20.6,154,43,38,Canal,193,2.7,96,4.79,44.2,14600,536327,645320,108993,6754.9,7.09,37.1
FARM_3215,Andhra Pradesh,Krishna,Wheat,Rabi,7.5,461.9,23.1,76.7,6.3,6.65,43.6,118,58,58,Rainfed,210,2.2,89,6.67,47.55,14791,576900,703312,126412,6147.9,10.85,35.4
FARM_3216,Maharashtra,Nagpur,Gram,Rabi,11,419.9,23.6,56.3,7.8,6.46,53.2,103,66,53,Canal,161,2.4,82,5.65,67.75,15844,901409,1073431,172022,4439,12.73,20.8
FARM_3217,Gujarat,Junagadh,Barley,Rabi,5.4,409.7,25.5,47.5,8.4,6.46,35.6,117,30,32,Tube Well,214,2.9,76,4.91,26.01,15685,305033,407967,102934,4721.3,10.4,33.9
FARM_3218,Uttar Pradesh,Meerut,Potato,Rabi,8.4,311.7,21.5,63.7,4.2,6.72,38.9,129,38,38,Sprinkler,232,3,75,4.66,36.98,14606,458720,540130,81410,5289.4,8.81,33.8
FARM_3219,Andhra Pradesh,Anantapur,Mustard,Rabi,10.5,398.2,23.7,59,6.9,6.63,40.9,151,55,31,Drip,181,4,83,3.95,47.71,14212,640902,678055,37153,7350.9,5.37,25.1
FARM_3220,Uttar Pradesh,Agra,Wheat,Rabi,8.8,412.9,22.7,42.7,6.8,7.24,55.9,104,46,45,Tube Well,187,1.4,90,5.03,46.3,16033,626068,742328,116260,7080.2,7.1,31.9
FARM_3221,Punjab,Bathinda,Gram,Rabi,7.6,398.5,23.5,52.3,6,5.96,28,134,43,39,Canal,181,3,81,6.96,51.02,15556,540471,793667,253196,7532.6,9.24,58.9
FARM_3222,Maharashtra,Nashik,Barley,Rabi,8.6,392.6,25.3,52.2,4.9,6.81,38.8,113,66,66,Canal,188,2.6,78,5.04,41.37,15223,546456,629776,83320,6927.6,7.28,49.1
FARM_3223,Andhra Pradesh,Kurnool,Mustard,Rabi,8.1,551.7,23,60,8.6,5.92,48.1,155,61,36,Sprinkler,185,1.6,92,5.06,42.2,15545,546047,655999,109952,6339,7.98,42.6
FARM_3224,Uttar Pradesh,Kanpur,Potato,Rabi,9.9,437.1,24.4,45.8,7.7,6.79,38.8,87,51,36,Canal,176,2.4,79,5.55,55.82,17164,773593,958094,184501,5571.5,9.96,50.2
FARM_3225,Punjab,Patiala,Potato,Rabi,9.4,515.5,23.4,65.6,8,6.52,34.7,121,53,44,Drip,140,3.8,83,4.98,43.9,13640,504201,598796,94595,5053.5,9.85,40.8
FARM_3226,Gujarat,Surat,Gram,Rabi,10.8,474.4,25.1,57.2,7.2,6.82,50.3,123,69,54,Drip,160,2.5,71,5.39,57.1,14969,735856,854730,118874,6262.5,8.61,49
FARM_3227,Punjab,Ludhiana,Mustard,Rabi,11.5,551.9,25.9,57.4,9.4,6.6,50.5,93,53,45,Tube Well,221,3,91,5.64,61.49,16321,695451,1003578,308127,5456.7,10.34,52
FARM_3228,Madhya Pradesh,Indore,Barley,Rabi,6.5,460.3,24.6,60.2,8.7,6.76,29.1,99,61,57,Drip,132,1.9,81,4.1,25.61,14879,278882,381051,102169,5661.7,7.24,37.3
FARM_3229,Tamil Nadu,Thanjavur,Potato,Rabi,8.6,432.6,20.3,60.2,5.7,6.55,48.8,106,41,43,Canal,204,2.3,84,4.94,42.19,15741,505955,664113,158158,5752.5,8.59,50.4
FARM_3230,Karnataka,Dharwad,Barley,Rabi,8.2,360.8,25.3,49.8,6.4,6.47,44.3,118,42,38,Canal,181,2.1,77,4.66,37.19,15070,481353,560453,79100,4215.7,11.05,30.2
FARM_3231,Karnataka,Belagavi,Wheat,Rabi,6.4,452.5,22.9,42.9,7.8,7.23,55.7,100,59,30,Canal,140,3.6,89,4.77,30.06,13881,381605,417263,35658,6498.8,7.34,27.8
FARM_3232,Andhra Pradesh,Anantapur,Mustard,Rabi,9.7,380.4,24.7,62.5,7.4,6.44,42,122,56,48,Tube Well,213,1.4,85,4.04,39.3,17117,519014,672698,153684,7484.1,5.4,37.3
FARM_3233,Tamil Nadu,Tiruchirappalli,Potato,Rabi,12.8,511.4,23.2,50.1,6.7,6.63,31.7,119,32,57,Rainfed,170,2.6,88,6.13,69.29,15190,755836,1052515,296679,7553.6,8.12,39.3
FARM_3234,Tamil Nadu,Salem,Wheat,Rabi,8.4,516.2,24.3,62.7,5.6,6.17,45.5,86,51,24,Sprinkler,173,2.3,79,5.52,45.22,13141,631220,594236,-36984,7150.6,7.72,41.8
FARM_3235,Telangana,Rangareddy,Wheat,Rabi,10.2,512.9,23.5,52.6,8.3,7.21,63.2,162,53,38,Canal,210,2.6,87,4.91,47.47,12852,589801,610084,20283,6731.4,7.29,34.4
FARM_3236,Maharashtra,Pune,Barley,Rabi,5.9,374.5,21.7,48,9,7.16,52.5,106,71,38,Tube Well,161,2.7,76,5.29,29.29,13957,317129,408801,91672,5569.4,9.5,36.7
FARM_3237,Maharashtra,Solapur,Mustard,Rabi,9.5,308.8,21.1,65,6.4,5.95,46.4,110,71,43,Rainfed,203,1.6,86,5.54,56.11,14237,654604,798838,144234,5719.2,9.69,40.3
FARM_3238,Punjab,Ludhiana,Potato,Rabi,6.6,364.9,23.9,61.8,5.6,7.06,33.2,154,38,51,Tube Well,171,2.5,81,5.91,38.01,16664,430203,633399,203196,4924.6,12,56.5
FARM_3239,Maharashtra,Nagpur,Potato,Rabi,10.5,554.4,23.5,64.6,8.3,6.56,25.6,155,52,42,Drip,170,2.3,84,4.43,48.02,15397,598117,739364,141247,5662.6,7.82,52.8
FARM_3240,Karnataka,Dharwad,Gram,Rabi,6.4,335.1,21.4,53.2,7.8,6.39,54.4,133,58,38,Tube Well,139,3.5,83,5.91,35.25,14928,424401,526212,101811,3829.9,15.43,38.2
FARM_3241,Maharashtra,Aurangabad,Barley,Rabi,7.3,329.7,24.6,47.7,6,5.92,23.9,139,58,39,Tube Well,239,1.6,92,4.81,33.08,15412,433434,509829,76395,6634.1,7.25,36.9
FARM_3242,Andhra Pradesh,Krishna,Potato,Rabi,8.8,475.3,21.5,69.7,5.9,7.04,42.3,121,43,58,Drip,182,1.5,90,5.8,48.19,13213,639023,636734,-2289,4805,12.07,44.9
FARM_3243,Karnataka,Shimoga,Wheat,Rabi,7.2,365.8,22.5,56.1,5.5,6.98,32.3,109,54,27,Tube Well,160,2,83,4.22,29.99,16445,342943,493186,150243,5911.3,7.14,54.2
FARM_3244,Telangana,Medak,Barley,Rabi,12.5,320.1,26.7,49.4,6.5,6.98,35.7,151,54,49,Sprinkler,180,3.1,76,5.02,60.39,16818,799067,1015639,216572,5612.1,8.94,53.3
FARM_3245,Madhya Pradesh,Gwalior,Mustard,Rabi,7.2,380.4,23.6,60.8,6.5,6.7,52.9,92,60,47,Tube Well,235,1.1,83,4.73,35.29,15722,364751,554829,190078,5190.8,9.11,44.4
FARM_3246,Maharashtra,Aurangabad,Mustard,Rabi,6.2,490.7,19.2,47.2,8,6.5,40.7,95,54,47,Canal,110,2.3,70,5.35,33.15,16718,390350,554202,163852,4191,12.77,47.5
FARM_3247,Maharashtra,Pune,Mustard,Rabi,9.5,391.7,21.6,73.4,5.3,6.88,49.2,148,41,59,Tube Well,156,2.6,88,4.2,39.88,13928,496151,555449,59298,6110.8,6.87,49.1
FARM_3248,Tamil Nadu,Tiruchirappalli,Potato,Rabi,4.6,402.4,25.3,45.2,9.6,6.92,38.3,134,49,48,Canal,198,2.3,79,4.99,21.41,17236,254720,369023,114303,6163.8,8.1,46.8
FARM_3249,Tamil Nadu,Thanjavur,Potato,Rabi,8.2,436.6,28.1,70.8,4.9,6.81,48.9,140,45,60,Rainfed,178,2.8,77,5.96,49,16094,597245,788606,191361,5683,10.49,38
FARM_3250,Karnataka,Mysuru,Gram,Rabi,7.8,333.1,26.7,44.6,6.2,7.05,42.5,133,60,39,Sprinkler,170,2.4,64,4.09,33.05,14752,428336,487554,59218,5643.8,7.25,41.3
FARM_3251,Karnataka,Shimoga,Potato,Rabi,9.2,379.1,19.1,59.5,7.9,6.51,35.2,134,54,50,Canal,179,2.8,84,5.35,48.11,16577,586160,797519,211359,5321.3,10.05,34.3
FARM_3252,Maharashtra,Nashik,Mustard,Rabi,8.7,445.2,20.6,54.9,5.7,7.33,42,100,59,37,Canal,155,2.5,81,4.84,44.4,13514,544611,600022,55411,5575.8,8.68,29.2
FARM_3253,Uttar Pradesh,Varanasi,Gram,Rabi,6.4,486.1,22,44.4,6.4,6.85,52.6,90,67,27,Tube Well,192,3.2,81,3.81,21.61,14170,267280,306214,38934,5785.1,6.59,47.9
FARM_3254,Tamil Nadu,Madurai,Wheat,Rabi,5.1,500.6,22.8,66.7,7.8,7.37,43.1,134,74,49,Drip,193,2.7,88,4.58,23.66,15058,292743,356272,63529,5465.5,8.38,40.4
FARM_3255,Karnataka,Dharwad,Gram,Rabi,8.5,304.4,22.1,64.4,8,6.23,43,105,53,40,Drip,157,2.3,80,4.63,39.49,15474,511228,611068,99840,6515.6,7.11,22.2
FARM_3256,Karnataka,Raichur,Potato,Rabi,6.3,493.8,21,64.7,6.5,6.98,41.4,102,61,58,Canal,129,1.2,95,6.74,44.1,15922,559569,702160,142591,6269.8,10.75,37.8
FARM_3257,Andhra Pradesh,Chittoor,Barley,Rabi,8.6,479.4,22.3,58.6,7.9,7.43,48.4,142,51,54,Sprinkler,213,3.2,82,4.7,39.87,16426,506643,654905,148262,6279,7.49,45.8
FARM_3258,Tamil Nadu,Salem,Potato,Rabi,9.1,487.9,26.8,69.6,6.3,6.26,38.8,126,73,47,Sprinkler,169,2,86,5.29,50.29,17391,642489,874593,232104,4671.2,11.32,55.2
FARM_3259,Madhya Pradesh,Bhopal,Gram,Rabi,9.1,411.2,28,47.6,8.2,6.82,51.1,145,61,41,Rainfed,169,2.6,79,4.6,41.24,14557,540859,600331,59472,5360,8.58,52.8
FARM_3260,Madhya Pradesh,Ujjain,Mustard,Rabi,7.4,350.1,20.7,75.5,5,5.95,52.6,129,59,52,Sprinkler,177,2.6,76,5.01,33.87,16576,427502,561429,133927,6632.4,7.55,40.7
FARM_3261,Andhra Pradesh,Kurnool,Barley,Rabi,3,494.7,21.4,40.6,8,7.21,52.7,137,50,36,Tube Well,161,2.3,87,4.49,13.9,15800,179473,219620,40147,6052.1,7.42,39.1
FARM_3262,Gujarat,Rajkot,Potato,Rabi,6.7,489.6,22.3,57.7,8.9,7.02,44.7,83,21,41,Canal,161,3.1,80,5,32.17,16521,389393,531481,142088,5930.4,8.43,44.7
FARM_3263,Madhya Pradesh,Bhopal,Wheat,Rabi,10,478.1,26.2,54.7,5.8,6.6,58.1,124,51,62,Sprinkler,181,2.4,69,4.26,43.12,13905,515622,599584,83962,6000.3,7.1,51.5
FARM_3264,Punjab,Amritsar,Mustard,Rabi,9,456.2,23.2,62.2,8.2,6.42,47.6,123,73,29,Canal,199,2.9,85,5.17,45.86,14872,551987,682030,130043,4017.1,12.87,44.8
FARM_3265,Gujarat,Ahmedabad,Gram,Rabi,6.1,359.1,26.5,63.6,8.8,7.07,46.5,147,52,36,Tube Well,108,2.4,83,5.54,35.63,14231,407257,507051,99794,5643.6,9.82,43.8
FARM_3266,Tamil Nadu,Thanjavur,Barley,Rabi,9.1,387.4,21.6,55.1,7.6,6.78,46.3,151,63,51,Drip,138,2,77,2.08,18.75,14858,268514,278588,10074,4985,4.17,48.7
FARM_3267,Uttar Pradesh,Meerut,Wheat,Rabi,7.2,500.5,22.8,48.8,6.8,6.57,41.5,145,54,61,Rainfed,177,2.7,80,5.48,39.79,12662,478178,503821,25643,4945.4,11.08,43.6
FARM_3268,Telangana,Sangareddy,Barley,Rabi,5.2,486.7,21.4,57.3,5.6,6.55,39.5,132,36,35,Sprinkler,209,2.5,83,5.07,26.1,13495,303003,352220,49217,6901.4,7.35,40.7
FARM_3269,Andhra Pradesh,Krishna,Mustard,Rabi,6.6,427.6,25.6,58.6,8.8,7.29,36,126,57,24,Rainfed,216,1.9,81,4.87,31.37,16462,413242,516413,103171,6529.7,7.46,44.9
FARM_3270,Madhya Pradesh,Jabalpur,Gram,Rabi,11.6,451.2,24.2,54.9,10.4,6.95,41,106,68,43,Rainfed,181,2.1,84,5.63,65.62,15391,882337,1009957,127620,5352.3,10.52,39.4
FARM_3271,Haryana,Rohtak,Barley,Rabi,9,528.1,27.4,67.6,8.4,6.44,52.7,117,34,45,Drip,181,2.3,79,5.25,49.42,15917,591308,786618,195310,5665.6,9.27,45.9
FARM_3272,Tamil Nadu,Tiruchirappalli,Barley,Rabi,7.7,477,27,62.4,7.4,6.9,51.9,138,69,44,Rainfed,191,1.8,70,5.11,44.67,15578,564794,695869,131075,7303.8,7,49.3
FARM_3273,Punjab,Jalandhar,Potato,Rabi,6.1,532.1,17.9,41.2,6.9,6.43,39.9,119,81,52,Rainfed,183,2.8,90,3.89,25.8,15433,392379,398171,5792,5943,6.55,41
FARM_3274,Haryana,Kurukshetra,Gram,Rabi,9.3,535.3,24.5,60.9,8,7.05,32,112,34,53,Tube Well,175,2.6,78,5.04,47.97,12781,533419,613105,79686,6856.5,7.35,47
FARM_3275,Punjab,Bathinda,Barley,Rabi,8.1,280.1,24.2,52.7,7.1,6.75,48,120,46,35,Rainfed,226,1.3,74,5.45,43.07,14417,532842,620940,88098,4774,11.42,50.4
FARM_3276,Gujarat,Junagadh,Barley,Rabi,9.3,318.9,26.2,68.1,5.3,6.99,50.6,92,51,44,Rainfed,205,2.4,79,5.71,49.18,15351,663348,754962,91614,4732.3,12.07,37.9
FARM_3277,Madhya Pradesh,Indore,Barley,Rabi,9.8,548.6,23,67.1,7.2,7.24,39.6,83,63,41,Tube Well,155,2.6,80,5.08,49.51,14591,665551,722400,56849,5251.4,9.67,45.1
FARM_3278,Madhya Pradesh,Bhopal,Mustard,Rabi,8.4,320.3,24,52.6,8.2,6.65,41.4,116,42,73,Canal,182,1.7,81,3.78,30.75,15738,353838,483944,130106,5590.5,6.76,40.6
FARM_3279,Madhya Pradesh,Jabalpur,Gram,Rabi,6.3,475.9,21.3,61.7,6.6,6.42,46.1,91,90,53,Rainfed,173,2.5,91,4.77,28.22,16526,337166,466364,129198,5439,8.77,50.9
FARM_3280,Madhya Pradesh,Jabalpur,Wheat,Rabi,7.6,512.4,26,66.1,7.7,7.17,57.1,139,63,35,Rainfed,215,3,77,4.06,31.54,13041,357663,411313,53650,4771.7,8.51,39.7
FARM_3281,Gujarat,Junagadh,Mustard,Rabi,8.3,487.9,19.6,66.2,5.1,6.38,41.9,93,53,45,Rainfed,188,2.6,77,4.18,31.74,14451,375325,458675,83350,6223.4,6.72,48.6
FARM_3282,Gujarat,Rajkot,Mustard,Rabi,5.5,417.7,21.9,62.4,7,6.86,57.1,102,47,50,Canal,170,2.4,86,3.35,18.77,13797,211510,258970,47460,6479.6,5.17,46.7
FARM_3283,Haryana,Kurukshetra,Wheat,Rabi,7.1,323.1,24.4,55.5,8,6.1,39.4,93,21,42,Canal,129,1.7,72,5.51,36.98,16115,472953,595933,122980,5147.2,10.7,46.8
FARM_3284,Karnataka,Belagavi,Potato,Rabi,9.6,487.6,24.5,46.1,7.6,6.96,47.5,106,73,52,Tube Well,181,3.2,74,6.02,56.34,15916,681276,896707,215431,6119.6,9.84,43.3
FARM_3285,Uttar Pradesh,Kanpur,Mustard,Rabi,7.8,357.2,26.6,68,8.9,6.79,41.3,102,61,32,Rainfed,217,3.3,81,4.55,35.68,15283,496675,545297,48622,5488,8.29,45.4
FARM_3286,Andhra Pradesh,Kurnool,Barley,Rabi,7.2,385.8,26.5,56.2,6.2,6.62,47.9,120,51,34,Sprinkler,149,2.3,83,5.27,36.1,15543,454687,561102,106415,4655.9,11.32,46.1
FARM_3287,Karnataka,Mysuru,Mustard,Rabi,11,436.6,22.3,54.5,5.3,6.69,47.3,115,64,44,Drip,213,3,84,7.34,82.02,14679,1027487,1203972,176485,4716,15.56,31.2
FARM_3288,Tamil Nadu,Thanjavur,Potato,Rabi,5.7,396.1,21.7,70.5,6.6,7.66,40.3,111,63,47,Drip,182,2.3,85,4.66,26.98,16101,362570,434405,71835,5610.6,8.31,41.5
FARM_3289,Haryana,Rohtak,Mustard,Rabi,8.4,431.7,23.9,61.4,4.9,6.4,52,111,78,44,Drip,145,2.2,86,4.69,37.82,17074,447151,645739,198588,6833.5,6.86,40
FARM_3290,Karnataka,Belagavi,Mustard,Rabi,6.7,350.9,25.9,53.4,4.8,6.63,49.1,158,62,49,Canal,245,2.8,82,5.27,36.77,17081,438209,628068,189859,6884.9,7.65,40.5
FARM_3291,Telangana,Rangareddy,Wheat,Rabi,9.7,305.6,21.2,56.1,6,7.04,48.1,102,50,43,Canal,153,2.5,79,5.41,54.74,14870,720263,813984,93721,5069.9,10.67,46.5
FARM_3292,Tamil Nadu,Madurai,Wheat,Rabi,6.6,523.2,26.3,58.7,7,7.52,38.5,89,84,45,Rainfed,174,2.4,85,6.05,41.38,15767,502486,652438,149952,4878.6,12.4,36.4
FARM_3293,Uttar Pradesh,Lucknow,Potato,Rabi,8.2,458.4,23.6,61,6.7,6.96,43.1,128,63,49,Drip,259,2.3,80,6.67,50.84,14950,612629,760058,147429,5452.2,12.23,36.7
FARM_3294,Uttar Pradesh,Kanpur,Wheat,Rabi,8.7,381.4,23.3,47.2,7.3,7.19,44.6,118,74,54,Rainfed,147,2.8,88,4.45,39.4,13461,490050,530363,40313,6766.3,6.58,29.1
FARM_3295,Telangana,Warangal,Gram,Rabi,9.1,456.8,25.8,38.5,7.2,5.98,52.1,179,64,34,Canal,203,2.7,84,5.45,50.86,16558,634233,842140,207907,2843.2,19.17,48.1
FARM_3296,Telangana,Warangal,Wheat,Rabi,7,372.3,23.9,62.2,6.8,6.92,38.9,158,42,32,Canal,155,1.6,77,5.13,34.23,16500,438816,564795,125979,5991.8,8.56,38
FARM_3297,Uttar Pradesh,Kanpur,Mustard,Rabi,5.4,459.1,23.5,68,7.6,7.4,55.7,108,57,44,Tube Well,109,2.1,81,4.99,24.94,14238,281108,355096,73988,4533.4,11.01,45.8
FARM_3298,Andhra Pradesh,Guntur,Barley,Rabi,8.8,440.5,22.3,62.5,5.3,6.63,48.2,115,51,36,Sprinkler,192,3.5,91,4.07,36.11,16516,419999,596393,176394,5558.3,7.32,48.6
FARM_3299,Gujarat,Rajkot,Potato,Rabi,7.9,422.9,22.1,51.5,7.1,6.22,34.8,109,49,52,Sprinkler,161,1.8,83,6.05,48.9,16843,644692,823623,178931,6563.2,9.22,44.4
FARM_3300,Punjab,Patiala,Mustard,Rabi,7.6,438.6,21.6,57.2,6.8,7.65,31.3,130,60,41,Drip,144,2.2,81,4.97,36.05,16928,445512,610254,164742,6173.9,8.05,37.7
FARM_3301,Andhra Pradesh,Anantapur,Gram,Rabi,8.5,374.8,25,50.5,9,6.52,54.6,110,57,48,Tube Well,247,2.8,87,4.1,34.14,14549,386817,496703,109886,6257.9,6.55,43.1
FARM_3302,Gujarat,Rajkot,Mustard,Rabi,8.9,430,22.6,53.4,7.3,7.13,54.4,114,56,39,Tube Well,192,2.3,77,3.8,34.49,16753,436476,577811,141335,5217.1,7.28,34.8
FARM_3303,Karnataka,Belagavi,Barley,Rabi,10.5,506.5,21.4,51.9,7.8,6.53,38.2,115,55,49,Sprinkler,200,2.3,93,4.82,51.98,15679,682662,814994,132332,5103,9.45,42.7
FARM_3304,Karnataka,Dharwad,Potato,Rabi,7.9,400.4,26,60.7,7.7,7.12,52.5,89,49,41,Tube Well,158,1.8,75,4.87,38.69,14496,473589,560850,87261,5428.8,8.97,36.1
FARM_3305,Telangana,Warangal,Wheat,Rabi,5.7,505.1,24.6,70,7.5,6.42,47.8,153,46,44,Tube Well,217,3.1,87,4.67,26.33,15264,292206,401901,109695,5498.8,8.49,41
FARM_3306,Telangana,Rangareddy,Barley,Rabi,7.4,350.3,27.8,71,8.8,6.96,43.1,103,61,42,Rainfed,170,3.1,96,5.6,40.56,15579,492262,631884,139622,4552.6,12.3,49.6
FARM_3307,Gujarat,Junagadh,Barley,Rabi,9.3,323.8,24.8,61.5,6.4,6.29,51.7,135,51,44,Rainfed,193,1.9,87,5.02,46.35,13512,583780,626281,42501,5586.5,8.99,53.3
FARM_3308,Andhra Pradesh,Guntur,Gram,Rabi,9.8,515.8,18.2,56,6.6,6.72,46.2,104,50,47,Drip,188,0.5,89,5.35,54.08,12983,613353,702121,88768,5598.2,9.56,47
FARM_3309,Maharashtra,Nagpur,Wheat,Rabi,11.4,392.2,22.2,61.7,8,7.2,40.8,125,44,24,Canal,170,2.4,75,5.68,62.26,16747,833817,1042668,208851,5817.7,9.76,39.3
FARM_3310,Gujarat,Vadodara,Barley,Rabi,7.7,425.7,25,52.2,9.4,7.17,38.7,108,44,46,Rainfed,240,2.5,80,5.84,41.46,15024,596219,622895,26676,6023,9.7,34.9
FARM_3311,Maharashtra,Solapur,Wheat,Rabi,8.1,313.6,27.8,56.6,7.6,6.6,48.1,141,69,46,Tube Well,129,2.6,76,9.93,72.95,15683,784556,1144075,359519,6961.7,14.26,40.8
FARM_3312,Haryana,Hisar,Barley,Rabi,7.8,426.2,23.4,71.6,7.6,6.49,35.8,133,62,48,Tube Well,237,2.8,89,5.67,42.74,13065,481319,558398,77079,3910.8,14.5,33.5
FARM_3313,Haryana,Hisar,Wheat,Rabi,9.3,334.3,23.6,44.8,7,6.71,40.9,152,18,56,Canal,214,2.5,84,4.63,42.52,16078,452241,683637,231396,5190.7,8.92,26.8
FARM_3314,Uttar Pradesh,Kanpur,Barley,Rabi,8.9,466.9,23,62.4,7.8,6.94,44.8,149,44,49,Tube Well,204,2.2,82,5.13,43.03,18648,536370,802423,266053,5379.2,9.54,44.2
FARM_3315,Telangana,Sangareddy,Gram,Rabi,8.2,398.1,20.2,62,7.5,7.04,42.2,151,66,42,Rainfed,208,2.2,76,4.34,33.99,15763,425458,535784,110326,5324.1,8.15,39
FARM_3316,Maharashtra,Nashik,Barley,Rabi,6.3,436.4,23,57.3,6.4,6.84,30.3,150,62,40,Rainfed,192,2.4,92,4.69,27.24,14576,342943,397050,54107,7174.9,6.54,36.9
FARM_3317,Gujarat,Vadodara,Gram,Rabi,7.9,434.1,25.4,66,6.9,7.09,39.4,162,61,33,Rainfed,136,1.8,97,5.93,47.37,13820,572900,654653,81753,5281,11.23,40.9
FARM_3318,Telangana,Nalgonda,Barley,Rabi,8.3,538.5,22.9,53.7,7,6.58,32.4,102,60,46,Drip,170,2.4,82,5.15,39.53,16352,512179,646395,134216,6432.2,8.01,46
FARM_3319,Punjab,Patiala,Gram,Rabi,5.3,224.9,20.6,54.6,6.7,6.81,45.2,78,80,30,Rainfed,142,2.4,74,5.86,30.18,16361,362556,493775,131219,6225.4,9.41,26.8
FARM_3320,Andhra Pradesh,Guntur,Mustard,Rabi,8,434.3,21,56.9,7,6.9,19.3,104,40,46,Sprinkler,157,1.3,67,5.36,42.49,15555,519542,660932,141390,5701.7,9.4,52.2
FARM_3321,Tamil Nadu,Salem,Mustard,Rabi,6.7,369.5,24.4,48.5,7.7,7.59,32.9,125,54,52,Tube Well,166,2.1,82,4.58,31.95,15207,434282,485864,51582,8368.2,5.47,35.9
FARM_3322,Uttar Pradesh,Kanpur,Wheat,Rabi,10.3,339,23.5,57.7,7.7,6.8,49.7,135,58,57,Canal,162,1.8,84,4.7,49.5,15180,539788,751410,211622,5154.2,9.12,42.5
FARM_3323,Haryana,Kurukshetra,Gram,Rabi,6.6,432,20.9,60.7,6.8,7.15,40.6,105,42,32,Tube Well,170,1.7,89,3.01,19.73,16232,244479,320257,75778,5967.2,5.04,36.8
FARM_3324,Gujarat,Surat,Gram,Rabi,10,419.2,21.2,54,5.7,6.98,41.8,132,31,49,Tube Well,216,3.1,87,4.16,41.61,14183,510762,590155,79393,4620.5,9,48
FARM_3325,Maharashtra,Solapur,Wheat,Rabi,7.6,524.5,23.5,52.8,8.4,7.32,40.9,98,63,42,Sprinkler,196,1.6,80,6.06,44.71,16069,385736,718445,332709,6561.2,9.24,41.1
FARM_3326,Haryana,Ambala,Barley,Rabi,6.4,427.2,26.5,45.8,5.9,5.89,50.5,132,41,56,Canal,170,1.7,89,5.11,32.75,15286,402889,500617,97728,5614.3,9.1,50.3
FARM_3327,Madhya Pradesh,Gwalior,Wheat,Rabi,7.7,509.8,24.1,39.6,6.6,6.54,44.7,133,56,32,Tube Well,162,3.1,80,6.54,51.83,14374,618726,745004,126278,6854.5,9.54,31.9
FARM_3328,Uttar Pradesh,Agra,Gram,Rabi,7.9,374.2,22.7,59.1,7,6.76,62.7,151,35,69,Tube Well,215,2,97,4.63,35.58,15898,427702,565651,137949,5873.6,7.88,54.2
FARM_3329,Madhya Pradesh,Indore,Barley,Rabi,4,326,22.2,67.7,7.2,6.28,41.9,137,48,36,Canal,217,2,76,4.53,18.55,17360,260523,322028,61505,5577.3,8.12,45.9
FARM_3330,Maharashtra,Aurangabad,Potato,Rabi,5.8,406.2,22.9,52.7,7.4,6.22,33.6,148,48,41,Drip,112,2,77,4.47,25.11,17484,261537,439023,177486,5601.6,7.98,44.6
FARM_3331,Punjab,Jalandhar,Mustard,Rabi,7.8,418.4,25,62.9,7.9,6.39,43.1,152,47,35,Drip,166,3.5,85,5.16,43.21,14045,513373,606884,93511,6468,7.98,43.3
FARM_3332,Haryana,Kurukshetra,Wheat,Rabi,9,362.6,22.7,70.7,5.6,7.19,40.1,136,59,50,Tube Well,192,2.4,80,5.49,51.03,14293,674204,729372,55168,6563.6,8.36,51.5
FARM_3333,Madhya Pradesh,Ujjain,Gram,Rabi,8.3,460.8,21.4,52.6,9,7,61.8,111,46,42,Rainfed,213,3.3,83,5.4,43.64,15640,581509,682530,101021,6152.9,8.78,37.6
FARM_3334,Gujarat,Ahmedabad,Wheat,Rabi,8.4,503.3,19.7,55.6,6.6,6.48,49.7,129,51,36,Drip,184,1.4,79,5.33,41.77,13845,487897,578306,90409,5727.3,9.31,45.6
FARM_3335,Tamil Nadu,Tiruchirappalli,Wheat,Rabi,8.4,398.3,20.4,54.4,8.5,6.72,41.1,112,73,38,Sprinkler,164,3.2,86,4.41,33.76,15647,424543,528243,103700,6876.1,6.41,27.3
FARM_3336,Gujarat,Vadodara,Mustard,Rabi,8.2,469.8,23.5,42.9,8.1,6.4,49.8,166,64,30,Sprinkler,179,1.7,89,6.47,54.81,15992,636042,876522,240480,6843.2,9.45,43.3
FARM_3337,Telangana,Rangareddy,Gram,Rabi,12.4,256.2,23.8,62.1,6.1,5.58,45.3,120,73,38,Canal,161,3.1,72,6.14,78.88,14366,990549,1133190,142641,5374.4,11.42,40
FARM_3338,Haryana,Hisar,Gram,Rabi,11.7,530.2,23,64.4,6.3,6.02,47.8,83,73,37,Tube Well,156,2.3,76,5.83,70.11,14452,915800,1013230,97430,5085.9,11.46,45.4
FARM_3339,Madhya Pradesh,Gwalior,Gram,Rabi,10.5,531.5,24.8,66.7,8,6.3,35.5,84,51,31,Rainfed,176,2.6,81,4.52,46.98,16174,564715,759855,195140,4899.7,9.23,47.9
FARM_3340,Telangana,Medak,Gram,Rabi,4.2,374.7,23.9,53.7,6.7,6.66,45.8,72,30,45,Sprinkler,157,2.2,84,5.31,23.79,15628,244527,371790,127263,6931.2,7.66,30.2
FARM_3341,Andhra Pradesh,Guntur,Gram,Rabi,9.5,450.8,22.6,50,7.3,6.59,29.4,113,55,66,Canal,253,2,78,4.98,40.91,14675,507988,600354,92366,6479.6,7.69,41.3
FARM_3342,Andhra Pradesh,Guntur,Potato,Rabi,7.8,460.6,24.1,57.8,7.4,6.84,46.1,159,56,34,Tube Well,153,3,84,6.58,48.21,14629,659836,705264,45428,5831.4,11.28,31.8
FARM_3343,Telangana,Nalgonda,Gram,Rabi,10,500.3,21.5,59.7,8.7,7.15,51.8,87,44,44,Canal,190,0.7,77,4.97,47.17,16483,612966,777503,164537,6203.1,8.01,45.9
FARM_3344,Maharashtra,Solapur,Wheat,Rabi,2.8,392.5,24.6,42.2,6.9,6.21,58.2,135,63,58,Drip,241,3.2,81,4.26,13.05,14749,168958,192474,23516,6272.7,6.79,40.9
FARM_3345,Uttar Pradesh,Kanpur,Potato,Rabi,7.9,391.7,19.9,54.8,7.3,6.62,34.8,92,64,44,Tube Well,137,2.2,84,6.09,51.78,16283,605023,843134,238111,5405.4,11.27,29.5
FARM_3346,Andhra Pradesh,Krishna,Gram,Rabi,9,515,21.5,65.8,7.5,7.09,54.2,96,73,40,Tube Well,250,2.6,85,5.47,49.88,16818,612171,838882,226711,5292.4,10.34,35.4
FARM_3347,Karnataka,Raichur,Gram,Rabi,10.9,475.9,21.2,63.7,8.5,7.41,46.1,123,57,49,Canal,180,3.3,70,6.24,64.82,15476,769552,1003154,233602,6740.9,9.26,39.1
FARM_3348,Karnataka,Dharwad,Potato,Rabi,9.9,288.4,26.4,56,7.1,6.68,51.1,77,47,42,Drip,154,2.5,89,4.95,46.13,14655,589298,676035,86737,5727.3,8.64,31.9
FARM_3349,Madhya Pradesh,Jabalpur,Mustard,Rabi,8.8,437.5,21.8,62.9,7.9,6.5,47.8,137,33,45,Canal,138,3,89,5.42,48.68,15714,662591,764958,102367,6527,8.3,48.4
FARM_3350,Gujarat,Rajkot,Wheat,Rabi,4.3,404.8,22.9,59.7,9.6,6.24,38.7,131,73,34,Drip,171,3.3,80,6.02,24.71,13370,272149,330373,58224,6284.4,9.58,51.8
FARM_3351,Tamil Nadu,Thanjavur,Gram,Rabi,10.1,546,20.4,75.7,7.4,6.79,39.2,133,39,50,Rainfed,173,3.4,86,5.51,60.24,15551,707296,936792,229496,5152.7,10.69,54.6
FARM_3352,Telangana,Nalgonda,Gram,Rabi,5.6,417.2,19.1,53.3,7,7.1,50.3,85,47,62,Tube Well,177,3.5,92,3.69,21.14,15977,282355,337754,55399,6183.9,5.97,43
FARM_3353,Telangana,Nalgonda,Gram,Rabi,7,355.5,24.9,61.7,7.2,7.26,53.8,77,53,34,Rainfed,196,3.2,81,6.05,44.68,14245,579796,636467,56671,5209.3,11.61,29.2
FARM_3354,Andhra Pradesh,Krishna,Wheat,Rabi,9.2,542.1,21.8,45.3,6.9,6.49,43.2,107,90,36,Drip,150,1.5,90,5.59,52.66,14470,673966,761990,88024,6004.2,9.31,26.5
FARM_3355,Gujarat,Ahmedabad,Potato,Rabi,10.2,484,22.4,54.1,7,7.22,47.2,133,48,39,Canal,190,2.7,84,5.03,53.39,14869,660696,793856,133160,5481.9,9.18,42.7
FARM_3356,Maharashtra,Solapur,Wheat,Rabi,9.1,569.5,24.3,64.6,5.6,6.33,43.5,75,62,43,Tube Well,197,2.9,85,2.33,20.82,13509,283893,281257,-2636,5897.6,3.95,44.9
FARM_3357,Andhra Pradesh,Guntur,Wheat,Rabi,10.5,391.5,22.3,58.9,7.1,7.05,48.7,87,35,42,Drip,142,2.4,84,4.9,55.06,15354,670987,845391,174404,6461.8,7.58,35.8
FARM_3358,Tamil Nadu,Tiruchirappalli,Wheat,Rabi,7,317.6,15.9,44.9,8.3,7.14,46.3,100,58,65,Canal,200,2.5,75,5.18,35.51,15708,462740,557791,95051,5563.3,9.31,42.1
FARM_3359,Uttar Pradesh,Agra,Barley,Rabi,4.8,352.5,26.3,48.8,5.6,7.01,50.1,89,57,57,Tube Well,161,3.5,89,3.95,18.65,14031,240146,261678,21532,5669,6.97,54.6
FARM_3360,Telangana,Warangal,Wheat,Rabi,8.4,408.1,21.9,53.8,6.7,6.59,42.9,98,47,44,Canal,156,2.2,78,4.67,38.36,14648,448183,561897,113714,4611.1,10.13,40.3
FARM_3361,Uttar Pradesh,Agra,Mustard,Rabi,8.1,398.6,26.4,59.6,8.5,5.94,47,146,54,57,Drip,133,3,81,5.37,45.78,17139,515612,784623,269011,6076.2,8.84,40.6
FARM_3362,Punjab,Bathinda,Wheat,Rabi,10.3,448.6,21.5,46.1,6.8,6.34,55.4,122,47,37,Canal,185,2.9,72,4.55,47.1,15568,521514,733253,211739,5554.6,8.19,37.2
FARM_3363,Gujarat,Surat,Mustard,Rabi,5.8,501.7,22.6,64.3,5.7,6.56,47.1,131,69,36,Tube Well,199,3.9,90,4.03,23.24,15787,277090,366890,89800,6396,6.3,25.9
FARM_3364,Maharashtra,Nagpur,Gram,Rabi,9.7,416,23.5,44.3,7.3,6.6,51,96,62,51,Canal,170,2.3,86,5.09,49.09,17703,530821,869040,338219,6908,7.37,46.7
FARM_3365,Andhra Pradesh,Krishna,Gram,Rabi,7.5,417.4,22.8,53.4,7.4,7.05,42.4,90,61,44,Drip,190,2.3,76,5.69,40.82,14801,538991,604177,65186,5137.4,11.08,36.4
FARM_3366,Madhya Pradesh,Gwalior,Gram,Rabi,5.2,308.2,26.1,51.7,6,6.36,42.7,126,55,44,Rainfed,219,1.8,84,4.54,23.33,15007,297198,350113,52915,6799.5,6.68,42.7
FARM_3367,Karnataka,Mysuru,Wheat,Rabi,7.3,393,20.4,54.7,7.3,6.83,32.4,135,36,42,Rainfed,172,2.3,84,4.97,40.18,15737,512891,632313,119422,4579.6,10.85,35
FARM_3368,Karnataka,Mysuru,Gram,Rabi,10.9,483,21.3,78.1,6.1,5.55,46,137,60,39,Rainfed,182,1.7,81,3.73,40.5,16961,522480,686921,164441,6266.2,5.95,41.2
FARM_3369,Haryana,Karnal,Gram,Rabi,6.9,523.1,23.3,77.1,7.5,6.78,52.3,118,46,52,Sprinkler,166,2,77,4.56,35.22,15434,426993,543585,116592,6489.3,7.03,39.2
FARM_3370,Telangana,Sangareddy,Gram,Rabi,4.8,530.3,25.6,48.3,8.4,7.16,49.7,106,39,48,Rainfed,177,2.9,84,6.98,35.91,15318,408340,550069,141729,5032.4,13.87,39.8
FARM_3371,Andhra Pradesh,Krishna,Potato,Rabi,8,294.9,28,46.8,6.7,6.86,41.2,98,44,48,Tube Well,202,2.1,76,6.68,49.57,15872,579750,786775,207025,5699.3,11.72,37.7
FARM_3372,Uttar Pradesh,Agra,Gram,Rabi,6.5,407.2,24.9,62.5,8,6.83,54,122,40,52,Drip,161,2.8,82,6.13,43.06,14975,513084,644824,131740,5691.5,10.77,45.4
FARM_3373,Tamil Nadu,Coimbatore,Barley,Rabi,5.2,456.8,23.5,55.5,5.3,7.4,27.1,135,80,49,Sprinkler,198,2,91,6.36,30.13,14755,362542,444568,82026,4777.1,13.31,37.6
FARM_3374,Andhra Pradesh,Chittoor,Wheat,Rabi,7.2,416,22.1,64.7,6.5,6.52,38,107,57,49,Sprinkler,179,2.4,84,3.89,30.1,14877,335495,447798,112303,6977.8,5.57,50.3
FARM_3375,Andhra Pradesh,Anantapur,Gram,Rabi,9.1,426.3,27.4,51.3,7.8,7.23,52.5,132,62,57,Sprinkler,152,2.7,91,4.59,46.04,15527,586773,714863,128090,5804.4,7.91,54.9
FARM_3376,Uttar Pradesh,Kanpur,Barley,Rabi,9.5,490.9,24.8,49.9,7.1,6.56,38.3,169,55,33,Drip,203,2,78,5.92,60.13,16150,767949,971100,203151,5603.4,10.57,31.4
FARM_3377,Madhya Pradesh,Jabalpur,Gram,Rabi,12.7,427.4,26.1,59.9,7.6,6.53,42,114,51,43,Drip,216,2.4,74,5.1,64.07,15785,796544,1011345,214801,5834.6,8.74,30.7
FARM_3378,Maharashtra,Pune,Wheat,Rabi,10.2,355.7,26.4,45.5,6.5,6.86,46.3,111,49,44,Sprinkler,145,2.7,77,5.56,58.65,13515,768760,792655,23895,5355.3,10.38,39.7
FARM_3379,Uttar Pradesh,Meerut,Mustard,Rabi,6.3,494.1,26.4,72,7.8,6.9,51.5,144,79,28,Rainfed,164,2.6,78,4.51,27.57,15358,283298,423420,140122,6028.9,7.48,40.1
FARM_3380,Telangana,Warangal,Mustard,Rabi,11.4,505,26.2,45.4,6.8,6.47,27.3,116,54,42,Sprinkler,145,2.3,72,4.76,57.01,16448,722533,937700,215167,5178,9.19,36.9
FARM_3381,Haryana,Karnal,Potato,Rabi,9.7,399.7,21.3,50.3,5.5,5.7,40.8,87,57,52,Rainfed,178,2.8,87,5.18,51.89,13869,687328,719662,32334,6276.7,8.25,38
FARM_3382,Punjab,Patiala,Mustard,Rabi,8,475.5,24.2,61.2,7.1,6.26,60.3,99,44,49,Drip,192,2.6,78,5.48,43.74,16799,555100,734788,179688,7146.7,7.67,46.7
FARM_3383,Maharashtra,Nagpur,Potato,Rabi,7.8,380.7,25.7,54.4,7.9,6.82,52.3,119,53,31,Canal,195,2.8,79,4.81,41.89,15723,505013,658636,153623,7062.2,6.81,47.3
FARM_3384,Karnataka,Belagavi,Barley,Rabi,10.3,441.4,22.8,53.2,5.8,6.34,32.9,136,66,46,Canal,158,2.2,74,5.97,57.47,14782,697265,849522,152257,5642.2,10.58,35
FARM_3385,Karnataka,Raichur,Potato,Rabi,6.4,452.5,21.7,61.6,8.7,6.4,42.4,118,40,65,Drip,188,2.8,77,5.06,32.87,15971,394148,524967,130819,6368.7,7.95,43.5
FARM_3386,Uttar Pradesh,Meerut,Wheat,Rabi,5.7,391.7,23.6,61.5,7.8,7.4,34.5,127,59,36,Drip,129,2.2,79,5.59,31.77,15222,428332,483603,55271,5756.8,9.71,30.2
FARM_3387,Tamil Nadu,Tiruchirappalli,Wheat,Rabi,7.9,351.9,18.4,43.5,7.2,6.97,44.1,149,66,46,Sprinkler,199,3.7,98,3.92,30.84,13934,383688,429725,46037,6183.7,6.34,49.8
FARM_3388,Uttar Pradesh,Varanasi,Mustard,Rabi,5.7,440,23.1,68.3,7.1,6.02,45.5,133,37,47,Sprinkler,186,2.4,81,5.35,31.97,13793,417398,440962,23564,5757.5,9.29,32.6
FARM_3389,Haryana,Karnal,Mustard,Rabi,8.1,402.6,22.6,51.2,9.1,6.83,58.6,115,40,46,Drip,146,2.4,80,6.3,49.55,15514,630942,768719,137777,6087,10.35,31
FARM_3390,Maharashtra,Aurangabad,Barley,Rabi,11.9,418.3,24.9,51.9,8.4,6.88,46.1,136,62,40,Drip,208,2.7,81,4.51,50.75,16104,687647,817278,129631,6199.4,7.27,36.6
FARM_3391,Telangana,Medak,Potato,Rabi,6.2,380.5,21.7,62.3,8,7.44,46.8,114,60,57,Sprinkler,182,2.7,65,4.89,27.9,15208,402649,424303,21654,5192.9,9.42,37.9
FARM_3392,Punjab,Jalandhar,Gram,Rabi,7.5,441.5,24,51.8,5.3,7.17,41.2,127,49,38,Tube Well,153,2.2,81,5.33,40.05,12902,501923,516725,14802,5775.5,9.23,32.7
FARM_3393,Tamil Nadu,Tiruchirappalli,Gram,Rabi,6.9,471,23.8,55.5,7,6.86,56.8,127,58,28,Rainfed,119,2.2,82,4.93,32.64,14404,391621,470147,78526,3993.4,12.35,42.8
FARM_3394,Uttar Pradesh,Agra,Wheat,Rabi,8.7,508.9,26.8,65,7,6.58,37.3,139,48,48,Tube Well,174,2.5,88,4.64,40.07,14595,474151,584822,110671,6051.9,7.67,42.9
FARM_3395,Telangana,Warangal,Barley,Rabi,7.5,507.1,23.7,59.5,8.1,6.78,40.3,144,46,41,Tube Well,172,2.5,80,4.45,35.03,14438,444913,505763,60850,5962.2,7.46,31.1
FARM_3396,Madhya Pradesh,Ujjain,Wheat,Rabi,5.9,498.3,21.8,46.7,7.6,7.14,37.8,111,50,48,Canal,185,2.2,79,5.29,31.91,12845,374749,409884,35135,5713.4,9.26,37.7
FARM_3397,Telangana,Warangal,Gram,Rabi,5.8,417.7,24.9,46.8,6,7.75,31.3,124,69,45,Tube Well,183,1.9,91,5.28,30.11,16001,360861,481790,120929,6117.1,8.63,39.2
FARM_3398,Gujarat,Rajkot,Gram,Rabi,9.8,558.5,21,67.9,9,6.57,42.8,95,52,38,Tube Well,194,2.6,81,5.96,62.77,16317,751105,1024218,273113,6641.8,8.97,45.5
FARM_3399,Haryana,Rohtak,Barley,Rabi,8.4,357.6,24.9,57.9,6.7,7.38,38.5,133,62,42,Canal,180,3.1,85,4.74,41.53,14400,516789,598032,81243,5615.4,8.44,36.7
FARM_3400,Andhra Pradesh,Guntur,Gram,Rabi,3.7,313.6,23.1,60.8,6.6,7.27,31.1,80,54,37,Rainfed,181,1.8,86,4.86,17.87,15674,218446,280094,61648,6590.3,7.37,30.5
FARM_3401,Uttar Pradesh,Lucknow,Potato,Rabi,6.9,376.5,16.6,50.4,5.2,6.65,48.1,119,65,43,Sprinkler,140,3.1,90,9.36,58.14,14281,830075,830297,222,3452.8,27.11,40.7
FARM_3402,Karnataka,Belagavi,Mustard,Rabi,3.3,389.9,19.7,58.3,7.3,6.91,42.4,120,50,46,Canal,170,3.1,90,6.45,20.68,15959,265009,330032,65023,4959.6,13.01,40.5
FARM_3403,Tamil Nadu,Tiruchirappalli,Mustard,Rabi,8.3,485.7,21.9,48.2,7.6,7.22,37.4,151,57,48,Tube Well,208,2.6,76,6.34,56.13,14521,663851,815064,151213,5838.2,10.86,30.3
FARM_3404,Uttar Pradesh,Varanasi,Wheat,Rabi,6.3,479.3,29.4,44.1,7.1,6.25,49.2,141,48,49,Canal,184,3.3,82,4.34,27.88,16303,353562,454528,100966,5660.7,7.67,39.3
FARM_3405,Karnataka,Dharwad,Barley,Rabi,3.8,522.1,22.3,74,6.8,7.03,37.3,125,52,46,Rainfed,160,2.7,81,4.75,19.02,14658,211279,278795,67516,5299.8,8.96,36.3
FARM_3406,Gujarat,Ahmedabad,Mustard,Rabi,8.1,484,25.7,64.8,7.5,6.34,54.2,125,58,29,Rainfed,122,2.3,85,6.07,47.12,13411,542418,631926,89508,5672.9,10.7,36.2
FARM_3407,Maharashtra,Nashik,Gram,Rabi,8.2,339.1,24.1,45.4,8.4,7.32,41.5,130,54,46,Canal,177,1.9,77,4.43,37.73,14488,484650,546632,61982,5698.1,7.77,37.7
FARM_3408,Maharashtra,Solapur,Gram,Rabi,8.5,561.2,22.4,53.4,6.3,7.52,42.3,128,59,49,Sprinkler,167,3.5,82,4.59,38.11,13065,339978,497907,157929,6046.2,7.59,36.7
FARM_3409,Gujarat,Rajkot,Gram,Rabi,8.6,419.9,28.4,44.7,8.4,7.37,33.7,106,26,52,Canal,182,2.3,81,5.1,44.08,15861,598620,699153,100533,4949.1,10.3,40.6
FARM_3410,Karnataka,Raichur,Gram,Rabi,5.9,389.8,25.3,61.1,7.4,6.97,44.7,132,50,37,Tube Well,203,2.3,85,5.09,29.42,14868,355038,437417,82379,6353.5,8.01,44.6
FARM_3411,Haryana,Karnal,Barley,Rabi,6.8,246,23.1,76.1,6,7.38,55.6,130,61,41,Drip,173,2.1,78,5.17,35.66,13054,481150,465506,-15644,4570.8,11.31,43.1
FARM_3412,Maharashtra,Nagpur,Potato,Rabi,8.1,458.3,19.8,60.8,8,7.04,46,154,62,48,Drip,191,3.8,76,5.67,46.78,13781,530879,644675,113796,5093.9,11.13,47.9
FARM_3413,Gujarat,Ahmedabad,Mustard,Rabi,10.7,433.8,22.3,51.7,6.2,6.77,41.9,116,71,61,Canal,215,2.3,87,6.6,71.98,15137,966262,1089561,123299,5615,11.75,53.7
FARM_3414,Andhra Pradesh,Guntur,Potato,Rabi,7.1,421.5,22.8,64.8,7.4,6.68,38.4,99,66,60,Drip,171,2.1,75,4.93,33.97,14235,420212,483563,63351,6759.6,7.29,42.5
FARM_3415,Madhya Pradesh,Jabalpur,Mustard,Rabi,9.3,397.6,22,57.6,7.2,6.64,39.3,119,57,57,Canal,141,3.6,87,3.49,34.16,14644,410654,500239,89585,5505.4,6.34,48.4
FARM_3416,Telangana,Warangal,Mustard,Rabi,7.4,410.4,23.8,51.7,7.5,7.06,39.6,129,48,47,Canal,188,0.8,87,5.61,45.56,14191,555275,646542,91267,7034.2,7.98,51.6
FARM_3417,Maharashtra,Nagpur,Gram,Rabi,8.2,254.2,20.7,63.1,7,7.26,33.8,108,42,50,Sprinkler,146,2.7,90,6.39,47.84,15237,566002,728938,162936,5509.3,11.6,47.4
FARM_3418,Punjab,Patiala,Barley,Rabi,10.9,389.9,24.1,57,6.9,6.42,35.3,98,48,41,Tube Well,124,1,76,4.58,49.27,15342,599324,755900,156576,5186.6,8.83,43.2
FARM_3419,Karnataka,Shimoga,Potato,Rabi,6.1,449.4,24.1,70.7,7.1,6.68,29.2,81,59,52,Tube Well,170,2.9,86,4.37,28.95,12696,375507,367549,-7958,5371.7,8.14,34.8
FARM_3420,Gujarat,Junagadh,Gram,Rabi,5.6,611.6,22.7,59.5,5.5,6.95,44.2,125,40,50,Sprinkler,177,2.3,85,6.05,32.27,14553,451150,469625,18475,5127.6,11.8,49.4
FARM_3421,Tamil Nadu,Salem,Barley,Rabi,5.3,459.7,24.2,59.6,5.8,6.58,48.6,144,74,39,Canal,231,1.4,86,4.46,23.34,16815,272042,392462,120420,5721.2,7.8,27.2
FARM_3422,Tamil Nadu,Coimbatore,Wheat,Rabi,7,418.7,24,82.2,7.6,8.16,45,158,65,40,Canal,201,2.9,72,4.66,33.56,16021,434277,537665,103388,5873.7,7.93,34.5
FARM_3423,Telangana,Warangal,Mustard,Rabi,9.9,538.8,25.8,55.5,7.8,7.7,47.4,132,37,38,Rainfed,165,2.5,81,4.78,50.85,15746,615380,800684,185304,3752.2,12.74,30.5
FARM_3424,Gujarat,Surat,Mustard,Rabi,9,467,19.2,48.9,8.5,6.36,53.7,118,68,56,Canal,196,2.6,79,6.23,59.57,14515,746629,864659,118030,6350.6,9.81,37.1
FARM_3425,Tamil Nadu,Tiruchirappalli,Gram,Rabi,8,444,28.1,56.8,6.3,7.28,42.5,74,60,52,Drip,153,2.4,81,5.82,44.6,16118,552187,718863,166676,6019.4,9.67,48
FARM_3426,Punjab,Patiala,Mustard,Rabi,7.2,425.6,25.8,48.3,6.7,6.5,45.4,121,65,51,Sprinkler,148,3.2,74,4.58,32.02,13861,352097,443829,91732,5841.8,7.84,50.1
FARM_3427,Punjab,Amritsar,Barley,Rabi,3.3,383.9,26.2,63.7,8,6.49,31.2,150,64,51,Drip,104,2,88,4.42,14.45,16259,163911,234943,71032,5825.8,7.59,50.3
FARM_3428,Karnataka,Shimoga,Potato,Rabi,7.7,470.3,19.5,62.7,6.5,6.8,56.3,126,42,46,Canal,175,2.6,81,5.2,40.21,13919,516480,559683,43203,6072.7,8.56,40.6
FARM_3429,Madhya Pradesh,Indore,Mustard,Rabi,9.7,411.8,20.4,50.7,9.2,7.18,36.8,102,51,36,Rainfed,171,3.1,93,4.58,44.89,13120,526930,588957,62027,4495.9,10.19,49.2
FARM_3430,Telangana,Rangareddy,Barley,Rabi,5.1,486.3,26.6,57.7,8.1,6.13,49.3,142,47,31,Rainfed,182,1.7,87,6.07,28.34,16238,347621,460185,112564,5105.9,11.89,24.3
FARM_3431,Madhya Pradesh,Gwalior,Gram,Rabi,8.3,448.5,19,56.3,7.6,6.86,48.3,123,50,62,Rainfed,191,1.6,82,5.91,51.12,16107,624237,823390,199153,5653.1,10.45,32.3
FARM_3432,Uttar Pradesh,Kanpur,Potato,Rabi,8.2,392.8,26.9,57.3,7.5,6.61,41.4,118,41,47,Tube Well,99,0.8,85,5.75,48.33,15158,533130,732586,199456,6612.2,8.7,37.8
FARM_3433,Tamil Nadu,Madurai,Mustard,Rabi,7.6,541.6,30.1,61.2,6.9,6.87,42,151,43,30,Sprinkler,178,2.7,84,4.32,32.56,16514,422573,537696,115123,5798.1,7.45,51.7
FARM_3434,Uttar Pradesh,Kanpur,Wheat,Rabi,7.5,411,20.8,67,4.8,7.04,59.3,134,73,45,Canal,210,2.3,82,5.24,38.6,14192,471494,547811,76317,4834,10.84,36.6
FARM_3435,Tamil Nadu,Salem,Barley,Rabi,6.9,439.6,24.7,70.8,7,7.45,44.3,142,36,49,Tube Well,182,3.5,83,4.83,35.56,14546,454772,517256,62484,6138.2,7.87,41.5
FARM_3436,Madhya Pradesh,Ujjain,Barley,Rabi,8.6,551.7,24.2,57.1,7.1,6.89,38.1,105,44,60,Canal,187,2.3,81,5.37,43.74,16814,533960,735444,201484,6608.4,8.13,29.9
FARM_3437,Haryana,Karnal,Barley,Rabi,7,535.4,27.4,58.1,8.7,7.31,41.7,101,45,42,Sprinkler,167,2.2,85,4.72,35.72,14812,388102,529085,140983,5502.2,8.58,41.8
FARM_3438,Tamil Nadu,Thanjavur,Wheat,Rabi,11.1,465.2,22.7,64.5,7.2,6.55,33.1,155,93,56,Tube Well,207,2.2,88,5.28,55.49,14054,596133,779856,183723,5164.3,10.22,38.5
FARM_3439,Gujarat,Surat,Wheat,Rabi,9.8,470.2,22,57.1,6.7,6.26,61.8,138,45,43,Canal,180,1.4,82,4.49,45.93,14786,500264,679121,178857,5921.9,7.58,44.2
FARM_3440,Karnataka,Raichur,Barley,Rabi,11.3,507.7,25.5,53.8,8.8,6.89,34.8,111,62,50,Sprinkler,215,1.5,84,5.85,71.22,14477,874693,1031052,156359,6697.6,8.73,49.7
FARM_3441,Gujarat,Ahmedabad,Barley,Rabi,7.6,423.3,20.3,63.3,8.2,7.08,43.1,93,23,64,Rainfed,198,2.6,73,6.24,49.44,14810,566182,732206,166024,5074,12.3,36
FARM_3442,Uttar Pradesh,Agra,Potato,Rabi,7.7,497.1,25.6,55.5,6.1,7.55,24.6,110,58,45,Rainfed,197,3.1,81,4.71,34.05,14535,485919,494917,8998,6853.7,6.87,54.4
FARM_3443,Gujarat,Surat,Mustard,Rabi,11.7,446.1,23.4,57.6,9,6.45,37.2,152,52,38,Canal,226,2.2,83,4.39,53.18,16793,691029,893052,202023,4973.4,8.83,33.6
FARM_3444,Punjab,Patiala,Wheat,Rabi,8.6,463.1,21.2,50.1,8.8,6.5,36.8,153,36,27,Canal,187,2.3,84,4.22,36.1,15443,466919,557492,90573,5229.6,8.07,50.5
FARM_3445,Haryana,Rohtak,Barley,Rabi,7.8,437.6,30.3,63.3,6.5,6.48,40.5,121,58,41,Drip,142,2.1,73,4.94,36.42,14599,462951,531696,68745,7638.4,6.47,34.9
FARM_3446,Karnataka,Mysuru,Mustard,Rabi,5.2,357.5,22.4,50,7.2,7.32,51.2,130,63,48,Tube Well,153,2.1,89,1.99,10.73,15403,132076,165274,33198,5793.2,3.44,35.6
FARM_3447,Gujarat,Ahmedabad,Gram,Rabi,8.8,430.5,22.3,41.4,6.6,7.15,37.2,143,53,47,Canal,141,2.4,75,5.54,49.72,15787,637245,784930,147685,6819.9,8.12,46.4
FARM_3448,Haryana,Rohtak,Gram,Rabi,9.1,487.9,24.6,64.6,6.7,7.4,62.1,101,69,37,Sprinkler,145,1.8,79,5,45.11,18495,553345,834309,280964,4140.5,12.08,37.4
FARM_3449,Maharashtra,Solapur,Barley,Rabi,8.9,447,21.7,60.6,9.6,7.04,43.5,109,31,43,Canal,170,2.4,83,5.19,47.82,12536,570974,599472,28498,6407.9,8.1,41.7
FARM_3450,Andhra Pradesh,Kurnool,Gram,Rabi,9.1,487.1,24.6,68.8,7,6.66,47,152,58,50,Drip,225,2.2,79,5.29,48.92,15613,713421,763788,50367,6901.3,7.67,31.6
FARM_3451,Telangana,Rangareddy,Potato,Rabi,10.1,363.5,27.1,58.7,7.2,7.28,37.6,105,31,52,Sprinkler,151,3.3,91,5.81,58.44,16836,750400,983896,233496,5696.6,10.2,47.5
FARM_3452,Madhya Pradesh,Gwalior,Barley,Rabi,9.2,520.3,22.5,67.3,6.5,7.54,47,122,40,43,Drip,211,1.8,80,5.33,47.01,12285,619139,577518,-41621,5544.8,9.61,35.4
FARM_3453,Andhra Pradesh,Guntur,Wheat,Rabi,9.6,446.7,22.5,63.2,5.7,6.74,38.4,138,61,38,Rainfed,142,2.8,80,4.65,42.23,14417,506801,608830,102029,4689.7,9.92,41.2
FARM_3454,Maharashtra,Pune,Barley,Rabi,9.3,347.5,21.5,53.4,10.3,6.54,39.8,111,52,17,Sprinkler,168,2.8,92,6.07,60.79,17703,675931,1076165,400234,7222.4,8.4,41.6
FARM_3455,Gujarat,Surat,Gram,Rabi,7.7,447.6,18.8,58.2,4,7.01,49,109,42,37,Canal,150,1.1,73,3.78,30.17,13878,402775,418699,15924,7210.6,5.24,32.4
FARM_3456,Haryana,Ambala,Gram,Rabi,8.7,472.1,25.1,61.6,9,6.98,44.6,131,45,59,Tube Well,176,1.9,79,4.77,36.44,16035,440975,584315,143340,5552.6,8.59,34.9
FARM_3457,Andhra Pradesh,Chittoor,Barley,Rabi,5.9,505.2,23.5,59.4,8.1,7.24,36.1,113,44,51,Tube Well,266,3.4,83,5.08,30.04,14896,357937,447476,89539,4464,11.38,41.9
FARM_3458,Maharashtra,Pune,Potato,Rabi,7,396.1,23.6,66.2,8.3,6.65,56.8,150,65,43,Rainfed,226,3.3,88,5.29,35.17,15052,476775,529379,52604,6056.6,8.73,45.4
FARM_3459,Tamil Nadu,Tiruchirappalli,Mustard,Rabi,9.9,373.4,23.5,56.7,6.9,7.03,46.1,130,60,40,Drip,149,3,90,4.54,45.5,16386,564071,745563,181492,6788.4,6.69,32.9
FARM_3460,Tamil Nadu,Tiruchirappalli,Wheat,Rabi,7.6,386.9,19.8,63.4,7.2,6.81,43.6,145,28,35,Tube Well,166,2.3,82,5.04,41.06,15444,422944,634131,211187,6371.5,7.91,43.2
FARM_3461,Tamil Nadu,Thanjavur,Mustard,Rabi,7.9,419.4,24.9,62.2,9.4,7.11,57,90,47,53,Rainfed,171,2.5,72,5.94,45.6,14667,546549,668815,122266,6402.1,9.28,44.8
FARM_3462,Punjab,Jalandhar,Potato,Rabi,8.2,378.5,22.3,55.4,6,6.6,66.2,122,55,45,Drip,174,3.4,89,6.36,49.06,16048,570960,787315,216355,4662.9,13.64,47.4
FARM_3463,Tamil Nadu,Tiruchirappalli,Potato,Rabi,4.6,535.3,23.5,63.3,6.8,6.85,45.3,122,52,53,Rainfed,134,2.5,82,4.88,23.02,15150,281844,348753,66909,6633,7.36,31.3
FARM_3464,Andhra Pradesh,Krishna,Wheat,Rabi,8.4,550.9,25.8,62.9,7.8,6.21,44.5,101,64,62,Canal,127,2.6,75,4.44,34.04,16020,418896,545321,126425,5554.2,7.99,58.2
FARM_3465,Haryana,Ambala,Mustard,Rabi,9.3,510.8,21,56.4,8.4,6.33,45.7,90,27,36,Drip,184,2.4,75,4.7,40.4,15709,495533,634644,139111,4437.5,10.59,29.7
FARM_3466,Punjab,Amritsar,Wheat,Rabi,5.4,488.5,25.4,51.4,7.1,6.38,36.2,132,65,44,Drip,139,2.6,87,5.86,31.26,15768,393292,492908,99616,6529.4,8.97,48.7
FARM_3467,Gujarat,Surat,Barley,Rabi,6.8,339.7,23.7,57.9,7.1,6.93,29.2,148,51,41,Sprinkler,170,3.4,84,5.05,34.51,15772,449546,544292,94746,6372.4,7.92,30.8
FARM_3468,Gujarat,Rajkot,Potato,Rabi,5.6,539.6,23,52.8,6.7,6.8,57.3,99,54,45,Sprinkler,182,3.4,78,5.22,27.72,14357,313217,397976,84759,5306.2,9.84,39.8
FARM_3469,Andhra Pradesh,Chittoor,Potato,Rabi,13.7,443.8,23.2,50.3,8.3,7.28,45.3,131,76,46,Sprinkler,172,1.8,82,3.52,45.1,15845,530057,714610,184553,5702.3,6.17,31.9
FARM_3470,Andhra Pradesh,Kurnool,Mustard,Rabi,7.6,491.7,21.8,57.1,6.3,6.55,46.3,119,79,49,Drip,186,1.9,84,5.35,39.95,15223,479091,608159,129068,5836.5,9.17,38
FARM_3471,Tamil Nadu,Thanjavur,Gram,Rabi,6.7,406.6,24.5,66.6,7.1,6.69,43.5,136,56,34,Sprinkler,236,1.8,78,5.57,36.21,16231,448209,587725,139516,5360.3,10.39,35.9
FARM_3472,Andhra Pradesh,Guntur,Potato,Rabi,10.3,415.4,21.5,59.5,7.5,6.98,53.7,117,50,37,Tube Well,172,2.8,82,5.06,49.96,15135,577230,756145,178915,5080.3,9.96,27.1
FARM_3473,Uttar Pradesh,Kanpur,Mustard,Rabi,7.1,352.8,24.4,44.4,5.9,6.44,40.7,141,56,50,Drip,166,2.1,83,4.49,32.38,14571,394198,471809,77611,5850.6,7.67,37.3
FARM_3474,Telangana,Nalgonda,Barley,Rabi,6.5,450.2,22.9,62.7,7.3,6.95,43.3,136,70,56,Canal,244,2,84,4.56,28.62,13811,368134,395271,27137,4558.9,10,49
FARM_3475,Telangana,Nalgonda,Gram,Rabi,10.9,254.8,20.5,55.6,8.9,6.73,45.4,91,65,31,Canal,162,2.6,80,5.6,57.82,14773,736431,854175,117744,4735.3,11.83,49.9
FARM_3476,Karnataka,Dharwad,Potato,Rabi,7.3,367.5,23.9,62.6,9.3,6.57,44.6,93,44,49,Drip,202,2.7,85,5.37,37.2,15561,479440,578869,99429,6994.5,7.68,49.6
FARM_3477,Uttar Pradesh,Lucknow,Wheat,Rabi,7.1,327.1,20.5,63.2,8.7,6.63,46.1,123,68,53,Sprinkler,176,2.5,88,4.95,37.88,14623,471668,553919,82251,5201.8,9.52,19.6
FARM_3478,Andhra Pradesh,Krishna,Potato,Rabi,11.3,358,21.2,44.3,7.6,6.78,44.4,95,31,58,Rainfed,183,1.5,96,4.89,54.93,16233,650457,891679,241222,5729.2,8.54,43.4
FARM_3479,Gujarat,Ahmedabad,Gram,Rabi,8.6,485.4,23.8,49.9,8.2,6.84,37.9,71,79,27,Canal,181,2,82,3.65,33.32,15268,394676,508730,114054,5643.4,6.47,40
FARM_3480,Gujarat,Surat,Gram,Rabi,7.7,330.3,21.6,61.5,8.2,6.85,40.2,103,52,54,Sprinkler,208,2,75,5.21,40.43,15307,536332,618862,82530,5798.4,8.99,35.4
FARM_3481,Andhra Pradesh,Kurnool,Barley,Rabi,10.3,509.8,24.7,48,6.8,6.26,47.7,106,63,37,Tube Well,200,1.2,86,4.51,46.23,16422,623798,759189,135391,6455.2,6.99,60.8
FARM_3482,Andhra Pradesh,Krishna,Gram,Rabi,8.7,375.1,23,50.7,7.2,6.59,66.4,124,51,36,Tube Well,149,1.9,80,6.41,54.64,15305,618988,836265,217277,7018.5,9.13,28.9
FARM_3483,Andhra Pradesh,Anantapur,Barley,Rabi,6.9,485.7,20.7,58.2,9,6.71,40,90,47,46,Drip,133,2.3,82,5.07,33.26,13587,334173,451904,117731,4104.1,12.35,37.4
FARM_3484,Tamil Nadu,Salem,Gram,Rabi,8.1,347.1,23.6,58.2,5.8,6.89,37.6,138,52,51,Rainfed,214,3,79,4.77,39.06,15286,512505,597071,84566,6024.4,7.92,56.7
FARM_3485,Haryana,Karnal,Barley,Rabi,9.9,496.1,25.4,60.9,7.2,6.85,47.4,47,48,51,Rainfed,120,2.5,78,4.93,49.7,13428,593490,667372,73882,5047.7,9.77,45.9
FARM_3486,Punjab,Amritsar,Gram,Rabi,5.7,473.3,18.1,54.7,6.6,7.14,33.4,111,83,60,Canal,115,1.8,87,4.95,29.48,15347,359087,452430,93343,6167.7,8.03,31.2
FARM_3487,Telangana,Nalgonda,Barley,Rabi,10.5,394.3,28.2,52.8,6.6,7.76,61.2,137,45,51,Drip,193,2.8,91,5.96,62.36,15437,782185,962651,180466,5535.1,10.77,43.5
FARM_3488,Uttar Pradesh,Agra,Mustard,Rabi,8.6,345.5,20,53.3,7.6,6.84,72.2,130,65,49,Rainfed,155,2.3,76,4.5,40.8,17104,456942,697843,240901,6313,7.13,56.3
FARM_3489,Punjab,Patiala,Gram,Rabi,6.2,497.2,24,58.8,6.2,6.54,45.9,124,35,39,Sprinkler,187,2.1,81,4.79,27.32,14839,356257,405401,49144,6185.7,7.74,32.9
FARM_3490,Telangana,Warangal,Gram,Rabi,5.3,478.7,18.4,55,7.7,6.92,32.2,131,55,62,Sprinkler,134,3.1,76,5.79,32.36,16371,400329,529766,129437,5603.5,10.33,43.1
FARM_3491,Andhra Pradesh,Anantapur,Potato,Rabi,5.7,394.6,25.3,46.5,5.6,6.58,40.1,143,43,54,Drip,225,1.6,73,7.79,40.07,16569,475010,663920,188910,5047.5,15.43,42.9
FARM_3492,Andhra Pradesh,Guntur,Mustard,Rabi,10.1,479.7,22.8,58.3,5.7,6.53,28,110,60,47,Canal,160,2.5,79,5.81,57.91,15597,746874,903222,156348,4554.4,12.76,36.2
FARM_3493,Tamil Nadu,Tiruchirappalli,Potato,Rabi,9.6,414.3,25.6,45.3,7.8,6.83,42.7,83,52,55,Tube Well,157,3.3,84,5.18,52.33,14346,589389,750726,161337,5165.9,10.03,27.9
FARM_3494,Tamil Nadu,Salem,Gram,Rabi,9.6,483.2,22.6,50.5,7.3,6.97,29.1,95,66,37,Tube Well,175,3.3,81,5.19,49.77,15579,639439,775367,135928,6047.5,8.58,31.6
FARM_3495,Madhya Pradesh,Bhopal,Wheat,Rabi,9.3,382.6,26.4,58.2,8.1,5.6,40.2,88,43,51,Canal,185,2.1,76,5.11,44.19,15478,645217,683973,38756,5003.7,10.21,39.6
FARM_3496,Karnataka,Shimoga,Barley,Rabi,7.7,364.9,23.3,57.4,7,6.76,44.1,83,31,43,Sprinkler,176,2.6,74,4.89,39.24,15331,463171,601588,138417,5623.3,8.7,60.3
FARM_3497,Telangana,Nalgonda,Gram,Rabi,8.5,465.3,18.1,60.1,6,5.6,52.2,123,50,36,Canal,143,2.4,75,5.48,45.83,16028,576659,734563,157904,6830.5,8.02,38.7
FARM_3498,Andhra Pradesh,Guntur,Barley,Rabi,11,388.8,24.5,47.6,7.4,7.39,27.3,150,53,61,Rainfed,162,2.6,74,6.41,65.53,15972,730131,1046645,316514,6347,10.1,43.8
FARM_3499,Karnataka,Shimoga,Gram,Rabi,5.9,523.6,22.6,56.5,4.8,7.12,38.9,144,52,48,Canal,177,2.3,78,4.92,26.2,13607,307926,356503,48577,5169.9,9.52,41.2
FARM_3500,Uttar Pradesh,Meerut,Wheat,Rabi,9.4,254.6,29.6,55.7,7.7,6.76,54.3,152,74,61,Drip,208,2.1,83,4.81,45.3,16327,601491,739613,138122,5916.7,8.13,35
FARM_3501,Tamil Nadu,Madurai,Mustard,Rabi,12.8,613.2,27.7,62.4,6.4,7.21,39.4,147,19,36,Canal,168,3.4,88,5.58,72.28,14707,954529,1063022,108493,6575.7,8.49,26.1
FARM_3502,Maharashtra,Solapur,Barley,Rabi,10.5,458.9,25.9,56.2,7.6,6.6,35.3,159,67,44,Rainfed,186,2.6,84,5.04,52.3,14412,576287,753748,177461,7290.7,6.91,28.4
FARM_3503,Haryana,Rohtak,Gram,Rabi,8.9,499.7,26.9,46.4,5.7,6.48,51.6,130,57,48,Rainfed,150,3.3,97,5.28,48.65,15475,519315,752859,233544,6118.7,8.63,35
FARM_3504,Uttar Pradesh,Varanasi,Mustard,Rabi,9.2,484.4,24.9,43.5,5.5,5.96,38.2,148,58,44,Drip,170,2.1,83,5.6,49.44,16514,563285,816452,253167,5886.6,9.51,38.3
FARM_3505,Uttar Pradesh,Varanasi,Mustard,Rabi,11.6,601.6,22.7,57.4,6.1,7.43,49.2,80,65,42,Sprinkler,157,2.5,82,4.58,52.99,15072,701340,798665,97325,5584.4,8.2,36.5
FARM_3506,Maharashtra,Pune,Barley,Rabi,5.6,414.5,21.7,59.6,6.4,7.41,51.7,103,61,31,Sprinkler,161,1.8,86,5.34,32.05,15976,387224,512031,124807,5218.7,10.23,42.5
FARM_3507,Uttar Pradesh,Agra,Mustard,Rabi,7.7,470.9,21.5,68.3,7.7,5.2,41.7,91,48,51,Canal,191,2.2,83,4.56,33.73,14847,459343,500789,41446,7408.7,6.15,46.5
FARM_3508,Tamil Nadu,Salem,Potato,Rabi,11,446,22.7,62.1,5.8,7.69,41,122,77,41,Canal,220,1.9,69,5.05,51.69,16230,669348,838929,169581,5483.8,9.21,40
FARM_3509,Telangana,Sangareddy,Mustard,Rabi,12.3,538.5,23.5,51.6,8.6,6.94,44.5,101,46,48,Canal,176,2.3,81,5.69,78.21,15911,963702,1244399,280697,6105.5,9.32,42.2
FARM_3510,Uttar Pradesh,Kanpur,Wheat,Rabi,7.5,376.7,24.3,63,5.6,6.68,43.7,129,40,57,Tube Well,155,1.9,90,4.11,30.55,14235,401232,434879,33647,5247.4,7.83,33.1
FARM_3511,Madhya Pradesh,Indore,Gram,Rabi,7.5,595.5,22.1,61.7,9.3,6.14,32,116,73,23,Tube Well,140,2.8,80,5.96,46.53,18576,647232,864341,217109,6442.8,9.25,26.3
FARM_3512,Uttar Pradesh,Agra,Mustard,Rabi,6.1,418.6,21.3,52.6,7.7,7.26,44.4,111,61,36,Drip,169,3.1,88,4.88,28.75,14974,367000,430503,63503,3566.6,13.68,43.7
FARM_3513,Haryana,Ambala,Potato,Rabi,11.3,428.4,22.7,52.9,7,6.09,52.1,94,71,45,Canal,242,2.1,87,5.06,60.46,14452,723656,873768,150112,4611.2,10.97,40.8
FARM_3514,Tamil Nadu,Coimbatore,Potato,Rabi,10.1,419.6,24.9,54.2,8,7.55,49.1,93,67,40,Drip,208,2.1,85,5.16,52.41,15656,628285,820531,192246,6908,7.47,37.2
FARM_3515,Telangana,Sangareddy,Gram,Rabi,12.4,407.4,22.1,57.5,9.5,6.49,40.4,81,59,38,Drip,147,2.5,73,6.28,79.4,12352,964666,980749,16083,4755.2,13.21,39.7
FARM_3516,Telangana,Warangal,Wheat,Rabi,8.8,478.1,24.6,48.2,5.9,6.8,31.4,85,40,38,Sprinkler,206,2,89,5.92,55.28,14896,603223,823451,220228,6359.6,9.31,53.2
FARM_3517,Haryana,Hisar,Mustard,Rabi,9.3,531.2,27.4,55,5.9,7.63,45.2,130,67,29,Sprinkler,191,2.5,84,6.34,66.15,14850,805366,982328,176962,5107.9,12.41,52.1
FARM_3518,Uttar Pradesh,Agra,Barley,Rabi,7.2,393.5,21.6,67.6,6.8,6.32,46.3,131,42,53,Drip,181,2.7,83,4.89,32.14,14983,385196,481554,96358,5802.9,8.43,37.5
FARM_3519,Gujarat,Vadodara,Potato,Rabi,10.2,336.4,23.5,68.5,6,6.39,39.3,112,62,47,Sprinkler,195,2.4,74,4.3,44.12,15031,503450,663168,159718,5666.5,7.59,40.8
FARM_3520,Haryana,Karnal,Barley,Rabi,6.4,467,24.5,40.6,5.2,6.65,56.4,135,69,50,Sprinkler,181,2,76,4.66,29.78,14319,372440,426420,53980,5973.4,7.8,35.6
FARM_3521,Andhra Pradesh,Krishna,Barley,Rabi,8.8,441.1,21.5,57.3,5.7,6.86,36,105,57,46,Sprinkler,153,3.3,83,5.9,53.08,14735,676484,782134,105650,7249.2,8.14,52.7
FARM_3522,Tamil Nadu,Tiruchirappalli,Potato,Rabi,9.3,448.5,25,59.3,6.2,5.97,52.2,125,60,68,Drip,113,2.2,85,5.36,50.06,15911,634613,796505,161892,5834,9.19,41.4
FARM_3523,Gujarat,Rajkot,Barley,Rabi,11.4,472.4,23.6,57.5,8.4,6.89,33.2,134,51,46,Drip,189,1.9,79,4.77,54.64,16787,639096,917242,278146,5019.6,9.5,50
FARM_3524,Uttar Pradesh,Meerut,Potato,Rabi,8.4,431.8,22.2,67.2,8.2,6.84,41.3,116,47,37,Tube Well,193,3.2,79,4.35,38.81,14726,526371,571516,45145,6797.3,6.4,43.8
FARM_3525,Maharashtra,Nagpur,Gram,Rabi,9.3,407,23.3,56.3,7.2,7.06,38.7,105,41,53,Sprinkler,168,2.2,78,6.08,55.32,14698,700322,813093,112771,4780.9,12.72,34.3
FARM_3526,Gujarat,Rajkot,Mustard,Rabi,10.4,559.8,23.3,44.2,7.7,6.66,53.4,109,62,42,Tube Well,180,1.6,78,5.12,56.38,14559,650395,820836,170441,6100,8.39,38.3
FARM_3527,Punjab,Patiala,Wheat,Rabi,7.4,534,22.4,43.7,5.7,7.09,42,40,66,27,Drip,163,2.8,91,5.44,41.29,15626,518476,645198,126722,4889,11.13,35.4
FARM_3528,Haryana,Ambala,Wheat,Rabi,8.3,342.6,26.5,56.1,8,6.6,38.1,145,57,67,Sprinkler,165,2.6,91,4.66,37.82,17197,458650,650391,191741,5515.6,8.45,37.6
FARM_3529,Telangana,Medak,Wheat,Rabi,9.5,462.8,22.6,59.8,6.9,7.12,43.3,103,72,39,Sprinkler,200,1.2,76,4.53,41.19,17353,510908,714770,203862,6171.8,7.34,41.4
FARM_3530,Gujarat,Vadodara,Mustard,Rabi,7.4,388.8,22.4,60.6,8,7.33,46.1,112,39,49,Sprinkler,185,3.3,82,5.01,40.02,14455,442386,578489,136103,6081.4,8.24,36.7
FARM_3531,Maharashtra,Solapur,Barley,Rabi,9,443.1,22.7,69.8,8.7,6.13,38.1,146,73,55,Sprinkler,139,1.8,78,5.83,49.15,18423,637615,905490,267875,5565,10.48,35.5
FARM_3532,Telangana,Sangareddy,Gram,Rabi,6.7,484.6,25.1,64.9,5.6,6.79,31.4,112,43,37,Canal,129,2.6,89,5.09,31.21,16403,416963,511938,94975,6050.2,8.41,44
FARM_3533,Telangana,Rangareddy,Barley,Rabi,7.8,413.4,24.1,72.2,7.3,7.24,48.3,70,60,47,Rainfed,125,2.2,85,5.9,45.36,15830,585179,718049,132870,5450.2,10.83,48.9
FARM_3534,Madhya Pradesh,Ujjain,Barley,Rabi,8.5,516.9,25.8,53.3,6.4,6.97,57.5,151,68,57,Rainfed,187,2.5,82,6.16,54.68,15417,746616,843002,96386,5540.8,11.12,40.5
FARM_3535,Haryana,Karnal,Mustard,Rabi,5.8,331.4,22.1,62.6,6.5,6.94,33.5,116,58,32,Sprinkler,188,2,90,3.95,23.35,13925,304180,325149,20969,6001.2,6.58,44.5
FARM_3536,Karnataka,Belagavi,Gram,Rabi,8.7,594,22.5,54.7,8.6,7.18,31.5,120,66,22,Sprinkler,190,2.1,88,1.48,13.11,14041,169821,184078,14257,6864.2,2.16,37.2
FARM_3537,Andhra Pradesh,Chittoor,Mustard,Rabi,8.2,501.9,28.6,48.8,6.2,6.72,44.5,129,85,52,Rainfed,171,2,82,5.81,47.36,15286,485687,723945,238258,6834.2,8.5,45.4
FARM_3538,Maharashtra,Nagpur,Gram,Rabi,10.1,497.4,19.2,45.8,7.9,7.5,34.4,139,36,46,Rainfed,229,2.7,88,4.97,53.32,15284,712658,814943,102285,7133.7,6.97,31.3
FARM_3539,Gujarat,Surat,Mustard,Rabi,9.7,406.5,26.8,40.4,6.7,6.5,55.8,121,84,57,Canal,212,1.9,78,5.68,58.45,15695,712991,917373,204382,5094.9,11.15,51.7
FARM_3540,Andhra Pradesh,Kurnool,Potato,Rabi,9.4,361,27,49,6.4,6.61,49.1,141,50,38,Rainfed,241,2.3,71,5.3,49.42,16583,625671,819532,193861,5553.6,9.54,36.6
FARM_3541,Madhya Pradesh,Bhopal,Gram,Rabi,8,494.4,23.5,62,7.3,6.39,40,111,34,40,Sprinkler,191,1.7,88,3.96,30.46,16944,392011,516114,124103,5574.4,7.1,47.6
FARM_3542,Tamil Nadu,Coimbatore,Wheat,Rabi,5.9,493.4,25,50.1,7.7,6.72,42.8,110,51,54,Sprinkler,154,1.7,94,5.35,30.83,16445,341706,506999,165293,5177,10.33,40
FARM_3543,Karnataka,Belagavi,Barley,Rabi,9.5,377.3,22.3,61.1,7.2,6.79,39.3,90,50,46,Drip,152,2,92,3.41,30.85,13510,344998,416784,71786,6803.3,5.01,26.8
FARM_3544,Haryana,Hisar,Mustard,Rabi,9.9,562.3,24.7,58.6,6.2,6.3,32.6,133,33,54,Sprinkler,210,3.2,83,4.95,42.58,16445,509291,700228,190937,5789.4,8.55,41.8
FARM_3545,Uttar Pradesh,Kanpur,Barley,Rabi,12.4,191.2,27,59.1,8.7,7.03,48,130,56,56,Rainfed,164,3.5,78,5.57,62.68,15429,752653,967090,214437,4996,11.15,46.9
FARM_3546,Karnataka,Shimoga,Barley,Rabi,8.4,457.1,22.1,63.9,6.2,7.02,55.1,130,61,52,Tube Well,157,2.2,77,4.74,37.06,14560,443580,539594,96014,5737.1,8.26,38.6
FARM_3547,Karnataka,Belagavi,Potato,Rabi,6.8,502.3,24.4,58.4,8,6.52,38.9,114,43,36,Canal,190,1.1,93,4.86,33.54,14494,428480,486129,57649,6218.4,7.82,49
FARM_3548,Uttar Pradesh,Varanasi,Mustard,Rabi,8.2,369.2,20.3,73.1,8.7,6.91,45.2,77,61,51,Tube Well,196,3.1,81,4.37,37.67,15117,444258,569457,125199,5444.1,8.03,47.2
FARM_3549,Telangana,Rangareddy,Gram,Rabi,8.2,366.3,25.3,46.3,8.8,6.95,37.3,111,66,61,Tube Well,160,1.6,77,3.8,29.46,16874,380213,497108,116895,6933.7,5.48,34
FARM_3550,Tamil Nadu,Tiruchirappalli,Wheat,Rabi,6.7,514.4,24.8,54.3,8.2,6.37,37.9,114,49,50,Canal,202,2.8,89,4.78,30.35,15309,387076,464628,77552,5971.1,8.01,30.9
FARM_3551,Punjab,Patiala,Barley,Rabi,9.1,435.9,25.3,54.7,6.8,6.76,43.7,128,32,28,Sprinkler,119,3.1,91,4.99,42.96,15072,540482,647493,107011,7609.1,6.56,27.2
FARM_3552,Telangana,Rangareddy,Wheat,Rabi,8.7,343.5,22.5,55.8,7.1,6.34,42.6,140,52,33,Sprinkler,174,2.7,85,6.42,53.21,15907,620755,846411,225656,7333.6,8.75,42.3
FARM_3553,Maharashtra,Nashik,Potato,Rabi,10.6,458.7,21.1,58.5,7.9,6.63,22.5,113,56,50,Tube Well,162,2.2,89,5.28,54.07,15181,693123,820837,127714,5924.4,8.91,50.2
FARM_3554,Tamil Nadu,Madurai,Wheat,Rabi,11.1,544.1,19,56.6,6.8,6.87,28,156,45,35,Tube Well,175,2.9,78,4.42,49.38,15458,575026,763316,188290,5086.3,8.69,41.7
FARM_3555,Madhya Pradesh,Bhopal,Wheat,Rabi,8.1,337.9,27.2,52,8.4,6.72,62.3,83,47,34,Canal,150,2.6,79,5.16,45.52,15318,585194,697275,112081,5473.7,9.43,50.3
FARM_3556,Punjab,Ludhiana,Potato,Rabi,5.9,439.7,22.1,69.8,8.1,6.52,48.8,122,60,38,Rainfed,177,1.3,85,5.15,33.8,14072,402962,475634,72672,6154.3,8.37,47.2
FARM_3557,Andhra Pradesh,Chittoor,Potato,Rabi,7.7,507,27.3,59.5,7.7,6.82,31.9,112,53,42,Tube Well,185,2.6,83,3.65,27.39,12544,310012,343580,33568,6854.4,5.33,29.4
FARM_3558,Gujarat,Vadodara,Gram,Rabi,9.6,403.1,19.9,53.4,7.7,6.27,40.6,131,43,52,Rainfed,198,2.3,78,5.8,55.74,13230,681527,737440,55913,5750.5,10.09,37.8
FARM_3559,Tamil Nadu,Thanjavur,Barley,Rabi,6.1,490.4,23.4,70.7,5.3,7.92,35.3,117,38,39,Tube Well,191,2.6,84,4.74,29.99,15596,413833,467724,53891,6856.8,6.91,37.3
FARM_3560,Maharashtra,Solapur,Mustard,Rabi,7,359.2,18,67.8,6.8,7.49,30.2,139,51,42,Sprinkler,98,1.4,82,4.64,32.77,14922,367928,488994,121066,5955.2,7.79,47.8
FARM_3561,Telangana,Rangareddy,Potato,Rabi,9.5,403.2,24.3,59.1,6.1,5.75,44.8,111,64,44,Tube Well,151,2.2,74,4.73,42.73,15311,560650,654239,93589,6097.6,7.76,45.4
FARM_3562,Punjab,Amritsar,Gram,Rabi,7.4,458.7,26.7,70.5,6.8,6.32,50.6,145,40,48,Tube Well,184,2.8,86,4.95,34.51,14337,472300,494770,22470,6641.2,7.45,44.9
FARM_3563,Haryana,Karnal,Barley,Rabi,8.5,313.8,22.7,62.5,7.9,6.87,54.3,118,60,42,Rainfed,133,2.4,87,6.47,54.28,14446,707135,784129,76994,5046.9,12.82,41
FARM_3564,Andhra Pradesh,Guntur,Wheat,Rabi,7,489,24.8,55.5,5.4,6.92,43,100,38,48,Rainfed,184,1.6,91,5.46,36.99,16423,418370,607487,189117,5546.4,9.84,45.8
FARM_3565,Telangana,Rangareddy,Gram,Rabi,8.7,473.6,26.5,58.3,6.1,6.55,33,142,38,34,Sprinkler,151,2,80,3.54,31.22,15859,375444,495118,119674,4884.9,7.25,53.2
FARM_3566,Punjab,Jalandhar,Mustard,Rabi,8.1,465.9,23.1,49.5,10.1,6.35,47.8,95,49,50,Tube Well,169,2.1,81,5.15,40.16,18130,515868,728101,212233,6141.6,8.39,31.8
FARM_3567,Punjab,Jalandhar,Barley,Rabi,7.8,442.2,21,63.4,5.8,6.54,54.8,107,73,35,Sprinkler,185,2.3,90,5,38.15,13552,496400,517009,20609,4966.9,10.07,56.2
FARM_3568,Punjab,Patiala,Gram,Rabi,9.1,515.4,23,61.9,8.7,6.52,41.1,141,69,65,Drip,194,3.1,82,5.03,42.95,14948,509674,642017,132343,4739.7,10.61,35.3
FARM_3569,Telangana,Sangareddy,Barley,Rabi,5.1,293.7,28.4,45.6,7.4,6.53,48.3,113,51,54,Tube Well,206,2,84,5.34,29.26,14957,408593,437642,29049,6063.3,8.81,39.5
FARM_3570,Maharashtra,Nagpur,Wheat,Rabi,6.9,475.6,21.6,61.6,6.1,5.88,61.2,150,58,41,Tube Well,164,2.8,78,5.42,38.24,15091,464366,577080,112714,6477.2,8.37,37.7
FARM_3571,Telangana,Rangareddy,Potato,Rabi,4.7,656.6,22,65.3,10,8.35,40.6,67,46,65,Rainfed,176,2.5,75,4.57,23.25,15532,300494,361119,60625,6060.1,7.54,43.1
FARM_3572,Telangana,Warangal,Barley,Rabi,7.8,319.4,24.8,59.6,8,6.4,43.3,113,60,33,Sprinkler,211,3.3,81,5.11,38.77,15464,460278,599539,139261,4814,10.61,38.2
FARM_3573,Uttar Pradesh,Kanpur,Gram,Rabi,10.4,524.5,23.9,54.1,8.9,6.41,54.9,142,71,14,Tube Well,146,2.2,94,5.38,54.15,14255,670514,771908,101394,5884.1,9.14,35.3
FARM_3574,Uttar Pradesh,Kanpur,Barley,Rabi,6.9,481,22.1,60.4,8.1,7.05,49.7,149,73,40,Drip,209,2.8,84,5.49,37.04,14610,428801,541154,112353,6024.8,9.11,40.2
FARM_3575,Uttar Pradesh,Lucknow,Potato,Rabi,5.5,402.2,19.5,68.5,7,6.34,49.9,128,52,46,Sprinkler,206,3.4,82,5.65,30.69,14956,380611,459000,78389,6176.3,9.15,33.9
FARM_3576,Madhya Pradesh,Gwalior,Gram,Rabi,7.6,485.7,22.2,64.9,6.8,7.71,52.5,127,39,44,Tube Well,161,2.2,86,5,39.18,14726,416336,576965,160629,6508.2,7.68,52
FARM_3577,Andhra Pradesh,Chittoor,Mustard,Rabi,5.4,430,22.8,64.8,6.7,6.89,31.9,102,75,25,Rainfed,167,3.1,77,5.2,27.33,16318,354044,445971,91927,5511.7,9.43,34.7
FARM_3578,Madhya Pradesh,Bhopal,Potato,Rabi,7.9,333.1,25.6,50.6,10.2,5.69,34.5,83,50,40,Tube Well,190,2.7,77,4.4,34.84,13990,452101,487412,35311,4902,8.98,36
FARM_3579,Karnataka,Dharwad,Potato,Rabi,5,485.6,23.9,46.5,7,7.24,41.1,121,17,32,Tube Well,186,2.4,84,6.23,30.17,14824,413304,447240,33936,4896.5,12.72,31
FARM_3580,Punjab,Ludhiana,Mustard,Rabi,5.9,524.6,26.1,61.2,8.5,6.56,33.2,123,47,54,Rainfed,222,3.1,86,5.94,36.78,14905,430892,548206,117314,5538.3,10.73,43.5
FARM_3581,Madhya Pradesh,Ujjain,Mustard,Rabi,9,385,26.6,57.7,7.2,5.94,52.9,93,48,41,Sprinkler,145,2.5,74,10.8,96.99,17234,1021997,1671526,649529,5709.5,18.92,49.1
FARM_3582,Madhya Pradesh,Indore,Wheat,Rabi,10.5,522.7,22.2,54.6,7.7,6.58,23.4,126,56,37,Sprinkler,235,2.5,92,5.63,62.06,15633,763547,970184,206637,7071.5,7.96,44.8
FARM_3583,Gujarat,Ahmedabad,Wheat,Rabi,3.7,428.1,23.2,40.7,6.4,6.37,42,89,52,53,Drip,176,1.6,80,5.89,22.63,13668,290089,309307,19218,6547.3,9,39.8
FARM_3584,Uttar Pradesh,Varanasi,Barley,Rabi,7.8,455.7,21.6,49.6,8.2,6.84,45.7,135,64,48,Drip,256,3,84,5.18,40.22,15635,498923,628840,129917,5747.8,9.01,40.1
FARM_3585,Madhya Pradesh,Bhopal,Gram,Rabi,11.4,450.7,23.5,69.2,7.5,6.59,34.2,123,59,34,Tube Well,190,1.9,79,5.17,60.15,16295,812755,980144,167389,6011.5,8.6,30.7
FARM_3586,Punjab,Jalandhar,Barley,Rabi,10.7,401.5,18.3,53.7,6.6,5.93,41.2,97,50,52,Sprinkler,164,1.9,96,4.76,50.3,16082,586416,808925,222509,6141.4,7.75,35.3
FARM_3587,Haryana,Hisar,Gram,Rabi,8.8,488.7,24.6,52.9,5.6,7.63,40.8,115,47,53,Rainfed,208,2.2,83,6.19,54.95,15472,626348,850186,223838,6225.1,9.94,34.1
FARM_3588,Andhra Pradesh,Chittoor,Gram,Rabi,8.5,229.4,23.9,57.7,8.7,7.2,46.9,114,36,34,Rainfed,200,1.5,79,6.53,53.13,15801,628281,839507,211226,6591.5,9.91,40.7
FARM_3589,Punjab,Jalandhar,Wheat,Rabi,7.3,355.4,22.6,60.1,9.1,6.26,38.3,107,37,40,Canal,235,2.8,81,4.46,35.43,16010,382450,567234,184784,5954.3,7.49,39.1
FARM_3590,Tamil Nadu,Madurai,Wheat,Rabi,11.7,355.2,24.5,59.7,7.6,6.54,23.8,108,47,37,Rainfed,155,2.5,80,5.39,63.98,15629,737752,999943,262191,6221.1,8.66,42.8
FARM_3591,Gujarat,Junagadh,Gram,Rabi,6.8,405.7,20.8,63.6,9,6.62,30.4,120,40,50,Sprinkler,139,2.4,82,5.77,39.84,14744,482845,587401,104556,6807.3,8.48,36.6
FARM_3592,Tamil Nadu,Tiruchirappalli,Mustard,Rabi,8.2,447.9,20.4,62.4,7.5,7.2,36.1,88,49,45,Rainfed,205,2.2,90,5.43,43.78,13682,565459,598998,33539,5387.6,10.08,40.7
FARM_3593,Andhra Pradesh,Guntur,Gram,Rabi,8,418.8,18.9,64.4,7.3,7.24,46.2,134,47,41,Sprinkler,218,2.2,82,5.44,46.19,16243,555773,750264,194491,5816.3,9.35,55.8
FARM_3594,Uttar Pradesh,Kanpur,Barley,Rabi,11.7,392.3,25.3,59.6,7.7,7.07,41.6,116,56,31,Canal,132,1.6,83,5.58,71.17,16442,855253,1170177,314924,5802.5,9.62,49.4
FARM_3595,Gujarat,Surat,Potato,Rabi,7.8,596.4,24.4,68.4,6.2,5.93,32.9,105,46,36,Rainfed,239,2.3,73,5.62,43.45,14324,565861,622378,56517,6132.6,9.16,35.1
FARM_3596,Andhra Pradesh,Anantapur,Wheat,Rabi,6.2,413,25.6,45.2,7.8,6.37,43.9,138,51,47,Drip,226,2.5,80,5.02,31.73,15040,366248,477219,110971,4975.5,10.09,53.7
FARM_3597,Andhra Pradesh,Krishna,Barley,Rabi,9.4,512.7,17.4,64.7,8.9,7.55,43.2,117,37,39,Sprinkler,158,3,81,3.78,35.13,12787,425812,449207,23395,7322.2,5.16,48.6
FARM_3598,Punjab,Patiala,Wheat,Rabi,9.6,438.7,23.7,74.2,7.1,7.2,63.2,161,42,58,Canal,168,2.1,83,6.72,67.59,16007,859287,1081913,222626,7076.1,9.5,41.3
FARM_3599,Punjab,Ludhiana,Gram,Rabi,8,407.2,18,63.7,5.2,6.72,49.1,149,69,48,Sprinkler,120,1.3,81,5.82,48.75,18008,599526,877890,278364,3666.2,15.87,30.3
FARM_3600,Madhya Pradesh,Jabalpur,Mustard,Rabi,7.6,493.6,24.5,52.2,7.2,6.34,52.3,97,69,26,Rainfed,180,2.2,80,6.03,49.89,14116,619710,704247,84537,5729.5,10.52,39.9
FARM_3601,Madhya Pradesh,Ujjain,Wheat,Rabi,9.8,398.4,25.2,54.2,8.6,7.04,44.9,138,51,39,Drip,203,2.3,84,5.25,48.56,15657,484887,760304,275417,6261.4,8.38,32
FARM_3602,Uttar Pradesh,Lucknow,Mustard,Rabi,9.6,458.8,21,62.4,7.2,6.41,36.9,114,59,49,Tube Well,162,2.2,85,4.38,39.68,13791,484876,547227,62351,5055.6,8.66,29.7
FARM_3603,Andhra Pradesh,Krishna,Potato,Rabi,10.6,391.9,23.3,58.2,7.4,6.62,45.5,106,55,46,Sprinkler,152,2.8,86,4.1,40.96,12971,590467,531292,-59175,6167.9,6.65,24.6
FARM_3604,Andhra Pradesh,Krishna,Wheat,Rabi,3.8,555.7,24.7,51.5,6.2,7.63,54.9,141,52,43,Tube Well,219,2.6,89,4.02,14.33,14296,186606,204862,18256,6360.5,6.32,43.9
FARM_3605,Uttar Pradesh,Agra,Barley,Rabi,6.5,364.8,25.4,52.3,6.8,6.88,33.8,163,40,33,Tube Well,202,3.1,85,4.27,30.9,16437,355638,507903,152265,5280.7,8.09,40.3
FARM_3606,Andhra Pradesh,Chittoor,Wheat,Rabi,6.6,354.2,22.3,65.2,5.8,7.34,52.1,134,45,38,Tube Well,200,2.9,83,5.72,37.18,14293,474818,531414,56596,5730.3,9.98,26.4
FARM_3607,Uttar Pradesh,Lucknow,Wheat,Rabi,10.4,527.9,20.9,56.7,7,6.63,37.5,120,55,51,Canal,180,2,80,4.31,42.31,14594,492707,617472,124765,5786.9,7.45,44.7
FARM_3608,Tamil Nadu,Tiruchirappalli,Mustard,Rabi,9.6,357.5,25.5,49.6,7,6.31,34.2,118,63,60,Sprinkler,148,1.3,84,5.13,50.9,17282,721623,879654,158031,4844.3,10.59,50.8
FARM_3609,Haryana,Kurukshetra,Potato,Rabi,8.6,430.2,24,46.5,7.5,6.46,38.7,103,73,48,Canal,237,2,84,4.62,39.78,15710,526537,624944,98407,6227.9,7.42,32.3
FARM_3610,Telangana,Medak,Gram,Rabi,6.1,420.8,19.9,66.4,6.8,7.52,42.7,123,58,49,Tube Well,167,3,80,5.08,31.05,15781,408934,490000,81066,6472,7.85,38.3
FARM_3611,Madhya Pradesh,Bhopal,Potato,Rabi,6.9,508.8,22.8,65.8,6.9,6.66,46.8,115,67,45,Rainfed,194,2.4,95,4.56,30.96,17593,405201,544679,139478,5515.5,8.27,37.9
FARM_3612,Uttar Pradesh,Kanpur,Wheat,Rabi,5.2,439.2,23.4,65.3,4,6.14,49.8,106,38,46,Sprinkler,170,2.5,83,5.17,27.73,14538,342352,403139,60787,5939.8,8.7,42
FARM_3613,Maharashtra,Pune,Barley,Rabi,8.2,368.8,21.9,46.8,7.2,6.47,42.1,130,48,41,Sprinkler,189,2.7,81,5.57,45.2,14206,572642,642111,69469,4506,12.36,42.8
FARM_3614,Punjab,Patiala,Mustard,Rabi,8.4,459.7,22.5,65.9,7.8,6.99,41.7,132,58,25,Drip,120,2.9,88,6.32,51.81,16742,609937,867403,257466,5956.6,10.61,36.7
FARM_3615,Haryana,Karnal,Wheat,Rabi,6.9,405,24.1,52.2,7.3,8.04,59.7,140,68,50,Canal,194,3.1,83,5,37.75,16046,470615,605737,135122,7958.3,6.28,46.1
FARM_3616,Haryana,Kurukshetra,Wheat,Rabi,14.3,362.1,23.7,73.7,8.7,6.14,43.9,114,39,39,Drip,155,1.3,73,4.67,69.74,16232,830223,1132020,301797,6017.9,7.76,42.1
FARM_3617,Karnataka,Shimoga,Mustard,Rabi,6.5,341.9,22.6,58,7.1,6.54,33.8,155,43,45,Drip,193,1.9,89,4.46,30.5,14616,376149,445788,69639,5703.9,7.82,53.6
FARM_3618,Tamil Nadu,Madurai,Potato,Rabi,6.8,452.3,23.4,51.1,7.1,6.73,49.6,141,60,46,Canal,238,3.1,79,5.32,34.36,15418,419097,529762,110665,5392.5,9.87,35.5
FARM_3619,Telangana,Rangareddy,Wheat,Rabi,12.2,384.4,25.5,58.2,7.7,6.09,33.5,148,75,49,Canal,179,2.3,91,4.47,55.52,15118,654119,839351,185232,5260.7,8.5,44.5
FARM_3620,Gujarat,Vadodara,Gram,Rabi,4.6,435.4,20.9,49.6,7.2,7.08,38.7,121,48,50,Tube Well,162,2.4,80,4.21,19.81,16757,256096,331956,75860,5308.8,7.93,36.8
FARM_3621,Uttar Pradesh,Kanpur,Gram,Rabi,4.7,394.4,25,56.7,6.5,7.47,48.2,121,56,30,Canal,129,3.4,80,5.73,30.4,13842,408454,420797,12343,5516.3,10.39,48.9
FARM_3622,Haryana,Hisar,Gram,Rabi,8.6,421.2,21.2,55,6.9,6.42,49.3,107,54,35,Canal,178,2.1,78,5.02,43.37,17251,561493,748176,186683,6008.3,8.36,33.9
FARM_3623,Karnataka,Shimoga,Potato,Rabi,7.6,494,23,62.3,7.5,6.42,38.3,84,69,24,Sprinkler,161,3,88,4.8,32.09,16385,377811,525795,147984,6221.4,7.72,44.6
FARM_3624,Telangana,Nalgonda,Barley,Rabi,10.2,314,24.9,63.2,6.7,6.68,56.3,111,64,36,Canal,181,2.8,90,4.58,47.05,13279,577438,624777,47339,5451.9,8.4,43.9
FARM_3625,Andhra Pradesh,Guntur,Gram,Rabi,12.5,449.2,23.2,60.9,7.3,7.18,41.3,100,57,48,Rainfed,174,2.5,77,6.59,85.17,15824,1147095,1347730,200635,6635.4,9.93,33.6
FARM_3626,Telangana,Medak,Gram,Rabi,5.1,376.3,20.5,43.5,8.7,6.74,43,135,62,46,Rainfed,198,1.9,85,2.37,11.29,12712,151252,143518,-7734,5910.7,4.01,49
FARM_3627,Karnataka,Raichur,Potato,Rabi,8.4,486.3,24.9,51.9,7.4,6.95,41.9,148,58,43,Sprinkler,151,2.2,84,6.17,50.52,14663,612340,740775,128435,6884.3,8.96,40.6
FARM_3628,Karnataka,Dharwad,Barley,Rabi,7.6,444.9,25.1,35,7.2,6.73,34.9,128,53,39,Rainfed,179,2.6,87,6.69,53.76,15608,648245,839086,190841,5364.3,12.47,40.2
FARM_3629,Telangana,Sangareddy,Gram,Rabi,9.4,354.6,23.8,53.6,7.1,6.7,36.8,113,68,57,Rainfed,217,1.6,84,4.56,41.61,15249,431402,634511,203109,6854.7,6.65,42.6
FARM_3630,Andhra Pradesh,Kurnool,Wheat,Rabi,5,425,22.2,55.6,6,5.91,67.2,116,70,44,Tube Well,198,2.6,84,4.1,22.29,16950,280830,377816,96986,6417.6,6.39,43.6
FARM_3631,Telangana,Sangareddy,Gram,Rabi,7.4,356,23.9,66.1,7.7,6.54,36,100,75,39,Canal,125,3,88,5.97,41.03,16597,546562,680975,134413,6407.8,9.32,34.9
FARM_3632,Gujarat,Ahmedabad,Barley,Rabi,8.7,422.6,26.8,48.6,8.4,7.16,43.7,128,55,49,Rainfed,177,2.2,86,5.76,47.77,15532,624713,741964,117251,5388.8,10.69,40.6
FARM_3633,Gujarat,Junagadh,Barley,Rabi,7,342.8,24.7,61.5,5.6,6.7,28.9,120,38,34,Canal,135,3.2,92,4.54,31.72,14178,466696,449726,-16970,6841,6.64,34
FARM_3634,Gujarat,Surat,Potato,Rabi,10.9,482.5,24,64.4,7.1,7.23,46,111,50,57,Tube Well,138,2.4,82,4.28,46.3,17141,588830,793628,204798,5272.7,8.12,28.2
FARM_3635,Haryana,Hisar,Wheat,Rabi,8.5,465.5,23.8,62.8,8.7,6.12,45.8,127,66,48,Tube Well,168,2.5,93,4.44,35.71,13245,331374,472979,141605,5502.5,8.07,44.1
FARM_3636,Tamil Nadu,Thanjavur,Gram,Rabi,7.1,411.1,18.2,43.7,8.3,7.53,51.7,130,55,33,Drip,139,3.6,84,4.58,31.4,14727,401115,462428,61313,6607.3,6.93,25.7
FARM_3637,Punjab,Patiala,Wheat,Rabi,5,398.7,21.8,59.6,5.4,6.03,52.8,107,60,46,Drip,256,2.9,82,4.34,21.29,14500,284619,308705,24086,5372.7,8.08,44.5
FARM_3638,Maharashtra,Pune,Potato,Rabi,6.9,429.3,22.5,47.5,7.5,7.15,64.6,91,34,63,Rainfed,184,2.3,82,4.14,28.09,15318,368099,430283,62184,6015.7,6.88,33.5
FARM_3639,Tamil Nadu,Salem,Barley,Rabi,8.8,341.3,22,54.6,7.8,6.98,40.7,128,57,47,Rainfed,144,1.8,78,4.82,41.94,14841,583572,622432,38860,7047.8,6.84,44.9
FARM_3640,Tamil Nadu,Tiruchirappalli,Barley,Rabi,8.7,479.2,24,60,8.6,6.48,36.9,73,60,59,Sprinkler,186,1.7,81,5.86,54.5,14979,743086,816356,73270,5779.8,10.14,47.8
FARM_3641,Uttar Pradesh,Kanpur,Gram,Rabi,7,377.9,22.9,65.8,8.4,6.23,44.9,120,68,41,Canal,166,4,86,5.73,37.05,15569,474216,576831,102615,5902.8,9.71,41.6
FARM_3642,Maharashtra,Solapur,Gram,Rabi,7.5,455.4,23,50.2,6.3,6.54,46.6,138,64,33,Drip,166,2.3,74,5.29,42.43,15532,506537,659023,152486,4822.4,10.97,34.5
FARM_3643,Maharashtra,Nashik,Potato,Rabi,9.7,469.5,20.7,63.7,8.5,7.17,47.2,118,48,40,Tube Well,178,3.5,78,4.94,50.16,16361,553056,820668,267612,6204.1,7.96,39.6
FARM_3644,Haryana,Kurukshetra,Wheat,Rabi,8.8,436.7,27.6,58.4,7.5,6.88,31.4,102,60,36,Drip,177,2.8,79,5.6,50.61,13944,687906,705706,17800,6998.8,8,37.1
FARM_3645,Haryana,Rohtak,Gram,Rabi,8,330.7,25.4,59,7.7,7.47,61.5,95,55,49,Rainfed,156,3.2,79,5.32,43.95,16206,549252,712254,163002,6420.3,8.29,39.5
FARM_3646,Karnataka,Shimoga,Gram,Rabi,12,417.2,20.7,60.7,7.1,6.15,52.8,161,44,42,Sprinkler,168,3.3,83,2.31,27.86,14996,336565,417789,81224,5386.3,4.29,36.1
FARM_3647,Uttar Pradesh,Kanpur,Potato,Rabi,6.8,460.9,26.7,61.4,6.9,7.18,42.5,141,77,41,Rainfed,122,2.4,93,4.78,30.31,15603,380690,472927,92237,6099.2,7.84,38.4
FARM_3648,Uttar Pradesh,Kanpur,Wheat,Rabi,7.6,477.5,23.6,56.1,5,6.89,49.9,133,78,51,Drip,207,3.1,85,6.06,49.67,16536,607968,821343,213375,5948.8,10.19,35.9
FARM_3649,Tamil Nadu,Coimbatore,Mustard,Rabi,8.4,514.5,19.4,70.1,6.9,6.8,56.7,99,59,43,Drip,91,2.4,76,5.05,38.9,14682,497564,571130,73566,5389.6,9.37,31.5
FARM_3650,Karnataka,Shimoga,Potato,Rabi,7.4,461.4,24.8,58,6.1,7.43,44.6,129,56,54,Canal,161,2.1,83,3.64,25.78,17818,310869,459348,148479,5906.6,6.16,43.2
FARM_3651,Madhya Pradesh,Jabalpur,Barley,Rabi,6,392.5,24.6,59.3,5.7,7.02,46.6,131,55,48,Tube Well,230,2.5,81,5,29.7,14024,356407,416513,60106,5859.4,8.53,37.2
FARM_3652,Tamil Nadu,Madurai,Barley,Rabi,9.6,485.4,22.9,48.5,7.5,6.66,37.8,114,65,49,Rainfed,233,2.1,94,4.53,45.85,16957,550207,777478,227271,6235.1,7.27,49.7
FARM_3653,Maharashtra,Solapur,Potato,Rabi,7.6,437.8,21.9,47.3,6.8,7.51,45.2,132,46,40,Rainfed,200,3,79,6.43,48.96,16983,597767,831488,233721,5688.6,11.3,41.8
FARM_3654,Andhra Pradesh,Chittoor,Wheat,Rabi,6.8,505.8,22.5,65.2,7.1,6.7,53.6,119,47,51,Sprinkler,168,2.4,89,4.77,30.63,16537,331411,506528,175117,6441.3,7.41,31.7
FARM_3655,Maharashtra,Aurangabad,Gram,Rabi,7.8,420.8,22.7,46.2,7.2,7.11,41.6,98,50,51,Tube Well,241,2.3,73,4.5,37.53,15462,414235,580289,166054,5022.2,8.96,21.1
FARM_3656,Haryana,Kurukshetra,Barley,Rabi,8.2,347.8,24,56.4,10.2,6.83,53.6,145,41,50,Canal,212,3.1,80,3.91,28.75,14602,370638,419808,49170,5091.1,7.68,40.5
FARM_3657,Gujarat,Junagadh,Mustard,Rabi,10.6,350.8,23.3,63.3,7.1,6.3,41.8,82,42,43,Sprinkler,176,1.5,84,5.07,57.15,13002,692221,743064,50843,6553.4,7.74,32.2
FARM_3658,Gujarat,Ahmedabad,Wheat,Rabi,7.4,490.1,21.2,51.5,7.3,7.18,49,116,47,45,Sprinkler,168,2.8,73,4.03,29.68,16677,333259,494973,161714,5131.8,7.85,45.2
FARM_3659,Andhra Pradesh,Guntur,Potato,Rabi,9,420.8,19.7,56.8,10.2,7.68,41.9,113,56,39,Rainfed,175,2.3,80,6.01,52.01,15653,629946,814113,184167,5623.2,10.69,24.3
FARM_3660,Madhya Pradesh,Gwalior,Barley,Rabi,8.7,518.8,20.3,46,5.9,6.51,46,133,42,45,Drip,209,2.8,82,4.97,41.91,18517,616844,776047,159203,5834.7,8.52,37.4
FARM_3661,Tamil Nadu,Salem,Potato,Rabi,6.9,417.2,25.6,57.3,7.5,6.55,47,142,45,55,Rainfed,202,2.3,75,5.96,40.56,14967,477459,607062,129603,4647.4,12.82,47.9
FARM_3662,Uttar Pradesh,Lucknow,Barley,Rabi,5.6,412.5,27.1,48.7,6.1,7.01,52.6,115,62,54,Canal,223,1.6,89,5.44,28.83,14708,328687,424032,95345,6115.6,8.9,38.3
FARM_3663,Uttar Pradesh,Agra,Gram,Rabi,9.9,460.4,22.4,53.3,6,6.65,34.5,85,70,36,Canal,219,2.8,88,4.93,49.19,13637,574285,670804,96519,5514.8,8.94,33.5
FARM_3664,Karnataka,Belagavi,Potato,Rabi,7.8,456.9,25,59.9,6.7,6.51,31,139,61,44,Tube Well,159,2.2,87,4.79,35.49,15988,480520,567414,86894,5217,9.18,32.2
FARM_3665,Gujarat,Surat,Potato,Rabi,9.3,355.7,22.1,57.7,6.3,6.69,38,133,46,56,Sprinkler,159,2.1,84,5.62,52.09,14170,691559,738115,46556,5337.6,10.53,43.2
FARM_3666,Maharashtra,Pune,Wheat,Rabi,6.6,454.5,22.4,53.7,9.5,6.35,48.6,124,41,32,Canal,214,1.6,84,4.43,29.66,15580,370998,462103,91105,7555,5.86,55.1
FARM_3667,Uttar Pradesh,Lucknow,Gram,Rabi,5.2,502.4,21.1,59.9,8.7,7.69,27.1,155,53,30,Sprinkler,190,2.7,90,4.77,24.74,15376,234983,380402,145419,4789.7,9.96,35.7
FARM_3668,Gujarat,Rajkot,Barley,Rabi,6.5,520.8,23.5,67.5,8.8,6.89,31.4,111,44,35,Canal,184,3.9,81,3.95,26.15,13324,327859,348423,20564,5411.4,7.3,37.8
FARM_3669,Punjab,Bathinda,Gram,Rabi,7.4,511.8,22.5,56.9,6.9,7.17,57.6,103,37,43,Tube Well,186,3.4,83,7.18,52.91,13546,669529,716719,47190,6917.6,10.38,57.7
FARM_3670,Madhya Pradesh,Jabalpur,Mustard,Rabi,5.9,413.2,24.5,62.8,6.8,6.7,41.2,118,56,51,Drip,184,2,85,6.31,37.72,16734,440368,631206,190838,6565.1,9.61,39.8
FARM_3671,Uttar Pradesh,Agra,Gram,Rabi,7.7,423.9,23.7,49.9,6.8,7,40,153,52,41,Canal,179,2.7,79,9.34,68.47,12917,937533,884427,-53106,7377.7,12.66,37.7
FARM_3672,Tamil Nadu,Madurai,Mustard,Rabi,9.4,306.3,24.6,56.4,5.4,7.73,34.2,118,46,42,Rainfed,134,3,81,6.18,53.03,16935,620385,898063,277678,5630.7,10.98,41.9
FARM_3673,Madhya Pradesh,Gwalior,Wheat,Rabi,10,513.2,23.9,53.1,6.6,6.95,56.8,139,52,52,Canal,163,2.2,83,4.21,39.24,16310,451174,640004,188830,5821.5,7.23,44.7
FARM_3674,Telangana,Rangareddy,Gram,Rabi,6.9,521.8,24.2,57.2,6.9,6.02,28.4,148,38,43,Sprinkler,189,2,91,5.84,42.16,14892,542662,627847,85185,6288.8,9.29,45.6
FARM_3675,Karnataka,Shimoga,Potato,Rabi,10.3,460.3,21,66.5,8.4,6.6,51.1,74,56,44,Canal,183,1.9,89,4.77,48.51,16597,505150,805120,299970,4530.1,10.53,25.3
FARM_3676,Maharashtra,Aurangabad,Mustard,Rabi,9,460.1,24,59.7,6.9,6.63,45.1,114,40,36,Sprinkler,158,2.8,76,4.41,41.34,14086,546682,582315,35633,6465.2,6.82,34.3
FARM_3677,Telangana,Sangareddy,Potato,Rabi,8.8,441.3,21,60.9,6.4,6.48,55,104,67,44,Tube Well,164,1.6,82,5.11,44.53,15433,613468,687231,73763,4630.5,11.04,40.3
FARM_3678,Karnataka,Dharwad,Wheat,Rabi,9,518.4,21.8,45,7.7,6.85,54.1,114,56,72,Canal,154,2,80,6.21,56.21,14898,728002,837417,109415,7005.8,8.86,42.1
FARM_3679,Maharashtra,Solapur,Wheat,Rabi,8.5,359.2,23.9,45.1,6.2,7.1,36.6,78,57,38,Rainfed,128,2.3,79,5.86,52.58,14507,720103,762778,42675,5461.3,10.73,38
FARM_3680,Gujarat,Junagadh,Gram,Rabi,6.5,510.3,25.5,54,7.5,6.34,35.7,97,51,35,Sprinkler,139,2.6,93,4.52,30.12,16591,301021,499721,198700,6240.6,7.24,49.8
FARM_3681,Madhya Pradesh,Gwalior,Wheat,Rabi,8.6,416.1,23.2,58.2,6.8,6.17,44,122,45,45,Rainfed,173,2.1,80,5.07,46.91,13129,565870,615881,50011,5750,8.82,35.9
FARM_3682,Tamil Nadu,Tiruchirappalli,Wheat,Rabi,8.9,502.3,24.1,56.5,8.7,6.93,35.5,155,56,54,Canal,177,2.6,78,5.88,52.87,13814,581808,730346,148538,6846.1,8.59,41.7
FARM_3683,Uttar Pradesh,Agra,Gram,Rabi,9.6,557.6,23,42.9,7.6,6.08,30.4,157,55,29,Tube Well,194,1.9,76,4.63,43.38,16661,523472,722754,199282,5775.8,8.02,36.2
FARM_3684,Haryana,Karnal,Gram,Rabi,8.6,425.5,20.1,63.5,7.3,5.89,49.2,106,42,51,Rainfed,150,2.9,80,4.64,38.82,13354,501604,518402,16798,5084.4,9.13,35.1
FARM_3685,Gujarat,Rajkot,Gram,Rabi,7.4,455.5,21.1,57.1,7.1,6.87,37.5,140,43,30,Canal,194,1.8,84,5.65,44.57,15571,531709,693999,162290,6430.3,8.79,29.2
FARM_3686,Haryana,Karnal,Wheat,Rabi,6.3,645.4,23.2,59.4,6.5,5.9,44.5,119,53,56,Canal,127,2.7,82,5.36,37.38,14988,501954,560251,58297,6493.7,8.25,53.9
FARM_3687,Madhya Pradesh,Bhopal,Wheat,Rabi,9.7,488,23.1,52.8,7.6,6.48,37.1,144,60,64,Rainfed,150,2.6,82,6.31,57.01,14847,658466,846427,187961,7180.5,8.79,51.1
FARM_3688,Madhya Pradesh,Jabalpur,Mustard,Rabi,4.6,409.3,25.2,39.1,6.6,6.86,49.4,133,49,36,Canal,121,0.9,84,4.92,23.02,14630,273859,336783,62924,6356.8,7.74,39.2
FARM_3689,Andhra Pradesh,Guntur,Mustard,Rabi,7.2,496.6,24.5,64.9,7.2,6.5,30.8,165,42,39,Drip,154,2.2,86,5.83,43.35,15031,615512,651594,36082,5480.7,10.64,35.7
FARM_3690,Punjab,Ludhiana,Barley,Rabi,7,365.5,29.2,57,9,6.57,28.7,167,56,42,Canal,191,3.2,91,4.68,33.33,13376,386375,445822,59447,4945.9,9.46,35.7
FARM_3691,Madhya Pradesh,Bhopal,Gram,Rabi,9.5,482.6,21.2,49.4,7.4,6.68,51.4,131,43,33,Sprinkler,175,2.1,85,5.19,48.88,15134,649050,739750,90700,5390.5,9.63,42.8
FARM_3692,Gujarat,Vadodara,Gram,Rabi,7.6,490.8,23.2,59.2,5.6,6.67,51.7,130,52,53,Sprinkler,159,2.8,80,4.37,33.08,17136,413868,566859,152991,6952.6,6.29,30.2
FARM_3693,Andhra Pradesh,Guntur,Gram,Rabi,6.4,387.3,22.2,59.6,7.5,6.96,40.7,94,45,36,Tube Well,99,2.2,76,4.59,28.51,14534,371968,414364,42396,4715,9.73,46.6
FARM_3694,Madhya Pradesh,Jabalpur,Gram,Rabi,8.7,528.2,24.2,46.3,8.2,7.07,41.3,111,45,43,Sprinkler,161,1.7,89,5.63,49.88,14261,569926,711339,141413,5993.8,9.39,42.8
FARM_3695,Tamil Nadu,Coimbatore,Wheat,Rabi,7.8,523.9,23.7,72.6,5.7,6.79,39.6,95,64,43,Tube Well,183,2.6,76,5.34,40.76,15885,551182,647473,96291,4509.6,11.84,50.2
FARM_3696,Madhya Pradesh,Bhopal,Mustard,Rabi,9.3,392.1,21.4,61.7,9.9,6.54,51,128,51,47,Canal,141,2.6,81,5.73,59.92,15243,699367,913361,213994,4934.9,11.61,44.5
FARM_3697,Uttar Pradesh,Kanpur,Barley,Rabi,9,385.7,21.4,74.4,7,7.13,44,84,53,41,Canal,236,1.9,90,4,33.16,15798,349582,523862,174280,4984.4,8.03,40.9
FARM_3698,Haryana,Kurukshetra,Barley,Rabi,8.3,461.5,26.3,60.6,6,6.09,48.4,91,71,42,Canal,139,1.8,79,5.32,43.17,16456,554389,710406,156017,5672.2,9.38,48.2
FARM_3699,Tamil Nadu,Coimbatore,Wheat,Rabi,7.9,523.3,23.2,65.6,5,6.68,50.5,151,53,44,Canal,173,1.8,88,5.37,42.03,12107,479234,508857,29623,5816.2,9.23,49.9
FARM_3700,Karnataka,Belagavi,Potato,Rabi,7.2,455.5,24.5,54,8.3,6.5,43.4,159,53,41,Canal,132,2.1,87,5.78,39.13,15315,469516,599276,129760,4043.8,14.29,46.1
FARM_3701,Haryana,Hisar,Potato,Rabi,8.9,333.7,24.9,47.6,8.4,6.47,42.9,105,46,61,Canal,104,3.1,78,5.81,54,15706,717675,848124,130449,5412.4,10.73,42.7
FARM_3702,Maharashtra,Aurangabad,Barley,Rabi,7.7,334.5,27.2,60.9,6.5,6.93,46.3,110,63,44,Sprinkler,170,2.9,83,5.3,43.11,17611,512711,759210,246499,4253.4,12.46,35.9
FARM_3703,Telangana,Rangareddy,Wheat,Rabi,7.4,391.8,25.8,66,6.5,6.88,55.1,110,54,33,Sprinkler,169,2.6,90,5.44,40.32,15542,506817,626653,119836,6515.4,8.35,49.6
FARM_3704,Madhya Pradesh,Jabalpur,Gram,Rabi,5.3,311.8,25.9,56,7.5,6.28,31.9,145,53,39,Rainfed,198,3.2,98,4.26,22.78,15523,291264,353614,62350,7111.5,5.99,30
FARM_3705,Madhya Pradesh,Indore,Potato,Rabi,8.6,358.8,25.7,58.6,7.7,6.68,50.9,106,55,35,Drip,195,3.3,71,4.14,33.58,15954,439437,535735,96298,5686.1,7.28,45.3
FARM_3706,Telangana,Sangareddy,Potato,Rabi,7.1,402.7,24,53.3,7.6,6.73,41.8,98,64,45,Drip,149,3.4,94,5.45,37.93,14291,539616,542058,2442,6135.3,8.88,37.6
FARM_3707,Madhya Pradesh,Bhopal,Barley,Rabi,9.2,492,23.1,44.8,7.6,7.24,51.4,113,54,46,Rainfed,173,2.5,71,6.06,57.66,13681,823585,788846,-34739,6045.9,10.02,31.2
FARM_3708,Tamil Nadu,Coimbatore,Barley,Rabi,8,454.4,24.3,57.7,6.7,7.2,60.1,113,51,49,Sprinkler,173,2.8,90,5.35,43.55,14745,459316,642145,182829,5719.1,9.35,45.6
FARM_3709,Gujarat,Junagadh,Barley,Rabi,7,417.2,25.3,56.8,8.8,6.78,53.5,129,22,33,Sprinkler,136,1.8,72,5.55,39.72,14215,458841,564620,105779,5920.3,9.37,50.2
FARM_3710,Madhya Pradesh,Bhopal,Wheat,Rabi,9.8,471.5,26.3,44.3,7.7,6.97,20.8,124,68,66,Rainfed,121,2.3,84,4.73,46.73,15859,592527,741091,148564,4578.4,10.33,32.4
FARM_3711,Tamil Nadu,Coimbatore,Barley,Rabi,6.9,405,23.8,48.3,7.7,6.24,45.9,139,66,57,Drip,136,2,83,4.62,31.4,13732,366386,431185,64799,5015.9,9.21,32.1
FARM_3712,Karnataka,Dharwad,Mustard,Rabi,6.1,409.8,23.5,48.4,7,6.92,46.1,144,78,43,Rainfed,177,3.2,92,5.14,30.38,16754,375827,508987,133160,5541.9,9.27,48.7
FARM_3713,Gujarat,Ahmedabad,Mustard,Rabi,5,416.5,23,56.3,6,6.94,52.8,102,61,28,Rainfed,140,2.4,83,4.52,23.62,14804,286709,349670,62961,6469.2,6.99,35.8
FARM_3714,Madhya Pradesh,Gwalior,Potato,Rabi,7.3,456,25.7,56.2,6.5,6.64,16.5,161,32,46,Tube Well,197,3,82,5.88,36.81,14688,486664,540665,54001,5057.4,11.63,41.4
FARM_3715,Gujarat,Junagadh,Gram,Rabi,8.2,489.6,26.9,53.4,5.7,6.18,43.7,156,67,31,Canal,168,2.9,83,5.44,42.73,15585,567520,665947,98427,6021.5,9.03,45.7
FARM_3716,Madhya Pradesh,Gwalior,Wheat,Rabi,5.4,224.1,26.8,48,6.8,6.47,40,158,55,59,Sprinkler,187,2.6,72,2.39,12.64,16160,137129,204262,67133,5243.3,4.56,47.9
FARM_3717,Haryana,Hisar,Gram,Rabi,6.8,494.3,23,46.9,5.9,6.28,45.2,85,45,40,Sprinkler,155,2.8,94,5.92,39.11,17658,484974,690604,205630,5065.6,11.69,59.2
FARM_3718,Maharashtra,Solapur,Wheat,Rabi,9.2,421.1,24.2,62,6.9,6.83,34.4,128,52,43,Canal,151,2.4,85,5.31,49.97,14636,719381,731361,11980,4768.2,11.14,52.1
FARM_3719,Tamil Nadu,Salem,Wheat,Rabi,8,393,22.3,42.5,5,7.21,37,148,53,37,Canal,195,1.8,86,3.49,27.42,16080,388000,440914,52914,5017.9,6.96,36.9
FARM_3720,Uttar Pradesh,Kanpur,Potato,Rabi,5.7,537.4,24.4,58.9,6,7.45,41.6,103,40,44,Canal,135,3.4,84,5.02,28.78,14535,379416,418317,38901,6586.7,7.62,48.1
FARM_3721,Andhra Pradesh,Chittoor,Barley,Rabi,8.3,425.1,18.2,41,7.4,7.05,44.2,91,67,32,Tube Well,170,2.9,88,4.24,34.92,16035,451920,559942,108022,7818.7,5.42,40.4
FARM_3722,Andhra Pradesh,Anantapur,Mustard,Rabi,7.7,423.5,21.1,47.3,7.3,7.94,45.3,99,48,44,Tube Well,227,2.6,87,4.39,33.31,15237,408576,507544,98968,5072.8,8.65,34.9
FARM_3723,Andhra Pradesh,Chittoor,Barley,Rabi,8.9,516.5,22.9,66.6,7.7,6.62,49.3,137,65,48,Sprinkler,211,2.6,86,4.89,44.79,14320,544246,641393,97147,6803.2,7.19,44.9
FARM_3724,Andhra Pradesh,Guntur,Potato,Rabi,7,438.8,25.1,56.4,5.6,6.68,48.6,101,66,58,Rainfed,176,2.8,94,4.44,31.95,13479,427263,430654,3391,4752.5,9.34,43.9
FARM_3725,Telangana,Sangareddy,Gram,Rabi,8.6,455.9,21.6,56.9,9.2,6.83,42.4,91,68,29,Sprinkler,174,1.7,88,6.68,60.4,13573,811256,819809,8553,6636.1,10.07,37.8
FARM_3726,Telangana,Warangal,Barley,Rabi,7.1,403.2,25.5,58.2,6.1,7.04,26.6,107,73,26,Canal,144,2.1,80,5.35,36.33,15662,415750,569000,153250,6321.6,8.46,53.1
FARM_3727,Telangana,Nalgonda,Potato,Rabi,8.8,348.8,24.4,46.5,7.6,7.37,51.9,95,63,46,Sprinkler,167,1.7,83,3.97,33.52,15375,406483,515370,108887,6155.5,6.45,35.3
FARM_3728,Karnataka,Belagavi,Barley,Rabi,6.2,372.6,23,49,7.1,6.98,42.8,130,46,43,Tube Well,190,2.4,80,5.23,31.61,15935,379094,503705,124611,6359.6,8.22,42.5
FARM_3729,Punjab,Bathinda,Wheat,Rabi,8,411.6,22.7,57.2,7.5,6.46,47.7,78,62,40,Sprinkler,205,2.5,81,5.28,42.37,14842,496497,628856,132359,5664.2,9.32,37.7
FARM_3730,Madhya Pradesh,Indore,Gram,Rabi,10,496.7,25.9,61.7,8.4,6.41,43.8,64,52,37,Rainfed,120,3.5,91,6,65.84,14494,806806,954285,147479,5886.8,10.19,20.7
FARM_3731,Telangana,Sangareddy,Wheat,Rabi,11.3,478.2,24.9,57.4,8.4,6.75,37.5,90,55,36,Drip,170,3.2,78,5.74,59.07,12785,713666,755210,41544,5133.9,11.18,37.5
FARM_3732,Maharashtra,Nashik,Gram,Rabi,5.8,414.8,23.9,60.4,5.5,7.91,57.3,126,32,50,Drip,220,2.7,72,5.63,34.69,12901,495847,447536,-48311,7766.8,7.25,40.7
FARM_3733,Madhya Pradesh,Gwalior,Barley,Rabi,7.9,489.9,21.1,64.3,8.9,6.46,37.2,125,44,49,Sprinkler,172,1.7,78,4.52,34.8,14499,388769,504565,115796,6348,7.12,45.1
FARM_3734,Tamil Nadu,Tiruchirappalli,Mustard,Rabi,8.2,408.8,22.8,58.4,7.7,6.51,48.4,128,69,46,Rainfed,154,1.8,88,5.18,36.25,14915,472926,540669,67743,7258.4,7.14,30.6
FARM_3735,Maharashtra,Nagpur,Gram,Rabi,8.3,540.2,17.8,68.9,6.6,7.31,46.6,116,50,38,Rainfed,150,2.1,98,6.42,53.73,14753,732208,792679,60471,5779,11.11,26.2
FARM_3736,Gujarat,Junagadh,Barley,Rabi,6,465.9,18.8,53.8,7,6.99,41.8,139,45,35,Rainfed,255,1.7,89,4.54,28.98,12491,363001,361989,-1012,5536.7,8.2,43.5
FARM_3737,Uttar Pradesh,Agra,Barley,Rabi,9.9,437.7,20.9,50.5,7.5,7.67,55.1,87,58,25,Drip,190,2.4,83,6.05,56.67,12704,709678,719936,10258,6593.1,9.18,44.5
FARM_3738,Tamil Nadu,Coimbatore,Barley,Rabi,11.8,559.2,24.4,57.2,7,7.4,51.2,124,54,40,Rainfed,222,0.8,80,5.39,63.61,15475,862045,984365,122320,3982.6,13.53,55.6
FARM_3739,Gujarat,Surat,Gram,Rabi,7.3,408.4,25,55.4,7.1,6.23,51.1,92,53,57,Rainfed,242,2.6,86,4.26,29.67,11222,337491,332957,-4534,5905.5,7.21,26.4
FARM_3740,Haryana,Hisar,Wheat,Rabi,10.8,337.7,22.6,58.3,7,7.97,42.4,117,62,52,Sprinkler,215,2.6,80,5.4,54.27,13871,664219,752779,88560,6021.6,8.97,48.8
FARM_3741,Maharashtra,Nashik,Potato,Rabi,9.3,460.3,22,69.3,7.9,7.18,59.4,112,39,52,Sprinkler,162,2.3,90,5.92,57.72,16373,642985,945050,302065,5804.2,10.2,38.5
FARM_3742,Uttar Pradesh,Varanasi,Wheat,Rabi,6.7,420,20.3,61.8,5.8,7.84,46.1,123,64,37,Rainfed,192,2,85,5.38,33.55,16372,398503,549281,150778,3406.8,15.79,36.7
FARM_3743,Gujarat,Rajkot,Potato,Rabi,6.9,461.9,19.7,53.9,6.4,6.88,46.6,83,44,38,Rainfed,222,1.5,79,4.81,33.95,16184,474678,549447,74769,5437.2,8.85,31.9
FARM_3744,Andhra Pradesh,Chittoor,Potato,Rabi,9.3,430,24.6,55.6,10,6.55,31.8,113,33,60,Sprinkler,140,2.3,93,4.43,40.35,13645,605845,550576,-55269,5146.1,8.61,48.9
FARM_3745,Uttar Pradesh,Agra,Gram,Rabi,7.9,419.2,23.9,69.9,7.4,6.14,47.1,138,48,51,Drip,181,2,78,4.73,37.8,15652,495767,591646,95879,5957.9,7.94,43.8
FARM_3746,Maharashtra,Aurangabad,Potato,Rabi,9.4,417.6,24.1,67.2,7,6.36,50.2,92,52,51,Rainfed,226,1.3,82,6.13,56.9,17454,717275,993133,275858,4462.6,13.74,48.8
FARM_3747,Maharashtra,Aurangabad,Gram,Rabi,6.7,404.9,24.4,61.5,8.6,6.93,54.7,139,64,56,Canal,174,3,77,6.1,41.92,14116,555698,591743,36045,6272.7,9.72,39.9
FARM_3748,Andhra Pradesh,Kurnool,Wheat,Rabi,9.9,483.2,18.8,52.4,6.1,7.14,42.3,106,70,32,Drip,182,1.5,85,3.62,36.02,16706,445038,601750,156712,6620.7,5.47,39.1
FARM_3749,Haryana,Ambala,Barley,Rabi,7.8,469.4,25.8,62.1,7,6.78,38.4,122,48,67,Canal,189,2.3,85,4.87,34.37,13733,431837,472003,40166,5112,9.53,38.1
FARM_3750,Tamil Nadu,Madurai,Wheat,Rabi,8.8,417.4,24.5,56.8,4.7,6.51,27.4,90,48,41,Drip,171,2.7,80,5.81,52.01,14042,618436,730324,111888,5862.1,9.91,54.7
FARM_3751,Punjab,Bathinda,Potato,Rabi,12.4,381.9,19.9,65.9,7.2,6.36,52.9,97,70,47,Rainfed,183,1.5,76,3.87,53.23,14889,643546,792541,148995,5761.9,6.72,40.9
FARM_3752,Madhya Pradesh,Jabalpur,Potato,Rabi,6.6,420.2,25.2,63.8,7.2,6.26,20.5,114,49,62,Rainfed,149,3,86,6.07,44.3,14881,530905,659228,128323,5487.9,11.06,49.7
FARM_3753,Uttar Pradesh,Agra,Potato,Rabi,9.9,479.5,25.6,72.3,8.7,6.23,40.8,111,55,34,Sprinkler,150,1.2,78,4.65,44.4,16612,462373,737573,275200,5386.8,8.63,33.7
FARM_3754,Punjab,Jalandhar,Potato,Rabi,7.5,543.8,20.7,59.8,5.7,6.83,48.8,125,32,51,Canal,178,2.4,71,5.7,39.3,17683,455772,694942,239170,6339.6,8.99,39
FARM_3755,Andhra Pradesh,Kurnool,Wheat,Rabi,7.5,400.1,23.3,62.2,8.4,6.36,34.7,123,33,41,Sprinkler,185,2.3,82,3.95,28.64,13791,360109,394974,34865,5250.3,7.52,56.3
FARM_3756,Maharashtra,Pune,Wheat,Rabi,8.7,496.1,22.4,65.8,7.5,6.9,51.4,153,56,57,Canal,186,1.7,81,5.74,52.34,16463,562814,861673,298859,7716.8,7.44,38.9
FARM_3757,Tamil Nadu,Coimbatore,Gram,Rabi,8.4,529.1,22.7,50.4,6.7,6.92,43.7,83,45,52,Sprinkler,154,3.4,83,4.68,40.06,15312,495361,613399,118038,5109.1,9.16,52.2
FARM_3758,Maharashtra,Nashik,Mustard,Rabi,5.7,441.4,22.4,57.1,7,6.85,48.3,84,41,48,Tube Well,151,1.6,88,4.85,26.17,15564,345615,407310,61695,6295.9,7.7,35
FARM_3759,Tamil Nadu,Madurai,Mustard,Rabi,7.5,529.7,21.4,51.3,6.7,7.22,33,102,55,60,Sprinkler,185,2.7,77,4.57,31.14,16901,350569,526297,175728,5631.3,8.12,34.4
FARM_3760,Haryana,Ambala,Mustard,Rabi,10,308.5,25.3,61.2,7,7.19,40.3,113,72,55,Rainfed,193,2.2,86,4.73,45.6,13501,520136,615646,95510,5630.3,8.4,34.5
FARM_3761,Haryana,Ambala,Mustard,Rabi,5.7,364.5,18.4,69.2,7.5,7.18,45.3,139,74,37,Rainfed,175,2.6,77,8.45,48.28,14194,607055,685286,78231,5772.7,14.64,32.2
FARM_3762,Madhya Pradesh,Indore,Gram,Rabi,7.2,448.8,24.5,59.6,8.1,8.24,35.7,103,55,31,Tube Well,187,2.1,89,5.54,41,12372,492265,507252,14987,6238.4,8.88,41.8
FARM_3763,Gujarat,Ahmedabad,Mustard,Rabi,8,343.6,22.8,43.5,7.1,6.78,36.5,113,55,48,Sprinkler,221,4.1,81,3.93,32.98,16434,423053,541993,118940,6090.8,6.45,37.9
FARM_3764,Madhya Pradesh,Ujjain,Gram,Rabi,5.8,452.7,22.4,57.8,6.6,6.34,42.2,119,49,51,Tube Well,192,2.1,82,4.03,24.53,13096,323447,321245,-2202,5397.6,7.47,39.1
FARM_3765,Uttar Pradesh,Kanpur,Gram,Rabi,10,366.7,21.6,38.1,6.9,7.16,23.3,132,36,57,Tube Well,185,2.1,81,6.17,60.75,15686,696695,952925,256230,5989,10.3,55
FARM_3766,Tamil Nadu,Madurai,Mustard,Rabi,9.8,447.7,21.3,47.6,8.3,6.58,53.9,146,42,42,Sprinkler,128,1.7,67,4.9,48.75,14360,598170,700050,101880,5960.5,8.22,40.5
FARM_3767,Maharashtra,Aurangabad,Potato,Rabi,9.1,426.1,22.4,51.6,6.8,5.94,54.8,94,50,51,Sprinkler,156,2.6,86,5.07,46.79,15311,590484,716402,125918,6596.3,7.69,29.6
FARM_3768,Gujarat,Vadodara,Potato,Rabi,10.1,453.4,20.7,43.7,9.5,7.39,64.1,116,56,57,Sprinkler,209,2.7,87,4.8,46.44,15167,639601,704355,64754,6511.8,7.37,31.4
FARM_3769,Andhra Pradesh,Guntur,Barley,Rabi,6.2,399.6,25.8,58.8,6.6,6.65,41.4,134,61,41,Canal,156,3,86,3.84,24.09,16053,348414,386717,38303,5301.5,7.24,50.5
FARM_3770,Maharashtra,Nashik,Gram,Rabi,5.7,473.9,22,54.8,4,7.72,38.1,109,63,41,Drip,202,2.5,76,5.58,31.7,14596,441971,462693,20722,5330.7,10.47,36.5
FARM_3771,Gujarat,Vadodara,Mustard,Rabi,8.3,307.5,20.1,61.2,6.1,6.43,58,131,43,39,Sprinkler,213,1.1,69,4.3,33.7,16204,415985,546075,130090,4610.5,9.33,29
FARM_3772,Gujarat,Ahmedabad,Wheat,Rabi,8.5,314.9,24.6,57.6,6.7,6.78,33.2,181,56,32,Sprinkler,187,1.8,80,4.95,41.36,16062,489809,664324,174515,4771.9,10.37,46.1
FARM_3773,Punjab,Bathinda,Barley,Rabi,7.3,532.5,23.9,73.4,6.3,5.92,50.4,95,46,51,Tube Well,202,1.9,74,4.66,31.75,14808,375593,470154,94561,5235.4,8.9,46
FARM_3774,Maharashtra,Nagpur,Barley,Rabi,7.3,577.2,27.3,57.7,6.7,6.46,30.5,136,68,46,Drip,183,3.6,84,5.06,35.17,16683,455123,586741,131618,7776.1,6.51,26.6
FARM_3775,Uttar Pradesh,Agra,Wheat,Rabi,6.4,524.4,25.1,60.4,6.5,7.02,48.1,103,37,39,Tube Well,146,3,80,6.04,44.03,14869,503076,654682,151606,7233.2,8.35,49.4
FARM_3776,Gujarat,Vadodara,Gram,Rabi,5.8,472.4,22.7,53.7,8.1,6.18,43.6,94,37,58,Rainfed,225,2.3,85,5.61,32.54,16619,352789,540782,187993,5965.7,9.4,46.3
FARM_3777,Andhra Pradesh,Anantapur,Wheat,Rabi,8.8,441.4,26.1,58.1,8.4,6.36,54.9,104,40,45,Sprinkler,271,1.3,90,4.56,39.2,13458,444321,527554,83233,6010.6,7.59,46.6
FARM_3778,Gujarat,Surat,Potato,Rabi,7.3,274.5,18.7,46.5,6.2,7.15,46.2,106,60,51,Tube Well,187,3.5,81,5.1,38.97,15861,417245,618103,200858,4654.2,10.96,36.8
FARM_3779,Madhya Pradesh,Gwalior,Wheat,Rabi,5.4,450.4,26.3,61.4,7.5,7.07,50.9,129,36,59,Rainfed,188,3,78,5.03,27,15787,300392,426249,125857,5576.8,9.02,37.7
FARM_3780,Maharashtra,Nagpur,Mustard,Rabi,9.5,423.9,23.6,49,7,6.48,42.1,141,68,52,Canal,187,2.2,83,4.88,47.79,13553,494983,647698,152715,5768.4,8.46,38.2
FARM_3781,Telangana,Medak,Potato,Rabi,9.3,425.3,22.9,57.1,8.9,6.44,51.3,87,59,62,Canal,201,2.2,76,3.99,40.07,15213,512477,609585,97108,7399.5,5.39,38
FARM_3782,Andhra Pradesh,Anantapur,Wheat,Rabi,10.9,477.6,26.7,60.3,7.7,7.04,39.6,92,38,48,Sprinkler,191,2.5,84,4.25,48.44,13684,690563,662853,-27710,5544.7,7.66,46.5
FARM_3783,Telangana,Warangal,Barley,Rabi,7.2,403.7,19,59.4,6.6,7.2,27.4,68,61,37,Canal,218,3.6,87,6.32,47.39,14951,566758,708528,141770,5367.2,11.78,35.5
FARM_3784,Maharashtra,Aurangabad,Potato,Rabi,6,364.2,25.2,63.5,8,7.38,41.3,101,62,62,Drip,152,1.9,88,5.13,31.29,15521,460964,485652,24688,5789.4,8.86,35.9
FARM_3785,Uttar Pradesh,Varanasi,Wheat,Rabi,6.9,394,21,35.8,7.3,6.32,47.7,95,36,49,Canal,193,2.6,79,5.08,36.61,15296,406853,559987,153134,5574.8,9.11,47.9
FARM_3786,Andhra Pradesh,Kurnool,Gram,Rabi,10,436.6,22.5,48.4,8.3,6.06,31.2,122,73,41,Sprinkler,173,1.7,87,5.6,51.3,15617,635077,801152,166075,7035.7,7.96,47.9
FARM_3787,Maharashtra,Aurangabad,Wheat,Rabi,7.4,431.6,21.3,55.5,7.7,6.3,39.7,108,25,45,Canal,219,2.5,80,5.32,42.06,14338,568404,603056,34652,4275,12.44,40.8
FARM_3788,Punjab,Jalandhar,Gram,Rabi,8.4,353.6,24.5,59.5,6.8,7.02,39.7,127,62,34,Tube Well,214,1.5,82,4.37,39.16,15060,418663,589750,171087,5167,8.46,46
FARM_3789,Gujarat,Vadodara,Mustard,Rabi,10,464.2,24.9,66.3,7.1,6.91,40.6,110,62,43,Sprinkler,206,2.9,77,5.41,53.15,15021,612861,798366,185505,7509.9,7.2,32
FARM_3790,Andhra Pradesh,Chittoor,Wheat,Rabi,10.4,443.8,24.8,55.8,7.6,5.77,48.6,108,55,46,Rainfed,196,1.7,71,5.39,58.26,16081,635330,936879,301549,5850.3,9.21,48.9
FARM_3791,Punjab,Jalandhar,Potato,Rabi,8.3,467,24.2,64.5,7.1,7.3,37.7,112,48,44,Sprinkler,169,1.9,92,5.12,44.06,14940,560193,658256,98063,5011.4,10.22,36.8
FARM_3792,Andhra Pradesh,Guntur,Wheat,Rabi,10,513.9,25,58.4,8.9,7.19,32.4,94,57,42,Canal,215,1.8,80,5.3,53.27,15233,663945,811462,147517,6009.9,8.82,41.6
FARM_3793,Gujarat,Vadodara,Gram,Rabi,8.8,407.5,21.3,53.9,7.1,6.42,51,120,54,44,Canal,138,2.4,75,6.57,55.84,14713,739358,821574,82216,4264.7,15.41,46.2
FARM_3794,Maharashtra,Aurangabad,Mustard,Rabi,8.8,389.6,28.2,55.3,8,7.14,37.1,124,49,27,Canal,203,1.1,81,5.31,43.58,16528,536641,720290,183649,6078.4,8.74,35.3
FARM_3795,Gujarat,Junagadh,Gram,Rabi,9.2,458.7,24.5,60.3,9.3,6.41,45.8,136,49,38,Rainfed,201,1.9,83,5.35,50.84,16236,550619,825438,274819,6848.1,7.81,50
FARM_3796,Karnataka,Shimoga,Barley,Rabi,9.7,448.3,23.8,51.9,6.9,6.72,52.8,140,48,49,Rainfed,162,2.6,83,4.74,45.8,15692,527154,718694,191540,6890,6.88,40.9
FARM_3797,Punjab,Amritsar,Potato,Rabi,10.1,635.7,23.1,57.1,5.6,7.21,37.1,112,42,32,Tube Well,178,3.6,85,5.82,53.07,13648,783688,724299,-59389,5615.3,10.36,41.5
FARM_3798,Uttar Pradesh,Agra,Wheat,Rabi,4.5,353.5,23.9,52.5,6,6.11,32.8,123,41,44,Canal,181,3.3,89,6.12,27.13,16365,342878,443982,101104,4664.5,13.12,56
FARM_3799,Tamil Nadu,Madurai,Wheat,Rabi,10.3,477.8,20.8,53.5,7.4,6.3,53.5,97,39,25,Drip,203,2.1,81,4.47,40.4,14205,468633,573882,105249,6018.3,7.43,38.9
FARM_3800,Gujarat,Surat,Mustard,Rabi,10.2,512.4,25.4,71.8,7.8,6.95,45,104,53,42,Drip,164,2.5,78,4.92,50.59,15668,614112,792644,178532,5504.4,8.94,39.6
FARM_3801,Karnataka,Shimoga,Gram,Rabi,7.8,491.2,22,61.1,7.5,7.19,44.7,155,78,27,Drip,197,0.6,74,4.77,38.33,13632,485839,522515,36676,5546.7,8.6,41.1
FARM_3802,Tamil Nadu,Coimbatore,Gram,Rabi,6.6,454.8,16.5,54.4,7.4,6.33,53.2,126,35,43,Canal,147,1.8,85,4.4,30.54,15005,369498,458253,88755,5703.4,7.71,38.5
FARM_3803,Andhra Pradesh,Chittoor,Barley,Rabi,9.8,393.5,27.1,73.5,6.1,6.33,45,142,85,64,Tube Well,159,2.8,76,6.84,59.46,14159,666776,841894,175118,5907.4,11.58,38.2
FARM_3804,Uttar Pradesh,Kanpur,Wheat,Rabi,6.6,356.1,23.5,49.8,6.3,7.49,49.6,99,66,41,Drip,167,2.2,92,4.32,25.97,14655,362709,380590,17881,6813.4,6.34,47.6
FARM_3805,Punjab,Jalandhar,Gram,Rabi,6.7,344,25.3,57.4,6.2,6.49,40.2,117,53,39,Tube Well,165,1.3,74,5.64,35.95,14556,434410,523288,88878,4555.4,12.38,46.4
FARM_3806,Tamil Nadu,Tiruchirappalli,Mustard,Rabi,7.4,408.9,22.9,51.1,8.4,6.52,33.3,117,34,36,Sprinkler,151,3.6,70,2.01,14.93,15775,176972,235521,58549,5466,3.68,45.9
FARM_3807,Telangana,Medak,Wheat,Rabi,8.6,466,22.7,62.2,5.3,6.09,36.2,119,35,62,Drip,234,3.7,87,5.39,46.12,14959,523391,689909,166518,7338.5,7.34,53.2
FARM_3808,Haryana,Karnal,Mustard,Rabi,6,403.7,21.1,67,6.7,6.79,38.1,137,59,36,Sprinkler,215,2.9,75,5.2,33.52,15284,397933,512320,114387,5623.6,9.25,21.5
FARM_3809,Punjab,Ludhiana,Gram,Rabi,9.6,343.8,22.6,54.9,6.5,6.33,46.6,118,62,61,Tube Well,165,2.2,82,4.99,40.74,14252,440996,580626,139630,6038.1,8.26,39.8
FARM_3810,Maharashtra,Nashik,Wheat,Rabi,8.4,531.1,24.6,78.6,7.3,7.65,43.5,129,55,31,Drip,199,2.4,86,2.8,23.12,15690,307013,362753,55740,6627.7,4.22,43.3
FARM_3811,Andhra Pradesh,Krishna,Mustard,Rabi,6.9,221.7,25.7,64.2,6.1,7.83,39.1,125,56,38,Tube Well,195,2.7,84,6.06,41.52,16264,542600,675281,132681,5303.6,11.43,36.7
FARM_3812,Gujarat,Vadodara,Potato,Rabi,6.8,363.8,25,46.8,6.9,6.25,42.3,81,30,26,Drip,104,1.8,87,6.01,43.2,14675,500347,633960,133613,5863.4,10.25,57.5
FARM_3813,Uttar Pradesh,Lucknow,Gram,Rabi,6.6,484.7,21.7,60,7.5,6.47,40.5,124,51,47,Drip,156,2.1,86,6.42,44.8,13352,580597,598170,17573,6020.5,10.66,46.4
FARM_3814,Haryana,Ambala,Barley,Rabi,6.9,476.9,29.6,55.7,7.1,6.15,51.4,83,63,45,Drip,174,2.1,81,4.18,27.46,13934,325159,382628,57469,8433.2,4.96,51.2
FARM_3815,Haryana,Karnal,Wheat,Rabi,7.2,519.6,22.3,63.8,7.2,6.95,46.5,131,65,57,Sprinkler,155,1.5,84,4.81,33.46,13227,413935,442575,28640,5104.3,9.42,39.6
FARM_3816,Uttar Pradesh,Meerut,Mustard,Rabi,9.7,547.4,25.4,54.9,6,8.04,36.3,88,34,50,Canal,152,2.1,79,5.72,57.14,14941,748376,853729,105353,6569.8,8.71,50.4
FARM_3817,Madhya Pradesh,Bhopal,Wheat,Rabi,9,380.5,20,58,6.5,6.5,47.6,108,48,54,Sprinkler,170,2.2,84,6.83,59.16,14864,735479,879354,143875,5481.4,12.46,42.9
FARM_3818,Uttar Pradesh,Meerut,Barley,Rabi,7.3,424.6,21.3,58.2,7.3,6.66,44.9,118,40,37,Tube Well,136,2.6,80,5.05,36.87,13534,495794,498999,3205,4354.1,11.6,31
FARM_3819,Gujarat,Surat,Mustard,Rabi,5.1,404.6,19.2,58.7,9,6.7,37.3,110,59,47,Tube Well,182,3.2,88,5.99,32.82,12569,397689,412515,14826,6962.9,8.6,38.5
FARM_3820,Telangana,Rangareddy,Potato,Rabi,7.4,476.2,24.4,58.9,7,6.71,36.9,124,44,43,Tube Well,224,2.1,81,6.27,43.5,14848,516763,645888,129125,4259,14.72,41.4
FARM_3821,Karnataka,Belagavi,Gram,Rabi,7.2,451.8,24.4,62.1,6.9,7.14,40.1,115,56,51,Tube Well,220,2.6,90,5.47,37.64,14959,469859,563057,93198,6711.5,8.15,37.9
FARM_3822,Uttar Pradesh,Meerut,Barley,Rabi,9,473.4,26.1,52.6,6.5,7.46,42.2,152,68,31,Canal,198,2.1,79,4.54,39.93,15676,493663,625943,132280,4795.6,9.47,37.2
FARM_3823,Uttar Pradesh,Lucknow,Potato,Rabi,7.5,434.5,18.9,47.8,8.2,6.41,48.2,117,67,55,Sprinkler,167,2,83,7,49.57,17848,674794,884725,209931,5072.2,13.8,45.4
FARM_3824,Uttar Pradesh,Agra,Gram,Rabi,7.9,358.4,24.6,54.7,8.5,7.05,38.4,136,65,38,Tube Well,263,3.2,85,5.29,44.16,15110,531199,667258,136059,6059.2,8.73,51.2
FARM_3825,Maharashtra,Nashik,Potato,Rabi,10.2,460,25.8,57.6,7.5,6.82,55.3,126,45,72,Canal,162,2.7,72,4.23,44.54,15509,571054,690771,119717,5628.8,7.51,40.8
FARM_3826,Uttar Pradesh,Agra,Mustard,Rabi,10.6,365.2,22.4,66,7.2,6.98,39.7,136,44,42,Canal,237,2.2,83,4.2,45.24,13644,563302,617255,53953,6707.6,6.26,34.4
FARM_3827,Maharashtra,Nashik,Mustard,Rabi,7,406.7,25.3,61.7,7.9,7.39,38.2,120,51,39,Drip,194,2.3,82,4.3,31.09,15733,392850,489139,96289,7190,5.98,32.8
FARM_3828,Haryana,Rohtak,Gram,Rabi,7.7,443.5,23.7,58,6.6,6.23,33.9,117,21,42,Canal,192,2.5,84,4.8,38.34,15681,541740,601210,59470,5126.3,9.36,30.8
FARM_3829,Tamil Nadu,Thanjavur,Barley,Rabi,6.5,497.4,20.2,62.1,7.7,6.63,64.5,121,59,31,Rainfed,217,2.1,68,6.26,43.79,15271,519170,668717,149547,6931.5,9.03,47.9
FARM_3830,Telangana,Rangareddy,Wheat,Rabi,9.1,391.3,24.1,73.9,5.8,6.15,56,108,58,50,Tube Well,160,2.4,71,5.99,54.01,14299,697545,772289,74744,6959,8.61,42
FARM_3831,Haryana,Karnal,Gram,Rabi,7.4,471.6,27.5,51.3,6.8,6.55,46,110,61,51,Sprinkler,164,2.8,85,5.48,38.87,15267,469558,593428,123870,5862.3,9.35,36.6
FARM_3832,Telangana,Nalgonda,Gram,Rabi,5.7,589.3,23.3,64.3,9,7,56.2,136,61,32,Tube Well,216,2.7,89,6.05,36.66,15101,443581,553603,110022,5427.9,11.15,51.6
FARM_3833,Telangana,Medak,Wheat,Rabi,7,416.7,25.1,53.1,6.7,7.23,49.8,134,55,30,Rainfed,171,3,79,5.51,37.81,16412,454986,620538,165552,7028.4,7.84,43.1
FARM_3834,Andhra Pradesh,Chittoor,Barley,Rabi,7.1,366.2,21.4,70.8,8.2,6.73,46.3,95,44,46,Rainfed,159,2.2,83,5.98,44.49,16050,586816,714065,127249,6454.1,9.27,35.3
FARM_3835,Gujarat,Rajkot,Potato,Rabi,3.3,505.4,21,59.7,8,6.65,35.9,68,70,50,Rainfed,195,1.8,80,5.51,19.82,17321,289997,343302,53305,6130.4,8.99,30.9
FARM_3836,Punjab,Amritsar,Gram,Rabi,6.9,539.1,26.5,52.8,7.8,6.41,40.3,118,72,63,Drip,149,1.8,77,5.73,42.86,14531,504503,622799,118296,5770.2,9.93,28
FARM_3837,Uttar Pradesh,Meerut,Wheat,Rabi,7.2,455.6,22.5,54.3,8.8,6.63,63.6,101,51,57,Rainfed,210,1.9,83,5.02,37.41,13794,463515,516034,52519,6032,8.32,25.2
FARM_3838,Karnataka,Dharwad,Mustard,Rabi,8.5,394.7,20.8,53.2,8,6.88,48.8,163,61,45,Sprinkler,136,2.4,90,5.42,48.75,15386,622722,750068,127346,3861.1,14.04,41.5
FARM_3839,Karnataka,Dharwad,Wheat,Rabi,7.9,446.9,23.6,60.2,6.2,6.46,37.6,155,63,60,Sprinkler,182,2.7,91,6.15,47.5,15682,599551,744895,145344,5182.9,11.87,51
FARM_3840,Punjab,Jalandhar,Barley,Rabi,8.8,424,20.2,52,7.4,7.03,35.6,143,63,36,Canal,106,2.2,89,4.19,35.64,14313,479354,510115,30761,6275.7,6.68,39.1
FARM_3841,Tamil Nadu,Thanjavur,Gram,Rabi,9.3,481.7,24,61.8,7.1,7.23,29.9,145,47,38,Tube Well,176,1.3,93,5.22,48.56,15486,627422,752000,124578,5529.3,9.44,35.6
FARM_3842,Haryana,Kurukshetra,Potato,Rabi,6.1,392.1,21.8,60,5.6,6.44,37.2,94,54,36,Tube Well,182,3.3,76,5.26,31.53,15762,436333,496976,60643,6572.8,8,46.3
FARM_3843,Gujarat,Ahmedabad,Potato,Rabi,10,412.7,22.9,80.5,7.1,6.66,54.1,131,68,42,Tube Well,231,1.7,78,4.92,52.3,15478,680496,809499,129003,4527.9,10.87,56.8
FARM_3844,Andhra Pradesh,Kurnool,Gram,Rabi,9.2,358.9,22.6,49.4,6.4,6.38,45.6,118,50,30,Drip,169,2.3,85,3.39,29.81,15723,412833,468703,55870,5904.6,5.74,34.9
FARM_3845,Karnataka,Belagavi,Barley,Rabi,6.3,402.2,26,61.8,8,6.24,50.3,140,63,32,Rainfed,208,2.6,77,4.08,25.6,13272,313393,339763,26370,5011.1,8.14,56.1
FARM_3846,Punjab,Jalandhar,Gram,Rabi,5.2,416.5,20.9,56.8,6.9,7.28,34.2,143,27,53,Tube Well,232,1.3,84,4.37,22.15,14810,313873,328042,14169,7982.3,5.47,49.1
FARM_3847,Andhra Pradesh,Kurnool,Mustard,Rabi,9,408.1,22.6,64,6.7,6.83,39.5,109,20,46,Sprinkler,182,2.2,78,5.54,44.05,16275,514211,716914,202703,5286.9,10.48,48.2
FARM_3848,Karnataka,Belagavi,Potato,Rabi,10,461.2,22.5,54.5,7.9,6.95,30.2,115,44,49,Tube Well,170,2.6,84,5.92,61.95,14451,785380,895239,109859,5124,11.55,27.8
FARM_3849,Haryana,Kurukshetra,Potato,Rabi,8.4,336.1,23.5,63.6,6.5,7.05,33.6,131,53,47,Drip,165,2.4,80,5.23,42.73,15615,447808,667229,219421,5332.5,9.81,39.6
FARM_3850,Punjab,Jalandhar,Wheat,Rabi,8.2,451.7,21.5,51.8,4.9,7.02,44.6,135,41,53,Rainfed,182,2.3,89,4.82,40.02,15180,433403,607504,174101,6784.5,7.1,48.1
FARM_3851,Punjab,Ludhiana,Wheat,Rabi,6.2,419.3,20.3,64.4,8.3,7.33,37.1,124,46,61,Tube Well,254,2.6,84,9.21,53.75,16003,835384,860161,24777,5168.6,17.82,42.8
FARM_3852,Andhra Pradesh,Guntur,Potato,Rabi,3.2,399,24.6,62.6,7.5,6.3,44.1,106,46,62,Canal,238,2.8,86,4.49,14.46,15276,179599,220891,41292,5587.6,8.04,46.5
FARM_3853,Gujarat,Junagadh,Potato,Rabi,9.2,416.5,21.1,66,8.3,6.95,59.5,171,48,30,Rainfed,172,2.2,75,5.03,46.06,16047,593465,739125,145660,5518.7,9.11,42.3
FARM_3854,Maharashtra,Aurangabad,Wheat,Rabi,9.9,431.6,19.2,70.3,6,7.4,37.1,57,54,53,Sprinkler,197,1.8,86,5.72,60.42,17328,795054,1046958,251904,5431.3,10.53,39.9
FARM_3855,Uttar Pradesh,Lucknow,Potato,Rabi,6.2,437,22.7,68.2,7.3,7.01,41.4,170,51,43,Canal,233,2.7,86,5.02,31.6,15883,352428,501903,149475,5311.1,9.45,34.1
FARM_3856,Haryana,Kurukshetra,Mustard,Rabi,8.5,372.4,28,51.4,7.4,6.39,52.8,141,49,48,Canal,213,2.6,78,4.87,45.31,16049,516666,727180,210514,5595.3,8.7,34.5
FARM_3857,Maharashtra,Solapur,Potato,Rabi,7,505.1,21.3,72.7,6.7,6.84,53.4,123,48,59,Rainfed,180,1.8,81,5.43,34.67,14466,453899,501536,47637,5995.8,9.06,44.7
FARM_3858,Tamil Nadu,Salem,Barley,Rabi,7.1,496,20.6,43.1,6.7,6.37,41.8,98,47,30,Sprinkler,199,1.9,93,5.36,38.26,14101,555666,539504,-16162,5795.8,9.25,44.5
FARM_3859,Telangana,Rangareddy,Wheat,Rabi,6.3,494.6,24.8,62.6,7.8,5.78,41.2,172,56,30,Canal,216,2.6,86,3.74,23.5,15888,288505,373368,84863,5252.1,7.12,50
FARM_3860,Haryana,Ambala,Barley,Rabi,11.5,333.1,22.7,61,7.1,6.35,40.6,104,46,53,Rainfed,183,3.1,89,4.72,53.12,14600,634790,775552,140762,5216.5,9.05,30.8
FARM_3861,Uttar Pradesh,Kanpur,Gram,Rabi,10.8,516.8,25.7,59.2,7.3,6.63,48.5,149,68,47,Canal,183,2.5,87,4.75,54.87,14051,671181,770978,99797,6575,7.22,46.6
FARM_3862,Andhra Pradesh,Krishna,Gram,Rabi,5.1,297.1,22.3,68.5,10.5,5.85,46.3,89,61,51,Tube Well,180,1.8,83,4.37,23.17,14763,305576,342059,36483,6869.6,6.36,50
FARM_3863,Gujarat,Junagadh,Potato,Rabi,7.7,475.7,28.3,45.4,6.3,6.34,48.4,85,27,60,Rainfed,184,2.4,84,5.64,43.29,19169,570372,829826,259454,6195.8,9.1,39.7
FARM_3864,Karnataka,Mysuru,Mustard,Rabi,6.2,504,19.9,49.6,7.9,6.82,47.8,147,49,35,Canal,169,2.3,91,4.59,25.9,18796,346337,486816,140479,5879.1,7.81,39.6
FARM_3865,Punjab,Patiala,Potato,Rabi,11.2,423.4,24.1,60.7,6.9,6.76,39.1,101,59,49,Canal,181,2,81,5.1,58.35,14452,635079,843274,208195,6660.1,7.66,31
FARM_3866,Gujarat,Ahmedabad,Mustard,Rabi,10.1,295,24.1,65.6,7.8,7.08,41,82,68,53,Drip,179,2.5,85,3.65,39.66,14516,520532,575705,55173,6478.3,5.63,46.2
FARM_3867,Haryana,Karnal,Wheat,Rabi,6.5,454.6,24.2,47,6.6,7.3,46,148,49,41,Drip,209,2.9,81,4.67,30.88,14532,380306,448748,68442,6078.1,7.68,46.2
FARM_3868,Uttar Pradesh,Lucknow,Mustard,Rabi,10.9,410.7,22.7,59.4,8,7.05,51.6,85,56,53,Drip,158,2.8,89,4.6,48.31,14624,534295,706485,172190,6417.9,7.17,38.6
FARM_3869,Uttar Pradesh,Kanpur,Gram,Rabi,7.4,432.5,18.1,52.1,9.4,7.67,36.8,136,54,36,Rainfed,148,2.7,82,5.77,40.08,15224,493493,610178,116685,6797.9,8.49,32.3
FARM_3870,Haryana,Hisar,Mustard,Rabi,6.8,220.9,26.2,58.6,5.6,7.16,47.6,98,53,60,Canal,186,2.4,81,5.28,38.92,13951,422276,542973,120697,5635.4,9.37,43.2
FARM_3871,Karnataka,Shimoga,Gram,Rabi,7.3,350.1,21.8,61.5,6.9,6.72,35.7,125,61,44,Tube Well,182,2.6,91,5.17,38.87,16644,464666,646952,182286,6280.6,8.23,36.2
FARM_3872,Telangana,Medak,Gram,Rabi,8.6,457.7,23.2,45.7,6.9,6.96,57.6,127,71,43,Canal,238,2.6,90,5.02,43.81,16404,544918,718659,173741,6580.6,7.63,41.6
FARM_3873,Tamil Nadu,Coimbatore,Mustard,Rabi,7.7,353.1,26.9,52.4,8,6.64,42.1,148,67,30,Rainfed,170,2.3,83,5.3,40.69,14912,472952,606769,133817,4119.7,12.87,39.8
FARM_3874,Maharashtra,Aurangabad,Mustard,Rabi,5.4,399.5,18.9,68.3,6.9,6.77,56,88,45,39,Tube Well,155,2.9,91,5.88,31.53,17055,411171,537744,126573,5492.1,10.71,34.3
FARM_3875,Andhra Pradesh,Anantapur,Potato,Rabi,8.7,486.5,22.2,62.6,7.3,6.56,28.5,84,57,56,Sprinkler,176,3.5,85,5.71,50.89,16721,604556,850932,246376,5547.4,10.29,36.5
FARM_3876,Tamil Nadu,Tiruchirappalli,Gram,Rabi,4.3,427.2,23.5,56.8,6.4,6.8,61.3,126,79,55,Rainfed,153,1.9,80,4.15,20.08,14089,258483,282907,24424,6738.5,6.16,45.3
FARM_3877,Andhra Pradesh,Guntur,Gram,Rabi,5.3,511.8,24.9,65.9,7.3,6.11,49.9,97,71,58,Canal,206,1.8,80,4.9,24.15,11506,329401,277870,-51531,6782,7.23,31.4
FARM_3878,Punjab,Bathinda,Wheat,Rabi,8.9,444.6,22.6,64.4,5.3,6.36,46.8,126,56,41,Tube Well,192,2.2,85,5,42.35,16206,517584,686324,168740,5440.5,9.19,30.8
FARM_3879,Madhya Pradesh,Indore,Gram,Rabi,7.8,460.4,22.1,56.8,8.9,7.02,36.8,114,43,49,Rainfed,223,2.4,76,4.61,37.85,16372,448715,619680,170965,4336.7,10.63,42.2
FARM_3880,Punjab,Bathinda,Potato,Rabi,7.2,523.2,23.7,65.5,6.8,6.78,42.4,105,55,48,Sprinkler,206,2.2,91,5.22,36.65,15047,381681,551473,169792,4815.3,10.84,40
FARM_3881,Gujarat,Vadodara,Wheat,Rabi,10.6,448.2,27.8,64.1,6.7,6.49,48.6,120,39,30,Canal,142,2,95,6.12,66.71,16886,894965,1126465,231500,6848.2,8.94,45.3
FARM_3882,Gujarat,Rajkot,Mustard,Rabi,10.2,479,25.5,59.8,8.9,6.54,45.5,116,35,49,Drip,209,1.8,86,4.57,40.97,16220,525210,664533,139323,6401,7.14,41.1
FARM_3883,Karnataka,Dharwad,Gram,Rabi,7.4,614.7,23,55.2,8,6.6,54,134,42,56,Canal,176,2.4,87,4.93,37.07,16241,456426,602054,145628,6050.4,8.15,27.2
FARM_3884,Haryana,Karnal,Barley,Rabi,6.8,495.8,28.7,44.7,6.3,7.2,55.6,122,69,30,Drip,180,1.8,84,5.18,34.75,13267,455253,461028,5775,6717.3,7.71,36.9
FARM_3885,Uttar Pradesh,Lucknow,Mustard,Rabi,10,382.6,25.8,62.8,6.1,6.85,41.8,102,61,39,Drip,145,3.9,78,5.01,51.55,16576,680572,854493,173921,7465.1,6.71,35.4
FARM_3886,Haryana,Karnal,Barley,Rabi,7.6,546.5,23.4,43.8,7.2,6.88,31.5,129,69,22,Rainfed,158,1.6,81,4.85,38.75,13990,461268,542113,80845,6852.5,7.08,37.1
FARM_3887,Haryana,Kurukshetra,Barley,Rabi,7.5,405.7,25.2,54.6,7.2,7.44,33.6,138,45,33,Sprinkler,166,3.6,78,5.09,44.33,13969,577967,619246,41279,5938.4,8.57,41.3
FARM_3888,Andhra Pradesh,Kurnool,Barley,Rabi,9.5,486.2,25.9,62.9,5.8,7.08,41.9,83,51,34,Tube Well,176,1.2,85,4.43,43.14,13915,560960,600293,39333,4172.8,10.62,48.8
FARM_3889,Karnataka,Mysuru,Potato,Rabi,8,452.6,22.9,52.6,7.3,6.33,48.7,99,81,49,Tube Well,181,2.4,80,4.46,36.85,16172,412667,595938,183271,5170.8,8.63,30.8
FARM_3890,Andhra Pradesh,Kurnool,Potato,Rabi,8.4,492.7,23.6,58.5,8,6.77,48.1,110,32,43,Rainfed,116,2.6,84,4.31,35.77,15017,455062,537158,82096,6658.2,6.47,27.4
FARM_3891,Andhra Pradesh,Guntur,Gram,Rabi,6.1,329.6,24.9,64,8.5,7.23,43.1,140,50,37,Tube Well,141,3.6,85,5.52,31.65,15502,371108,490638,119530,6180.6,8.93,35.8
FARM_3892,Telangana,Medak,Wheat,Rabi,9.4,326.4,23.7,67.6,6.5,7.04,32.9,134,58,56,Sprinkler,141,2.5,83,6.59,55.91,14646,747717,818858,71141,6463.7,10.2,41
FARM_3893,Maharashtra,Pune,Gram,Rabi,10.4,522,27.7,64,7.5,7.26,42.4,121,49,55,Drip,184,3.3,75,5.29,60.52,14894,802983,901385,98402,6298.3,8.4,41.1
FARM_3894,Maharashtra,Solapur,Mustard,Rabi,9.1,392.3,25.1,46.5,7.2,6.06,41.6,125,65,49,Rainfed,185,2.3,66,4.78,38.43,14319,470773,550279,79506,5682.7,8.41,43.9
FARM_3895,Karnataka,Belagavi,Barley,Rabi,5.9,361.3,28.6,52.8,5.5,6.44,50,102,59,36,Tube Well,154,2.7,86,4.28,25.77,14149,295737,364620,68883,5780.6,7.4,42.2
FARM_3896,Uttar Pradesh,Kanpur,Wheat,Rabi,7.3,404.6,22.5,66.8,7.5,5.2,48.7,101,37,53,Sprinkler,171,2,80,2.08,15.14,15868,161174,240242,79068,6603.6,3.15,39
FARM_3897,Haryana,Ambala,Potato,Rabi,10.7,374.4,23.1,45.9,7.6,5.57,43,120,42,53,Drip,147,2.1,79,5.81,61.09,15039,719295,918733,199438,6541.1,8.88,44.4
FARM_3898,Karnataka,Dharwad,Mustard,Rabi,6.9,359.5,23.9,61.4,8.2,6.4,31.8,126,50,52,Sprinkler,120,2,76,5.75,43.63,13286,478750,579668,100918,6088.1,9.44,40.4
FARM_3899,Haryana,Ambala,Wheat,Rabi,5.1,523,24.2,60.9,9.2,6.49,41.4,110,62,38,Rainfed,120,2.5,88,4.68,24.98,13299,296435,332209,35774,5832.8,8.02,38.3
FARM_3900,Uttar Pradesh,Lucknow,Barley,Rabi,7.4,291.2,23.4,66.7,6.8,5.96,31.5,111,61,52,Canal,229,1.9,89,4.27,31.03,15364,342920,476745,133825,5011.4,8.52,38.6
FARM_3901,Uttar Pradesh,Agra,Mustard,Rabi,8.1,457.6,27.6,58.4,9,6.66,39.4,130,52,54,Drip,165,2.7,88,5.68,45.49,15447,581137,702684,121547,6342.2,8.96,39.1
FARM_3902,Andhra Pradesh,Chittoor,Gram,Rabi,8.4,393.3,23.7,57.6,7,6.18,39.6,135,76,31,Drip,142,2.9,80,4.97,43.04,13808,536452,594296,57844,5011,9.92,56
FARM_3903,Punjab,Amritsar,Potato,Rabi,6.6,531.5,21.5,57.4,10,6.45,49,132,57,56,Drip,178,2.7,87,4.51,29.6,16420,407509,486032,78523,6098.2,7.4,41.6
FARM_3904,Gujarat,Rajkot,Barley,Rabi,5.7,431.7,19.9,55.1,7.2,7.5,30.7,84,68,55,Canal,165,2.2,79,5.42,30.56,16190,367972,494766,126794,4506.6,12.03,35
FARM_3905,Haryana,Hisar,Gram,Rabi,9.8,401.6,22.5,38.6,7.2,6.51,46.3,99,66,29,Canal,166,2.2,74,5.29,54.86,15029,623189,824491,201302,6161.8,8.59,47.4
FARM_3906,Telangana,Sangareddy,Mustard,Rabi,11.3,561.1,25.6,49.1,6.1,6.91,42.8,97,61,61,Canal,175,2.1,77,5.42,60.5,16829,795181,1018155,222974,5732.9,9.45,44.8
FARM_3907,Telangana,Warangal,Mustard,Rabi,8.4,448.9,23.9,70.8,7.2,6.51,35.2,111,37,23,Sprinkler,154,2.4,81,5.51,48.39,15738,626299,761562,135263,4664.5,11.81,31.5
FARM_3908,Karnataka,Belagavi,Barley,Rabi,12.1,439.7,22.1,46.8,7.5,7.03,39.4,122,59,41,Sprinkler,145,3.2,77,5.15,57.58,13210,740319,760632,20313,7527.9,6.84,43.2
FARM_3909,Karnataka,Shimoga,Gram,Rabi,9.1,379.1,21.9,42.9,6,7.5,41.8,137,50,42,Drip,154,2.2,87,5.19,42.34,15619,569048,661308,92260,5299.6,9.79,51.4
FARM_3910,Haryana,Ambala,Wheat,Rabi,12,559,21,73.7,7.2,6.61,43.5,104,55,26,Rainfed,221,2.9,86,4.7,54.5,16514,705258,900013,194755,6390.6,7.35,24.7
FARM_3911,Punjab,Jalandhar,Potato,Rabi,8.9,380.3,25.8,58.9,7.8,6.82,34.6,98,61,42,Tube Well,125,1.8,78,5.19,48.94,15529,527752,759989,232237,5391,9.63,33.1
FARM_3912,Gujarat,Surat,Gram,Rabi,8.8,409.7,20.8,54.7,6.8,7.08,44.6,108,61,41,Rainfed,172,2,81,5.46,48.85,15903,576201,776862,200661,5278.4,10.34,40.7
FARM_3913,Madhya Pradesh,Bhopal,Mustard,Rabi,8.4,489.8,21.2,56.5,7,6.37,17.3,92,36,58,Tube Well,180,2.8,86,6.07,49.73,15268,581277,759278,178001,6753.3,8.99,33.5
FARM_3914,Gujarat,Vadodara,Mustard,Rabi,4.5,420.7,17.9,47.9,6,6.99,49.3,88,38,52,Drip,192,2.1,80,4.83,22.24,15474,261942,344142,82200,4759.2,10.15,29.8
FARM_3915,Andhra Pradesh,Kurnool,Barley,Rabi,8.8,487.1,23.9,51.3,7.6,6.96,45.4,138,43,18,Canal,219,2.3,86,4.49,41.21,16371,550191,674649,124458,6896.2,6.51,48.2
FARM_3916,Karnataka,Shimoga,Barley,Rabi,9.1,460.4,23.5,55.6,6.6,6.65,49.3,135,41,47,Canal,149,2.5,79,4.85,45.53,18081,562723,823228,260505,5550.7,8.74,51.2
FARM_3917,Karnataka,Raichur,Gram,Rabi,10.2,422.3,24.7,63.3,6.9,6.59,40.5,158,40,44,Rainfed,184,2.1,93,4.39,45.62,14561,585632,664273,78641,6685.3,6.57,42.5
FARM_3918,Karnataka,Shimoga,Mustard,Rabi,9.2,499,26.3,59.1,6.9,7.64,39.4,94,38,46,Tube Well,174,1.5,77,5.8,55.39,15963,759663,884191,124528,6943.6,8.35,47.7
FARM_3919,Tamil Nadu,Tiruchirappalli,Potato,Rabi,7.2,231.5,22.8,63.1,7.2,6.86,54.4,116,55,42,Drip,174,2.7,88,5.29,37.58,15670,485951,588879,102928,6862.6,7.71,46.1
FARM_3920,Maharashtra,Pune,Potato,Rabi,5.2,452.8,21.6,65.9,6,6.57,53.3,115,64,33,Rainfed,213,1.7,85,6.05,30.04,16291,342171,489382,147211,7028,8.61,70
FARM_3921,Haryana,Kurukshetra,Potato,Rabi,9.3,355,24.7,69.5,7.6,6.42,38.9,115,32,44,Drip,200,2.1,81,5.38,55.07,15284,648942,841690,192748,5962.8,9.02,39.4
FARM_3922,Telangana,Rangareddy,Wheat,Rabi,9.9,424.9,26.7,49.1,8.5,6.08,55.1,126,57,60,Sprinkler,191,1.6,72,5.29,47.68,15401,680245,734320,54075,6705.6,7.89,44.2
FARM_3923,Telangana,Nalgonda,Mustard,Rabi,8.6,497.6,25.9,57.6,6.7,6.07,49.3,105,63,47,Drip,216,2,88,4.35,35.02,14585,477797,510767,32970,5040.6,8.63,56.7
FARM_3924,Uttar Pradesh,Kanpur,Barley,Rabi,8.5,473.6,22.3,56,5.6,6.39,37.7,106,45,54,Sprinkler,182,1.8,90,5.28,41.72,17352,557443,723925,166482,6079.9,8.68,48.1
FARM_3925,Punjab,Amritsar,Gram,Rabi,8.2,525.3,20.3,53.8,6.2,8.31,45.8,129,65,45,Sprinkler,135,2.1,82,4.32,31.91,14050,418160,448336,30176,5914.7,7.3,47.8
FARM_3926,Uttar Pradesh,Varanasi,Mustard,Rabi,12.1,491.4,26.3,51.8,5.2,6.8,43.8,158,61,43,Canal,212,2.3,95,5.29,67.37,13941,853596,939205,85609,5562.9,9.51,30
FARM_3927,Haryana,Kurukshetra,Gram,Rabi,6.4,458.4,22.8,63.4,8.9,7.39,39.6,127,54,46,Canal,148,2.5,81,4.8,33.79,15663,414489,529253,114764,5832.1,8.23,37.2
FARM_3928,Gujarat,Surat,Gram,Rabi,10.9,444.5,21.8,63.5,6.7,6.62,39.4,98,60,49,Canal,205,3,87,4.96,54.44,16189,683366,881329,197963,5525.5,8.98,21.1
FARM_3929,Punjab,Amritsar,Wheat,Rabi,6.6,392,28.6,48.9,8.9,7.23,44.3,122,61,43,Rainfed,148,2.7,81,3.21,21.73,13044,278930,283446,4516,5320.3,6.03,30.1
FARM_3930,Maharashtra,Nashik,Potato,Rabi,8.2,444.2,24,60.7,8.2,6.38,45,134,61,28,Rainfed,158,2.3,82,5.59,40.11,17710,486228,710348,224120,5046,11.08,37.6
FARM_3931,Gujarat,Vadodara,Potato,Rabi,5.3,423.4,23.5,53.6,7.7,6.26,41.4,140,54,43,Drip,168,1.6,78,5.52,31.18,15217,360816,474466,113650,6152.2,8.97,61.1
FARM_3932,Maharashtra,Solapur,Gram,Rabi,8.2,367.1,23.3,60.7,6.9,6.82,57,134,65,35,Tube Well,188,2.8,81,5.23,46.39,14443,531804,670011,138207,5974.5,8.75,45.2
FARM_3933,Uttar Pradesh,Meerut,Barley,Rabi,8.1,502.6,22.4,57.3,7.9,6.71,46.4,92,60,49,Drip,171,1.6,78,6.3,52.97,14828,648067,785439,137372,6607.3,9.53,36.1
FARM_3934,Karnataka,Mysuru,Wheat,Rabi,8.5,426.7,25.7,57.5,6.7,6.35,48.6,87,68,37,Tube Well,218,1.6,72,4.79,40.77,16065,459403,654970,195567,4797.7,9.98,40.4
FARM_3935,Gujarat,Vadodara,Mustard,Rabi,10,516.5,23.2,60.1,7.6,6.5,51.3,135,66,59,Drip,178,2.8,91,6.39,62.68,15219,780140,953927,173787,7055.7,9.06,46.8
FARM_3936,Tamil Nadu,Salem,Barley,Rabi,7.6,456.8,24.1,57.3,7.5,7.86,46.2,133,50,45,Sprinkler,186,1.7,78,6.34,48,15159,602531,727632,125101,4747.9,13.35,29.5
FARM_3937,Maharashtra,Pune,Gram,Rabi,8.2,549.1,26.8,64.4,7.6,6.94,45.6,98,46,54,Drip,163,2.9,81,3.76,31.09,15113,377572,469863,92291,7236.6,5.2,33.5
FARM_3938,Telangana,Sangareddy,Barley,Rabi,5.8,338.9,24.6,49.1,6.5,6.49,35.1,119,51,45,Tube Well,208,1.9,86,5.52,33.18,13178,469692,437246,-32446,7803.1,7.07,42.6
FARM_3939,Tamil Nadu,Madurai,Wheat,Rabi,6.5,326,25.4,59.6,8.4,6.36,42.9,110,63,45,Drip,208,1.9,80,6.01,38.26,13011,477204,497801,20597,5046.1,11.91,49.1
FARM_3940,Andhra Pradesh,Chittoor,Potato,Rabi,10.5,449.9,23.4,61,7.4,7.63,32.2,78,77,51,Rainfed,207,3.1,76,4.32,44.86,15061,643202,675636,32434,6213.3,6.95,40.9
FARM_3941,Gujarat,Surat,Mustard,Rabi,10.8,541.8,23.9,63.7,6.5,6.68,44.4,117,67,28,Tube Well,191,3.7,79,9.26,92.41,12916,1273694,1193568,-80126,6382.6,14.51,45.8
FARM_3942,Telangana,Nalgonda,Mustard,Rabi,10.1,347,25,57.1,6.9,7.16,33.8,121,45,36,Tube Well,171,1.4,73,7.15,75.3,16452,1047051,1238836,191785,6047.4,11.82,35.3
FARM_3943,Tamil Nadu,Madurai,Mustard,Rabi,7.3,524,24.2,59.5,8.2,7.15,34.6,165,43,47,Sprinkler,196,1.5,88,3.86,27.68,14624,320704,404792,84088,6330.9,6.1,44.1
FARM_3944,Telangana,Nalgonda,Mustard,Rabi,7.5,439.9,23.9,53.6,8.3,6.63,40.7,144,34,44,Rainfed,191,2.9,80,3.92,31.49,13687,395768,431004,35236,5897.1,6.65,38.3
FARM_3945,Uttar Pradesh,Lucknow,Wheat,Rabi,9.8,446.4,22.5,51.2,6.6,5.98,52.9,182,42,51,Rainfed,190,2,82,5.12,56.58,14128,721289,799362,78073,5795.8,8.83,47.1
FARM_3946,Madhya Pradesh,Indore,Wheat,Rabi,8.7,489.3,22.1,63.3,8.2,5.98,58.1,111,56,41,Rainfed,198,3.1,76,5.95,51.54,14521,617951,748412,130461,6490.1,9.17,46.7
FARM_3947,Telangana,Nalgonda,Wheat,Rabi,8.6,582.8,18.6,63,6.9,7.48,29.8,125,79,64,Sprinkler,168,1.7,77,3.4,27.42,15847,307648,434525,126877,6228.9,5.46,44.5
FARM_3948,Karnataka,Raichur,Gram,Rabi,9.3,430,23.5,52.4,8.9,7.01,39.6,131,30,37,Sprinkler,136,1.8,89,5.99,54.95,15108,750087,830185,80098,4051.5,14.78,43.2
FARM_3949,Haryana,Ambala,Potato,Rabi,11.5,542.5,23.8,69.3,7.8,6.98,38.7,114,59,36,Canal,174,2.2,81,5.57,67.05,13828,790661,927167,136506,5336.8,10.44,38.2
FARM_3950,Andhra Pradesh,Guntur,Potato,Rabi,6.9,527.9,22.3,74.4,8.6,6.99,48.1,108,61,57,Tube Well,157,1.9,88,4.4,31.28,13858,371747,433478,61731,5851.8,7.52,30.7
FARM_3951,Andhra Pradesh,Krishna,Wheat,Rabi,8.8,446,26,65,6.3,5.75,44.2,125,39,54,Tube Well,127,2.9,79,4.59,40.45,14942,450529,604404,153875,7465.5,6.15,48.8
FARM_3952,Punjab,Amritsar,Barley,Rabi,9.6,421.9,25.4,46.7,7.7,7.12,38.7,140,46,35,Canal,152,1.4,93,5.12,47.82,16625,598952,795008,196056,5822.2,8.79,41.2
FARM_3953,Punjab,Jalandhar,Gram,Rabi,8.8,326,22,61.4,6.6,7.01,49.6,104,29,22,Drip,134,2.5,85,5.54,48.2,13307,643886,641397,-2489,5429.1,10.2,21.5
FARM_3954,Uttar Pradesh,Agra,Gram,Rabi,11.7,327.1,26.6,43.1,6.2,6.22,43.4,80,23,51,Sprinkler,211,2.2,84,4.29,50.51,15320,655269,773813,118544,6466.8,6.63,47
FARM_3955,Punjab,Ludhiana,Mustard,Rabi,8.7,446.3,21.4,56.3,7.4,7.16,46.8,82,77,51,Rainfed,153,2.1,86,5.14,44.44,13979,538884,621227,82343,5107.3,10.06,37.7
FARM_3956,Punjab,Bathinda,Barley,Rabi,4.9,385.7,18.3,68.7,7.1,6.98,36.2,145,59,52,Canal,138,2.1,80,5.21,23.81,14298,301468,340435,38967,7348.8,7.09,27.8
FARM_3957,Punjab,Patiala,Wheat,Rabi,10.4,367,25.1,50.2,5.7,6.22,52.7,114,46,34,Canal,189,1.6,91,5.37,58.22,14888,637126,866779,229653,6079.7,8.83,37.2
FARM_3958,Andhra Pradesh,Kurnool,Wheat,Rabi,5.1,542.1,24.6,58.1,6,6.33,41.9,117,70,31,Tube Well,179,2.9,85,6.06,32.41,14398,337125,466639,129514,6577,9.21,41.9
FARM_3959,Uttar Pradesh,Kanpur,Mustard,Rabi,7.3,341.3,21.4,46.3,5.7,6.55,57.7,148,57,52,Rainfed,131,2.4,79,4.72,33.08,17022,396604,563088,166484,4807,9.82,54.6
FARM_3960,Haryana,Kurukshetra,Potato,Rabi,11.3,410.7,25.6,59.5,7.8,6.56,52.8,86,82,60,Tube Well,186,3,71,6.65,79.74,15747,1005019,1255666,250647,6158.9,10.8,55.2
FARM_3961,Tamil Nadu,Coimbatore,Wheat,Rabi,11.7,362,24,62.5,7,6.69,35.4,142,57,49,Drip,189,1.7,85,5.47,70.65,17148,804837,1211506,406669,6532.7,8.37,39.6
FARM_3962,Karnataka,Raichur,Wheat,Rabi,7.8,486.1,25,48.1,7.3,5.87,42.2,112,59,32,Drip,111,1.5,79,5.58,44.12,15911,531671,701993,170322,6474.5,8.62,40.6
FARM_3963,Andhra Pradesh,Krishna,Barley,Rabi,6.4,492.8,24.1,62.5,8.2,7.55,46.8,157,46,52,Drip,208,1.5,88,6.34,38.96,15306,463445,596322,132877,7932.1,7.99,28.4
FARM_3964,Andhra Pradesh,Kurnool,Wheat,Rabi,7.8,340.8,22.5,69.5,7.5,7.19,47.9,127,51,36,Canal,164,3.1,85,4.21,35.29,14460,487774,510293,22519,6148.3,6.85,39
FARM_3965,Madhya Pradesh,Gwalior,Potato,Rabi,7.6,472.9,24.3,49.8,5.4,7.57,31.7,105,50,37,Rainfed,173,1.8,85,6.17,48.15,14623,609518,704097,94579,5500.1,11.22,22.8
FARM_3966,Maharashtra,Pune,Wheat,Rabi,12.4,415,23.8,51.4,8.1,6.84,51,74,62,41,Sprinkler,151,2,79,5.41,66.11,16386,780161,1083278,303117,6580.6,8.22,34.1
FARM_3967,Andhra Pradesh,Anantapur,Barley,Rabi,7.7,432,21.8,73.8,4.8,6.39,57,135,35,46,Sprinkler,241,2.4,85,4.16,35.08,17364,423696,609129,185433,6381.4,6.52,44.2
FARM_3968,Madhya Pradesh,Bhopal,Barley,Rabi,8.1,332.6,22.7,54.7,7,7.16,45,111,64,45,Rainfed,163,1.9,75,5.8,47.95,15905,553602,762645,209043,5096,11.38,25.5
FARM_3969,Uttar Pradesh,Kanpur,Potato,Rabi,9.6,442.1,24.7,65.2,6.3,6.95,48,110,50,57,Rainfed,162,2.2,72,4.46,42.67,15572,530835,664457,133622,6239.4,7.15,32.1
FARM_3970,Uttar Pradesh,Meerut,Mustard,Rabi,6,397.3,24.3,45.2,5.6,7.04,36.6,121,61,65,Tube Well,153,1.8,66,5.32,30,14101,369598,423030,53432,5226.9,10.18,40.6
FARM_3971,Punjab,Bathinda,Wheat,Rabi,6.1,351.7,21.6,50.1,9.5,7.02,40.8,92,70,51,Drip,192,3.1,81,5.72,34.93,14273,406303,498556,92253,5067.5,11.29,40
FARM_3972,Haryana,Rohtak,Wheat,Rabi,11,403.5,24.6,46.8,7.2,7.6,31,71,78,44,Drip,180,1.4,86,5.43,63.65,15256,825799,971044,145245,7220.6,7.52,33.7
FARM_3973,Maharashtra,Aurangabad,Mustard,Rabi,7.6,417.4,21.8,62.5,4.9,6.51,67.7,102,29,34,Tube Well,150,2.5,84,5.66,44.14,16726,581511,738286,156775,6690.9,8.46,38.6
FARM_3974,Tamil Nadu,Coimbatore,Gram,Rabi,6,529.8,21.6,57.5,7,6.22,45.1,132,67,38,Drip,178,2.8,84,5.76,35.02,13490,455788,472420,16632,6608,8.72,43.5
FARM_3975,Gujarat,Ahmedabad,Gram,Rabi,7.3,487.3,20.4,49.4,8.1,6.23,41.5,107,68,48,Sprinkler,230,1.7,85,4.79,36.97,15528,458109,574070,115961,5156.7,9.29,34.9
FARM_3976,Madhya Pradesh,Bhopal,Potato,Rabi,8.4,439.1,22.5,55.1,6.6,6.99,48.7,132,59,37,Sprinkler,162,1.5,77,5,42.8,14191,592847,607375,14528,6433.5,7.77,36.8
FARM_3977,Uttar Pradesh,Agra,Barley,Rabi,9,532.9,23.7,49.4,7.4,6.84,33.4,103,47,44,Sprinkler,165,1.9,81,6.38,58.33,15803,753712,921789,168077,6285.8,10.15,63.1
FARM_3978,Karnataka,Mysuru,Wheat,Rabi,10.1,426.4,23.5,55.5,6.4,7.02,61,129,64,33,Drip,210,2.6,78,4.17,42.87,16748,523987,717987,194000,6001.4,6.95,33.6
FARM_3979,Telangana,Sangareddy,Barley,Rabi,7.5,504.4,24.1,41.8,6.3,5.98,48.2,108,69,30,Drip,180,1.8,82,5.46,42.2,14742,536203,622112,85909,6618.2,8.25,32
FARM_3980,Uttar Pradesh,Varanasi,Mustard,Rabi,10.5,401.9,22.7,59.7,9.2,6.82,38.7,79,35,34,Sprinkler,169,2.7,84,4.34,41.59,15529,465685,645851,180166,5028.2,8.63,45
FARM_3981,Tamil Nadu,Thanjavur,Gram,Rabi,11.2,432.7,20.2,56,6.6,6.45,58,137,53,59,Rainfed,193,2.7,95,5.45,57.38,14823,748514,850544,102030,6465.4,8.43,27.8
FARM_3982,Gujarat,Rajkot,Barley,Rabi,11.2,610.8,23.5,58,5,6.58,60.8,125,47,56,Sprinkler,165,2.5,84,4.99,53.48,14148,732371,756635,24264,5986.9,8.33,32.6
FARM_3983,Uttar Pradesh,Meerut,Barley,Rabi,8.4,331.2,25.4,65.6,8.4,7.28,49.2,101,76,49,Canal,219,3.2,88,4.26,35.24,16110,443597,567716,124119,4794.4,8.89,47.2
FARM_3984,Gujarat,Rajkot,Barley,Rabi,10.7,425.1,24.7,65.1,8.6,7.22,41.7,122,62,62,Tube Well,167,1.9,89,5.36,53.24,15154,654431,806799,152368,6076.4,8.82,42.4
FARM_3985,Telangana,Medak,Wheat,Rabi,10.4,421.2,22.1,62.7,5,6.5,53.4,148,76,41,Sprinkler,124,1.3,88,4.96,46.36,14175,487966,657153,169187,5510.4,9,40.1
FARM_3986,Tamil Nadu,Coimbatore,Gram,Rabi,11.6,514.5,20.9,49.3,6.5,6.87,41.6,78,53,52,Drip,196,3.3,88,2.3,25.99,16799,339285,436606,97321,6929.2,3.32,41.4
FARM_3987,Karnataka,Dharwad,Potato,Rabi,9.5,413.6,27.6,47.2,11.1,7.23,54.1,137,52,36,Rainfed,210,2.5,75,5.71,56.1,15359,688603,861640,173037,5561.5,10.27,39.9
FARM_3988,Karnataka,Shimoga,Potato,Rabi,7.5,449.8,25.4,60,9.2,7.81,47.8,116,51,41,Sprinkler,166,2,74,5.36,43.42,15112,572718,656163,83445,5058.2,10.6,39.3
FARM_3989,Haryana,Ambala,Mustard,Rabi,7,419.9,19.2,64.6,7.9,7.44,50.2,109,67,64,Tube Well,165,2,81,3.71,24.66,14668,274304,361713,87409,5947.3,6.24,29
FARM_3990,Gujarat,Vadodara,Barley,Rabi,8.2,457.6,26.2,71.3,8.1,6.98,45.3,122,45,48,Tube Well,187,3,82,5.64,43.82,14512,579187,635916,56729,4572.9,12.33,50.5
FARM_3991,Haryana,Karnal,Barley,Rabi,2,554.3,26.4,51.3,6.9,6.79,52.9,81,62,61,Tube Well,213,3.3,89,4.93,9.82,17935,107520,176122,68602,6548.3,7.53,35.4
FARM_3992,Karnataka,Mysuru,Mustard,Rabi,9.6,386.8,21.4,59.3,5.4,6.9,40.2,84,76,36,Tube Well,208,1.7,92,4.88,51.36,13822,633031,709898,76867,5652,8.63,38.2
FARM_3993,Uttar Pradesh,Kanpur,Wheat,Rabi,10.9,385.7,24.7,53.8,5,6.52,59.4,167,31,49,Drip,167,3.2,76,5.77,66.05,17502,1081747,1156007,74260,6131.2,9.41,42.7
FARM_3994,Madhya Pradesh,Ujjain,Wheat,Rabi,5.7,449.3,23.2,53.3,7.4,6.66,51.3,134,62,33,Rainfed,138,2.3,79,6.31,35.81,15247,440247,545995,105748,4823.5,13.08,42
FARM_3995,Uttar Pradesh,Meerut,Potato,Rabi,6.4,299,21.3,72.7,7.6,6.51,44.7,135,80,57,Tube Well,175,1.3,88,5.8,39.55,15654,508660,619116,110456,5781.3,10.03,48.6
FARM_3996,Uttar Pradesh,Varanasi,Wheat,Rabi,7.7,421,21.6,56.8,7.3,6,43.2,126,57,42,Sprinkler,146,2.1,79,7.19,51.21,16555,623609,847782,224173,5444.1,13.21,41.6
FARM_3997,Karnataka,Raichur,Potato,Rabi,9.1,331,23.6,62.8,7.6,6.45,31.9,114,57,52,Drip,198,3.1,86,3.9,34.58,14716,409684,508879,99195,7116.4,5.48,36.8
FARM_3998,Gujarat,Surat,Potato,Rabi,12.3,573.8,26.9,67.7,5.3,6.28,47,116,69,36,Canal,235,1,85,4.83,60.07,15403,724529,925258,200729,6188.2,7.81,41.4
FARM_3999,Karnataka,Dharwad,Barley,Rabi,8.4,428,25.8,49.4,7.7,6.65,54.1,147,47,67,Drip,179,2.4,88,4.74,37.12,15129,460177,561588,101411,6975.4,6.8,46.8
FARM_4000,Andhra Pradesh,Krishna,Potato,Rabi,8.1,337.3,24,56.1,9,7.2,45.5,141,42,33,Sprinkler,134,3.3,80,4.23,34.98,13112,419146,458658,39512,6811.2,6.21,24.5
FARM_4001,Madhya Pradesh,Indore,Moong,Zaid,7.5,345.5,30,41.7,7.3,6.19,33.4,98,48,47,Drip,139,3,79,9.16,69.75,14500,945828,1011375,65547,6952.6,13.17,47.2
FARM_4002,Uttar Pradesh,Agra,Muskmelon,Zaid,11,337.9,29.3,39.5,6.8,7.1,35.4,154,61,36,Sprinkler,212,2.7,68,4.42,47.75,15097,677694,720882,43188,5829.1,7.58,34.1
FARM_4003,Haryana,Karnal,Cucumber,Zaid,8.4,292.7,31.6,44.7,8.2,6.77,23.5,85,50,38,Drip,179,2.9,80,6.5,53.42,11006,736876,587941,-148935,5881.9,11.05,48.7
FARM_4004,Maharashtra,Nagpur,Moong,Zaid,10.9,330.4,34.7,64.7,5.4,7.66,29.7,127,56,64,Tube Well,226,2.4,81,4.81,51.94,14020,797148,728199,-68949,6560.2,7.33,33.4
FARM_4005,Gujarat,Junagadh,Watermelon,Zaid,12.2,324.2,28.4,47.7,6.5,6.84,35.2,154,61,18,Rainfed,131,1.1,75,4.45,55.9,13053,850629,729663,-120966,5732.3,7.76,35.5
FARM_4006,Punjab,Amritsar,Fodder,Zaid,8.4,338.6,35,45.3,6.6,6.21,20,79,72,40,Canal,191,3,81,4.12,34.71,13593,451341,471813,20472,6186,6.66,33.6
FARM_4007,Maharashtra,Pune,Muskmelon,Zaid,8.7,264.2,32.6,50.4,7.4,7.04,40.9,115,39,36,Sprinkler,164,3,78,6.01,54.51,13856,730120,755291,25171,6596.9,9.11,49.5
FARM_4008,Karnataka,Shimoga,Fodder,Zaid,7.5,219.7,29.2,49.6,6.7,7.19,35.7,142,49,53,Tube Well,204,3,84,5.61,39.79,13989,551609,556622,5013,6847.8,8.19,31.5
FARM_4009,Uttar Pradesh,Agra,Muskmelon,Zaid,8.5,303.8,30.5,62.9,8.6,7.75,31.8,154,60,42,Tube Well,214,2.5,89,4.21,36.11,11827,475276,427073,-48203,5911.9,7.12,27.1
FARM_4010,Karnataka,Belagavi,Muskmelon,Zaid,7.7,245.7,37.5,56.4,9.4,6.81,33.9,133,46,45,Rainfed,142,2.9,81,3.66,26.77,14869,343385,398043,54658,7886.5,4.64,33.2
FARM_4011,Telangana,Warangal,Watermelon,Zaid,10,244.4,33,58.7,8.1,6.83,43.1,92,45,45,Drip,226,2.1,72,3.66,36.55,13972,462688,510677,47989,5650.9,6.48,48.7
FARM_4012,Maharashtra,Solapur,Muskmelon,Zaid,7.8,295.1,23.7,65.5,5.9,6.92,26.7,109,57,50,Rainfed,177,1.9,82,4.62,34.65,12888,540443,446569,-93874,5659.3,8.16,46.2
FARM_4013,Punjab,Amritsar,Watermelon,Zaid,8.2,286.7,27.6,45.7,8.3,6.88,34.7,138,41,60,Rainfed,232,1.9,82,4.58,37.33,14612,481271,545466,64195,6675.2,6.86,38.5
FARM_4014,Punjab,Patiala,Muskmelon,Zaid,11.8,243.2,27.6,44.8,7.5,7.31,39.7,125,50,37,Rainfed,214,1.8,80,5.14,63.25,13757,925507,870130,-55377,6526.6,7.88,51.1
FARM_4015,Karnataka,Dharwad,Cucumber,Zaid,7.3,304.6,32.4,53.2,6.7,6.44,32.2,139,43,23,Canal,182,2.5,72,5.19,37.14,13747,527786,510564,-17222,6661.8,7.79,41
FARM_4016,Gujarat,Ahmedabad,Cucumber,Zaid,6.7,283.5,29.3,48.1,6.6,7.14,36.8,143,53,29,Rainfed,240,2,90,4.63,31.15,15263,420209,475442,55233,6069.7,7.63,35.2
FARM_4017,Maharashtra,Nagpur,Cucumber,Zaid,10,243.7,29.3,51.1,5.6,6.98,31.8,114,45,48,Sprinkler,227,2.5,81,5.07,49.86,15140,734638,754880,20242,5518.9,9.19,37.4
FARM_4018,Karnataka,Mysuru,Moong,Zaid,8.3,362.8,32.1,55.7,5.6,6.87,33.9,135,69,43,Sprinkler,129,2.6,76,4.67,40.39,13977,585755,564531,-21224,6232.6,7.49,29.6
FARM_4019,Uttar Pradesh,Kanpur,Moong,Zaid,10.5,284.4,33.1,60.2,6,6.89,34.1,137,53,54,Tube Well,217,2.7,82,5.38,55.51,13879,905844,770423,-135421,5448.6,9.87,39.5
FARM_4020,Madhya Pradesh,Indore,Watermelon,Zaid,9,279.8,31.3,58.1,8.6,6.62,36.3,116,56,46,Rainfed,194,3.5,82,4.64,45.73,14763,711977,675112,-36865,5859.6,7.92,37.7
FARM_4021,Tamil Nadu,Salem,Cucumber,Zaid,11.6,295.2,26.1,51.7,8.3,6.75,35,160,37,33,Sprinkler,175,1.4,80,5.02,57.96,12823,821299,743221,-78078,5392.6,9.31,49.3
FARM_4022,Haryana,Karnal,Fodder,Zaid,9.8,291.8,30.4,65.2,7.8,6.05,41.9,97,47,60,Drip,177,1.2,88,4.06,39.65,14028,561777,556210,-5567,5474.1,7.42,36.1
FARM_4023,Madhya Pradesh,Gwalior,Moong,Zaid,7.4,252.7,35.2,67.8,7.1,7.12,33,161,52,37,Canal,175,3.9,74,4.11,31.22,14773,417573,461213,43640,6379,6.44,40.9
FARM_4024,Tamil Nadu,Salem,Watermelon,Zaid,7.8,289.4,33.4,45.2,8,6.67,19.4,113,82,41,Canal,158,2.4,79,4.65,37.17,14744,504864,548034,43170,7279.8,6.39,40.7
FARM_4025,Andhra Pradesh,Guntur,Moong,Zaid,9.8,346,34.2,57.2,6.4,6.51,38.9,146,74,35,Drip,209,2.8,87,4.78,44.61,13816,700280,616332,-83948,8023.7,5.96,39.4
FARM_4026,Haryana,Karnal,Fodder,Zaid,6.8,349,31.3,49.7,8.2,6.42,30.4,117,45,43,Canal,182,2.4,90,5.31,38.27,14347,507401,549060,41659,6123.7,8.67,28.9
FARM_4027,Uttar Pradesh,Agra,Cucumber,Zaid,5.6,240.2,32.5,44.3,6.8,7.18,15,141,50,28,Tube Well,190,2.5,77,5.4,28.61,15560,349267,445172,95905,6685.1,8.08,31.9
FARM_4028,Madhya Pradesh,Gwalior,Fodder,Zaid,8.2,283.8,32.1,51.9,6.3,6.39,22.4,83,64,40,Drip,162,1.4,73,5.67,44.39,12894,611899,572365,-39534,7133.8,7.95,54.9
FARM_4029,Madhya Pradesh,Indore,Muskmelon,Zaid,10.2,232.7,30.4,38.8,7.1,7.19,27.9,113,55,63,Sprinkler,138,2.1,82,4.6,47.63,12444,643058,592708,-50350,7414.2,6.2,40.5
FARM_4030,Madhya Pradesh,Jabalpur,Moong,Zaid,6.8,248.5,35,55.3,8.1,6.82,26,109,67,27,Rainfed,185,2,76,5.17,34.04,15109,499418,514310,14892,6889.5,7.5,39.4
FARM_4031,Punjab,Amritsar,Cucumber,Zaid,3.5,295.6,27.4,46.7,6.8,6.8,36.8,104,38,32,Sprinkler,143,3.2,82,4.5,16.41,14546,246068,238700,-7368,8180.3,5.5,41
FARM_4032,Telangana,Rangareddy,Cucumber,Zaid,8.6,356.4,28.2,44.2,8.6,7.58,40,114,43,28,Sprinkler,176,2.9,84,4.77,42.07,15942,617284,670680,53396,7024.9,6.79,41.5
FARM_4033,Uttar Pradesh,Meerut,Watermelon,Zaid,8.9,376.5,27.6,59.8,6.8,6.2,37,118,56,41,Tube Well,157,3.2,82,5.98,55.49,15307,652572,849385,196813,6931,8.63,38.4
FARM_4034,Telangana,Warangal,Cucumber,Zaid,6.4,264.6,30.8,53.5,6.5,7.05,41.4,91,67,39,Canal,89,2.6,87,2.91,19.39,14451,296237,280205,-16032,6334.3,4.59,34.7
FARM_4035,Punjab,Bathinda,Cucumber,Zaid,8.1,305.5,32.3,63.6,7,6.23,31.5,163,65,48,Sprinkler,161,3.6,83,4.31,32.42,13830,373421,448369,74948,7392,5.83,25.1
FARM_4036,Uttar Pradesh,Meerut,Cucumber,Zaid,11.8,277.6,32.4,48.5,5.5,6.06,33.3,133,70,48,Tube Well,175,2.4,82,3.2,35.65,14726,448282,524982,76700,7474.7,4.28,28.1
FARM_4037,Maharashtra,Aurangabad,Moong,Zaid,6.4,293.3,27.9,45.2,6.2,6.81,39.1,148,72,29,Drip,154,1.5,83,3.51,23.16,12462,345183,288620,-56563,5957.6,5.89,33.1
FARM_4038,Gujarat,Junagadh,Fodder,Zaid,5.3,292.4,30.2,54.5,5.3,7.74,20.1,90,62,42,Sprinkler,106,2.8,76,3.62,18.57,10552,290680,195951,-94729,5260.9,6.88,30
FARM_4039,Tamil Nadu,Salem,Cucumber,Zaid,6.5,279.2,31.6,48.7,8.5,6.4,44.5,116,44,53,Tube Well,173,2.6,76,4.82,28.38,14621,387866,414944,27078,5498,8.77,32.2
FARM_4040,Telangana,Rangareddy,Cucumber,Zaid,4.6,267.6,25.8,49.2,6.6,7.46,42.8,146,62,54,Sprinkler,207,3,77,3.89,17.2,15207,236583,261560,24977,6400.8,6.08,49.5
FARM_4041,Telangana,Medak,Watermelon,Zaid,11.4,390,36.4,67.2,6.9,6.52,28.7,129,45,38,Sprinkler,150,1.3,85,4.46,48.16,16426,692974,791076,98102,5724.8,7.79,58.5
FARM_4042,Telangana,Sangareddy,Muskmelon,Zaid,8.2,330.2,27.4,50.3,7.1,7.36,53.2,91,49,37,Sprinkler,177,2,87,4.55,40.21,13501,508643,542875,34232,7699.6,5.91,42.4
FARM_4043,Punjab,Bathinda,Fodder,Zaid,8.2,260,32.4,36.4,5.9,6.07,24.5,120,61,37,Tube Well,211,2.7,90,5.39,44.53,12573,414855,559876,145021,6319.5,8.53,15.6
FARM_4044,Haryana,Ambala,Muskmelon,Zaid,8.7,302.8,33.8,53.6,7.2,7.15,26.9,126,54,40,Drip,208,2.3,80,4.16,37.83,13204,591768,499507,-92261,4266.2,9.75,51.3
FARM_4045,Telangana,Rangareddy,Moong,Zaid,7.6,296.4,31.8,59.5,6.9,7.29,36.6,101,42,48,Sprinkler,135,2.7,86,2.95,22.26,15130,354921,336794,-18127,6973.4,4.23,40.6
FARM_4046,Andhra Pradesh,Anantapur,Watermelon,Zaid,7,346,30.6,48.8,8.3,7.23,27.2,143,60,53,Canal,206,2.2,84,1.91,12.92,10586,216082,136771,-79311,6350.1,3.01,45.9
FARM_4047,Telangana,Warangal,Fodder,Zaid,7.8,289.9,32.1,59.1,6.5,6.68,50.2,162,41,40,Tube Well,171,2.6,89,4.32,36.58,16351,529612,598120,68508,5990.6,7.21,34.6
FARM_4048,Haryana,Rohtak,Cucumber,Zaid,7.8,220.7,30.1,40.2,7,7.4,25.6,169,43,48,Drip,172,1.3,79,4.97,39.38,13471,490282,530488,40206,7077.5,7.02,25.6
FARM_4049,Punjab,Ludhiana,Muskmelon,Zaid,10,234.8,34.3,64.5,8.8,7.12,30.4,157,66,48,Tube Well,188,2.8,67,5.48,56.04,11692,669438,655220,-14218,6668.8,8.22,27.7
FARM_4050,Karnataka,Raichur,Cucumber,Zaid,8.2,240,30.4,64.7,7.9,6.14,45.6,124,69,32,Canal,183,2.1,87,4.43,35.46,12150,538478,430839,-107639,5704.2,7.77,42.9
FARM_4051,Madhya Pradesh,Indore,Watermelon,Zaid,11.7,242.4,33.3,55.8,6.1,7.78,32.6,104,48,55,Drip,151,3.9,90,4.52,52.21,14702,776942,767591,-9351,6412.3,7.05,43.9
FARM_4052,Uttar Pradesh,Meerut,Muskmelon,Zaid,7.8,245.7,29.9,54.9,6.7,7.57,38,101,48,41,Rainfed,206,3,75,4.82,37.75,12700,514834,479425,-35409,5466.2,8.82,36.2
FARM_4053,Haryana,Hisar,Muskmelon,Zaid,7.8,276.5,29.4,53.4,8.1,6.23,33.7,153,55,41,Drip,236,1.8,89,4.89,37.32,13261,591177,494901,-96276,7233,6.76,39.5
FARM_4054,Gujarat,Surat,Moong,Zaid,9.2,294.7,31.6,55,7,7.27,38.2,129,72,58,Sprinkler,252,3.1,77,4.52,38.82,12966,462303,503340,41037,6404.8,7.06,31.5
FARM_4055,Maharashtra,Nashik,Cucumber,Zaid,7.1,348.2,31.8,56.4,6.5,6.97,26.2,128,70,29,Tube Well,188,1.8,78,4.86,31.87,14005,470521,446339,-24182,6131.2,7.93,46
FARM_4056,Telangana,Warangal,Fodder,Zaid,6,343.3,34.1,38.5,8.5,6.5,29.6,140,61,35,Tube Well,169,2.6,74,5.56,33.94,13601,457070,461618,4548,6736.9,8.25,49.5
FARM_4057,Uttar Pradesh,Lucknow,Muskmelon,Zaid,8.8,323.8,28.7,49.6,6.6,6.71,42.9,156,68,51,Drip,186,1.5,78,4.49,40.29,11872,543993,478323,-65670,5151.4,8.72,48
FARM_4058,Karnataka,Mysuru,Watermelon,Zaid,6.5,263.6,34.8,46.9,7.5,7.36,37.8,92,41,38,Sprinkler,217,1.4,79,3.97,24.23,12263,343554,297132,-46422,7395.5,5.37,41.6
FARM_4059,Uttar Pradesh,Kanpur,Fodder,Zaid,6.8,254.2,32.8,51.3,7.2,6.41,19.7,135,55,39,Sprinkler,179,1.4,83,4.13,27.62,12769,337718,352680,14962,6486.7,6.37,44.2
FARM_4060,Punjab,Bathinda,Watermelon,Zaid,9,251.8,34.4,63.2,7.3,6.4,26.4,110,48,49,Sprinkler,159,2.3,80,3.66,30.84,13157,424054,405762,-18292,7306.9,5.01,49.5
FARM_4061,Tamil Nadu,Madurai,Fodder,Zaid,6.8,294.9,32.1,46.6,10.5,6.7,39.7,77,55,40,Drip,187,3.6,83,5.34,37.6,14399,518527,541402,22875,6315.4,8.46,47.4
FARM_4062,Andhra Pradesh,Guntur,Watermelon,Zaid,7.2,276.2,28.4,50,7.1,6.41,25.2,99,59,43,Canal,108,2.5,79,4.99,37.41,14076,515512,526583,11071,7434.1,6.71,41.8
FARM_4063,Punjab,Amritsar,Fodder,Zaid,7.2,293.5,29.7,40.6,10.1,6.32,31.6,152,39,49,Rainfed,219,2.4,88,3.62,26.75,15496,400248,414518,14270,7139.6,5.07,48.2
FARM_4064,Gujarat,Junagadh,Watermelon,Zaid,5.8,296.4,34.9,42.5,7,6.9,17.8,117,51,54,Tube Well,199,3.4,94,5.8,32.44,14038,397451,455393,57942,6930.5,8.37,31.9
FARM_4065,Karnataka,Dharwad,Muskmelon,Zaid,7.7,287.5,34.2,44.5,6.3,8.24,22.2,79,57,65,Tube Well,116,2.8,83,4.74,37.84,14511,551493,549096,-2397,7625.1,6.22,36.6
FARM_4066,Haryana,Ambala,Muskmelon,Zaid,8.7,264.6,33.3,42.2,6.6,6.33,39.9,153,54,56,Rainfed,234,2.1,93,5.34,45.77,12215,681244,559081,-122163,5435.7,9.82,32.2
FARM_4067,Uttar Pradesh,Varanasi,Watermelon,Zaid,9.1,312.3,29.2,45.5,9.1,7.46,37.9,135,34,55,Tube Well,197,1.7,90,4.14,40.16,13096,544862,525935,-18927,6400.1,6.47,43.7
FARM_4068,Madhya Pradesh,Bhopal,Fodder,Zaid,10.5,330.7,32.2,61.4,7.2,6.37,36.7,118,72,41,Canal,176,2.6,79,4.64,50.03,11018,671271,551231,-120040,7410.4,6.26,27.7
FARM_4069,Andhra Pradesh,Anantapur,Fodder,Zaid,10.1,346.6,29.3,67.1,8,6.99,22,97,43,51,Sprinkler,192,1.5,78,5.54,55.4,12600,797478,698040,-99438,7869.3,7.04,19.7
FARM_4070,Madhya Pradesh,Indore,Fodder,Zaid,7.9,342.7,29.2,50.5,9.4,7.09,37.1,123,65,41,Sprinkler,141,2.2,80,5.03,39.21,14155,454354,555018,100664,6717.5,7.49,31.8
FARM_4071,Karnataka,Belagavi,Cucumber,Zaid,9.2,284.4,35.4,50.2,7.2,5.82,43,89,59,28,Canal,200,1.9,79,4.14,39.21,15848,517382,621400,104018,6648,6.23,31.9
FARM_4072,Haryana,Rohtak,Cucumber,Zaid,7.6,369.5,28.9,59.9,7.4,6.97,44.1,136,61,45,Sprinkler,199,2.4,85,5.58,43.71,16341,651274,714265,62991,5133.5,10.87,49.7
FARM_4073,Haryana,Rohtak,Watermelon,Zaid,6.4,375.7,32.2,68,8,7.26,20.9,116,37,49,Canal,218,1.8,85,4.45,29.08,14950,436468,434746,-1722,7857.4,5.66,25.8
FARM_4074,Gujarat,Junagadh,Cucumber,Zaid,9.4,313.2,31,33,5.7,6.76,41.8,121,60,46,Canal,151,2.4,87,4.54,46.44,14297,622372,663953,41581,6095.3,7.45,49.3
FARM_4075,Karnataka,Belagavi,Muskmelon,Zaid,9.7,343.4,28.2,51.5,7.3,6.21,47.9,98,42,59,Rainfed,152,1.9,80,4.63,44.69,16047,518338,717140,198802,5671.8,8.16,54.7
FARM_4076,Telangana,Nalgonda,Watermelon,Zaid,10.1,310.9,31.1,53.4,7.1,6.44,36,164,51,25,Tube Well,213,2.9,76,4.74,47.18,13443,691833,634241,-57592,7075.1,6.7,35.2
FARM_4077,Karnataka,Mysuru,Muskmelon,Zaid,6.3,269.7,30.5,53.3,8.2,6.93,55.4,129,45,47,Sprinkler,223,2.4,75,5.15,33.57,13857,513444,465179,-48265,6208.8,8.29,38.9
FARM_4078,Tamil Nadu,Thanjavur,Watermelon,Zaid,8.7,317.3,31.3,36.7,7.5,6.99,43.1,108,51,51,Canal,140,3.2,81,5.36,46.94,14811,535330,695228,159898,6174.7,8.68,35.4
FARM_4079,Punjab,Bathinda,Watermelon,Zaid,8,294.5,31.2,41.5,8.2,6.84,40.2,188,38,41,Tube Well,172,3.4,77,5.54,45.78,14017,627239,641698,14459,5806.1,9.54,28.2
FARM_4080,Maharashtra,Pune,Cucumber,Zaid,7.2,366,24.5,74.2,6.6,7.67,46.9,136,71,43,Tube Well,196,2.5,77,4.64,34.65,15699,462114,543970,81856,6474.7,7.17,36.6
FARM_4081,Tamil Nadu,Madurai,Watermelon,Zaid,8.8,369.7,28.7,47.3,5.2,6.96,26.3,138,56,54,Sprinkler,200,2.1,72,3.09,31.31,15372,493752,481297,-12455,5511.4,5.61,29.7
FARM_4082,Punjab,Bathinda,Cucumber,Zaid,10,279.4,34.3,61.7,6.7,7.47,35.2,111,54,34,Tube Well,131,2.8,77,4.24,41.16,14408,630885,593033,-37852,5607.9,7.56,33.9
FARM_4083,Gujarat,Vadodara,Cucumber,Zaid,10.5,306.8,35.1,54.8,8.5,7.37,25.7,113,76,37,Sprinkler,163,2.1,86,4.08,44.85,12996,598898,582871,-16027,5751.3,7.09,30
FARM_4084,Gujarat,Surat,Moong,Zaid,11,325.7,31.4,60,5.5,7.37,47.8,127,59,38,Sprinkler,182,3,85,4.3,45.43,15398,695237,699531,4294,5822.3,7.39,35
FARM_4085,Karnataka,Dharwad,Fodder,Zaid,8.6,269.8,30.3,54.7,9.1,7.25,29.9,107,47,47,Sprinkler,224,3.3,77,4.9,39.7,12519,508570,497004,-11566,7783.1,6.3,37.1
FARM_4086,Haryana,Kurukshetra,Cucumber,Zaid,7.2,348.5,31.3,53.6,7.4,6.62,41.1,106,61,35,Drip,207,3.2,91,5.33,43.15,12599,579269,543647,-35622,5671,9.4,45.2
FARM_4087,Karnataka,Dharwad,Muskmelon,Zaid,9,364.3,34.4,53.6,5.6,6.69,29.1,104,39,36,Canal,212,2.3,83,4.3,42.08,13966,586933,587689,756,7131.6,6.03,29
FARM_4088,Telangana,Rangareddy,Fodder,Zaid,7.8,287.9,29.2,52.5,6.9,6.38,40,108,57,44,Canal,158,2.5,74,3.23,26.6,14522,357446,386285,28839,5173.1,6.24,34.8
FARM_4089,Punjab,Amritsar,Cucumber,Zaid,5.5,327.8,31.9,49.1,7,6.55,31.6,100,49,53,Sprinkler,206,2.9,80,3.59,20.96,16544,247834,346762,98928,6561.2,5.47,44.9
FARM_4090,Telangana,Sangareddy,Cucumber,Zaid,7.2,301.6,28.9,48.7,6.9,7.13,47.9,149,53,45,Canal,198,3,83,5.65,43.23,16395,605091,708756,103665,6762.9,8.35,38.8
FARM_4091,Haryana,Ambala,Watermelon,Zaid,7.8,280.5,32.5,54.7,8.2,6.99,51.2,103,72,43,Sprinkler,165,3.8,90,9.06,70.77,13307,959899,941736,-18163,5773.3,15.69,43.2
FARM_4092,Haryana,Karnal,Muskmelon,Zaid,7.2,311.6,30.5,64.3,7.7,6.8,35.1,102,38,40,Rainfed,189,1.4,81,5.04,36.92,14793,487000,546158,59158,5394.2,9.34,38
FARM_4093,Andhra Pradesh,Kurnool,Muskmelon,Zaid,10.7,294.5,31.5,52.8,6.3,6.56,39.1,111,62,35,Sprinkler,193,2.3,71,6.01,64.7,16242,864908,1050857,185949,5815.7,10.33,32
FARM_4094,Maharashtra,Nagpur,Fodder,Zaid,10.5,238.6,33.2,56,6.6,7.79,42.8,84,78,42,Tube Well,131,3,80,4.27,38.54,12642,492219,487223,-4996,5039.6,8.47,36.4
FARM_4095,Karnataka,Dharwad,Muskmelon,Zaid,7.6,244.2,33.4,49.6,8.3,6.31,29.4,108,69,45,Rainfed,165,3.3,76,4.51,33.99,13279,489996,451353,-38643,7936.4,5.68,43.8
FARM_4096,Madhya Pradesh,Indore,Moong,Zaid,6.8,246.6,27.8,49.3,5.7,6.31,30.7,134,58,47,Canal,160,1.6,75,5.48,37.09,15241,504885,565289,60404,4070.1,13.46,47.7
FARM_4097,Telangana,Nalgonda,Watermelon,Zaid,6.5,329.2,32,40.7,6.4,6.08,33.8,109,67,38,Sprinkler,181,2.7,88,4.42,27.37,12133,430795,332080,-98715,6244,7.08,25.7
FARM_4098,Gujarat,Surat,Cucumber,Zaid,8.3,338.4,26,39.6,10.1,6.52,36.6,96,44,45,Canal,239,2.3,67,4.4,35.14,14287,513136,502045,-11091,4838.5,9.09,37.4
FARM_4099,Haryana,Kurukshetra,Fodder,Zaid,6.7,319.5,32.2,58.6,10.1,6.66,32,92,37,47,Tube Well,167,2.6,83,4.15,28.45,14618,398402,415882,17480,9091.9,4.56,42.7
FARM_4100,Andhra Pradesh,Anantapur,Moong,Zaid,5.8,254.5,30,44.4,5.6,6.65,45.2,99,38,40,Drip,228,2.6,82,4.32,24.14,14787,313816,356958,43142,7223,5.98,37
FARM_4101,Haryana,Kurukshetra,Watermelon,Zaid,8.2,325.3,30.3,44.2,8.1,6.65,32.4,106,51,30,Drip,155,3.3,85,4.24,35.61,14233,518566,506837,-11729,7775.3,5.45,34.8
FARM_4102,Punjab,Ludhiana,Fodder,Zaid,6,252,33.5,53.6,5.4,7.28,27.4,112,50,52,Tube Well,223,2.7,78,4.7,25.81,14165,341939,365599,23660,7515,6.25,33.5
FARM_4103,Tamil Nadu,Salem,Cucumber,Zaid,6.6,231.8,28.5,49.1,7,6.8,38.5,155,55,49,Tube Well,212,2.3,87,4.19,26.99,12490,385193,337105,-48088,6346.9,6.6,46.3
FARM_4104,Telangana,Warangal,Moong,Zaid,7.4,240.8,34.6,35.6,5.4,7.08,31.5,111,61,33,Drip,214,2,76,3.8,26.93,13089,453178,352487,-100691,7199.2,5.28,18.9
FARM_4105,Maharashtra,Aurangabad,Cucumber,Zaid,9.1,277.3,24.8,54.4,6.9,6.72,30.4,151,59,48,Canal,139,2.5,85,5.32,46.5,12854,610386,597711,-12675,7308.9,7.28,21
FARM_4106,Maharashtra,Nagpur,Cucumber,Zaid,4.9,316.6,33.3,47.2,7.7,6.57,35.2,107,22,45,Drip,168,1.8,76,4.9,23.54,13212,285964,311010,25046,6395.8,7.66,51.6
FARM_4107,Gujarat,Vadodara,Cucumber,Zaid,6.9,267.1,23.6,41.4,7.3,7.02,49.9,145,62,40,Canal,152,2.7,69,4.52,30.14,15583,441958,469672,27714,6256.9,7.22,45.3
FARM_4108,Maharashtra,Nagpur,Muskmelon,Zaid,9.6,282.2,33.6,53.5,8.7,7.25,36.3,121,67,45,Rainfed,171,2.3,74,4.19,37.34,12236,533475,456892,-76583,6776.4,6.18,41.4
FARM_4109,Madhya Pradesh,Indore,Muskmelon,Zaid,7.5,423.1,35,52.5,7.5,6.48,49.9,112,55,34,Rainfed,154,2.1,77,3.67,30.09,13946,416155,419635,3480,7141.9,5.14,39.5
FARM_4110,Uttar Pradesh,Meerut,Watermelon,Zaid,8.7,362.1,29.6,49.5,7.2,5.78,31.1,80,65,59,Tube Well,188,3,83,4.04,34.06,14493,514567,493632,-20935,6911.2,5.85,48.3
FARM_4111,Punjab,Amritsar,Fodder,Zaid,8.9,395,29.4,43.6,8.7,6.07,38.7,126,72,29,Sprinkler,147,3.4,77,3.58,29.86,13667,427859,408097,-19762,6853.4,5.22,42.8
FARM_4112,Maharashtra,Pune,Muskmelon,Zaid,6.8,400.5,33.5,50.6,8.3,7.5,29,97,54,40,Sprinkler,215,2.8,86,5.24,35.12,11691,559577,410588,-148989,4671.2,11.22,53.8
FARM_4113,Punjab,Patiala,Moong,Zaid,6.5,308.5,29.1,56.3,8.8,6.69,42.2,87,53,43,Drip,155,2.8,88,3.74,23.14,14289,328172,330647,2475,7137,5.24,29.1
FARM_4114,Uttar Pradesh,Agra,Muskmelon,Zaid,7.7,295.6,27.2,56.7,5.6,6.89,29.2,114,42,34,Canal,205,2.3,83,3.21,23.85,14267,348201,340268,-7933,5401.7,5.94,36.1
FARM_4115,Gujarat,Rajkot,Moong,Zaid,7,368.9,31.7,48.3,5.4,6.09,25.1,66,49,48,Tube Well,150,3.8,86,4.25,32.22,14957,471219,481915,10696,6555.1,6.48,36.6
FARM_4116,Punjab,Amritsar,Moong,Zaid,5.8,372.6,34.1,45.2,6.7,7.1,49.1,94,53,41,Rainfed,217,2.2,83,5.71,33.35,11672,420647,389261,-31386,5352.1,10.67,36.6
FARM_4117,Karnataka,Dharwad,Fodder,Zaid,8.4,307.7,34.3,60.2,8.6,5.97,19.9,125,61,66,Tube Well,147,2.7,84,4,33.47,14779,483921,494653,10732,6164.9,6.49,50.1
FARM_4118,Tamil Nadu,Coimbatore,Fodder,Zaid,5.8,346.9,26.4,48.8,7.2,6.26,29.7,127,75,56,Sprinkler,152,2.9,73,4.73,27.12,13347,336371,361971,25600,5318,8.89,50.9
FARM_4119,Haryana,Kurukshetra,Fodder,Zaid,9.1,243.1,33.6,48.3,10.7,6.82,48.7,122,55,45,Rainfed,187,2.1,88,5.02,48.31,12092,653388,584165,-69223,5279.2,9.51,51
FARM_4120,Punjab,Patiala,Cucumber,Zaid,6,282.8,28.7,50.2,6,6.18,17.1,98,62,42,Sprinkler,153,2.6,91,5.45,32.1,14014,419153,449849,30696,5591.3,9.75,42.4
FARM_4121,Uttar Pradesh,Lucknow,Muskmelon,Zaid,7.9,263.9,30.6,65.3,7.7,7.44,48.6,139,54,50,Canal,197,2.9,76,6.11,49.38,12289,710059,606831,-103228,5306.6,11.51,50.3
FARM_4122,Telangana,Sangareddy,Fodder,Zaid,7.3,324.3,32.4,58.2,8.7,7.33,51.9,126,40,52,Rainfed,157,2.1,90,4.83,36.32,12720,492043,461990,-30053,5960.7,8.1,31.3
FARM_4123,Karnataka,Dharwad,Cucumber,Zaid,7.7,228.6,30.1,56.3,8.2,7.11,38.6,121,68,48,Canal,186,1.6,86,4.39,33.43,13862,439383,463407,24024,7047.6,6.23,32
FARM_4124,Punjab,Ludhiana,Cucumber,Zaid,5.6,256.3,33.6,52.8,6.9,5.92,52.4,149,59,54,Drip,160,2.8,79,4.98,28.08,15330,451582,430466,-21116,8310.6,5.99,45.1
FARM_4125,Uttar Pradesh,Meerut,Moong,Zaid,7.5,370,33.2,42.4,6.4,6.75,30,147,56,57,Canal,186,2.7,94,4.54,34.86,11266,501930,392733,-109197,6780.1,6.7,38.9
FARM_4126,Karnataka,Mysuru,Cucumber,Zaid,8,230.7,29.3,54.3,6.9,6.08,41,109,56,44,Rainfed,201,2.3,85,4.92,38.4,12632,453085,485069,31984,5837.9,8.43,39.7
FARM_4127,Gujarat,Vadodara,Moong,Zaid,9.3,229.2,33.6,62.4,7.7,6.1,38.3,126,65,57,Canal,187,1.7,85,5.62,50.89,12840,714990,653428,-61562,6707.6,8.38,35.9
FARM_4128,Uttar Pradesh,Agra,Watermelon,Zaid,8.9,250,29.7,67.1,9.3,7.5,33,134,70,50,Drip,133,1.9,92,4.26,33.96,14063,480531,477579,-2952,6565.8,6.49,32.6
FARM_4129,Maharashtra,Aurangabad,Moong,Zaid,7.6,383.2,33.5,48.3,6.1,6.91,38.8,97,35,35,Rainfed,177,2.1,82,5.28,38.14,14742,516065,562260,46195,6951.1,7.6,30.3
FARM_4130,Karnataka,Dharwad,Cucumber,Zaid,8.8,335.1,32.7,57.1,6.5,6,15,104,50,48,Canal,163,2.5,85,3.32,31.04,14366,466705,445921,-20784,5058.1,6.56,40.1
FARM_4131,Haryana,Rohtak,Muskmelon,Zaid,8.3,266.3,31.9,45.7,4.9,7.24,44.5,120,56,46,Rainfed,183,3.6,78,5.67,47.18,14589,657211,688309,31098,7116.7,7.97,45.7
FARM_4132,Andhra Pradesh,Kurnool,Fodder,Zaid,6.5,196,32.9,52.3,8.3,6.6,47.1,122,51,33,Canal,211,2.7,71,3.46,24.85,13803,356264,343005,-13259,6606.1,5.24,26.9
FARM_4133,Karnataka,Raichur,Moong,Zaid,8.4,286,29.8,59.3,7.7,6.38,36.6,122,71,44,Rainfed,186,2.6,85,3.61,31.29,12037,462366,376638,-85728,6878.7,5.25,44.2
FARM_4134,Gujarat,Rajkot,Muskmelon,Zaid,8.3,293.5,31.1,42.3,7.2,6.61,47.8,116,57,50,Rainfed,135,1.4,81,5.15,41.75,13873,549885,579198,29313,6176.2,8.34,41.4
FARM_4135,Tamil Nadu,Salem,Moong,Zaid,9.7,315.7,30.1,48.2,8.5,6.37,25.8,95,53,50,Canal,221,2.8,81,4.86,47.46,14550,649813,690543,40730,6888.4,7.06,34.8
FARM_4136,Uttar Pradesh,Kanpur,Moong,Zaid,4.1,267.5,33,44.2,7.5,7.55,42.1,103,57,43,Canal,178,2.5,77,2.37,10.68,13510,162011,144287,-17724,9150.6,2.59,44.5
FARM_4137,Madhya Pradesh,Ujjain,Muskmelon,Zaid,8.9,302.8,32.7,65.7,6.2,6.34,40.7,100,33,39,Canal,145,1.5,83,4.26,37.78,13148,491418,496731,5313,6205.8,6.86,28.2
FARM_4138,Madhya Pradesh,Gwalior,Moong,Zaid,10.8,303.7,28.3,63,7,6.72,47.2,124,66,42,Tube Well,225,2.4,80,5.1,60.41,13281,830595,802305,-28290,7274.7,7.01,24.8
FARM_4139,Tamil Nadu,Salem,Watermelon,Zaid,9.3,301.4,32.1,43,5.6,6.88,42.2,125,39,47,Drip,191,1.8,74,3.34,29.59,13803,430058,408431,-21627,6439.6,5.19,39.6
FARM_4140,Uttar Pradesh,Agra,Muskmelon,Zaid,7.8,285.3,34.1,58.6,7,6.78,27.5,122,64,49,Sprinkler,165,1.4,80,4.05,28.87,13260,377490,382816,5326,6474.7,6.26,24.4
FARM_4141,Karnataka,Shimoga,Muskmelon,Zaid,6.1,357.7,32,52.4,6.7,6.53,36.2,128,43,34,Sprinkler,162,2.2,84,3.8,21.25,13659,309794,290254,-19540,6994.3,5.43,42
FARM_4142,Telangana,Nalgonda,Fodder,Zaid,7.5,260.6,31.8,47.5,6.6,7.73,24.6,135,28,57,Sprinkler,231,2.8,86,4.93,35.5,12435,472552,441443,-31109,6803.1,7.25,33.1
FARM_4143,Tamil Nadu,Tiruchirappalli,Muskmelon,Zaid,10.3,283.2,31.5,49.3,5.3,6.33,43.9,131,71,27,Tube Well,225,2.9,79,5.32,59.39,14381,825403,854088,28685,6744.6,7.89,25.4
FARM_4144,Karnataka,Belagavi,Muskmelon,Zaid,9.7,281.9,29.9,49.4,6.8,6.49,30.6,123,61,55,Rainfed,258,1.9,75,4.03,36.44,16553,555217,603191,47974,6618.1,6.09,38.4
FARM_4145,Maharashtra,Nashik,Watermelon,Zaid,10.9,291.2,30,55.3,6.8,6.94,33.2,127,66,69,Drip,158,1.7,78,3.67,40.25,15507,618519,624157,5638,6311.6,5.81,48.5
FARM_4146,Gujarat,Junagadh,Fodder,Zaid,10.6,341.4,29.8,37,7,7.16,30.5,127,59,35,Drip,169,2.4,92,4.85,51.63,12649,711746,653068,-58678,6529.3,7.43,36.8
FARM_4147,Haryana,Kurukshetra,Cucumber,Zaid,6.5,287.1,29.3,37.1,7.9,6.87,49.3,134,59,44,Canal,152,2.9,88,4.27,27.91,13985,327073,390321,63248,6878.9,6.21,24.8
FARM_4148,Madhya Pradesh,Indore,Cucumber,Zaid,7.4,308.8,30.5,56.4,6.4,7.47,48,128,43,36,Sprinkler,132,2.3,89,3.25,25.02,12951,322798,324034,1236,6872,4.73,38.8
FARM_4149,Tamil Nadu,Thanjavur,Moong,Zaid,9.7,207.9,31.9,48.1,8.3,6.08,39.1,89,65,49,Canal,162,2.5,80,4.53,42.54,13662,640876,581181,-59695,6751.2,6.71,43.7
FARM_4150,Tamil Nadu,Madurai,Moong,Zaid,9.8,250.1,33.7,44.9,5.9,7.09,37.4,121,63,36,Tube Well,171,1.7,91,5,50.69,13302,702253,674278,-27975,8493.5,5.89,30.7
FARM_4151,Telangana,Rangareddy,Moong,Zaid,5.6,372.4,30,50.4,8.2,6.99,25.6,151,41,60,Rainfed,188,2.6,86,4.88,27.8,13544,453734,376523,-77211,7164.2,6.81,47.7
FARM_4152,Madhya Pradesh,Ujjain,Moong,Zaid,10.2,330.1,32,47.3,6.9,5.67,44,119,42,46,Sprinkler,199,3.5,72,4.74,46.46,14198,721125,659639,-61486,6081.2,7.79,39.4
FARM_4153,Maharashtra,Nashik,Moong,Zaid,12.2,339.1,32.1,54.1,7.2,6.51,19.6,116,46,26,Canal,113,2.1,89,4.54,54.76,13355,834252,731320,-102932,4541.5,10,32.3
FARM_4154,Tamil Nadu,Thanjavur,Cucumber,Zaid,10.5,280.1,31,42.5,6.3,7.04,29.4,135,50,41,Drip,160,2.8,83,4.78,48.61,13597,651173,660950,9777,6111.1,7.82,29.9
FARM_4155,Karnataka,Mysuru,Moong,Zaid,9.1,310.7,28.6,60.1,6,7.04,33.9,82,52,45,Drip,180,2.4,88,6.56,56.42,14883,766539,839699,73160,6518.8,10.06,26.3
FARM_4156,Punjab,Jalandhar,Moong,Zaid,8.1,348.6,33.1,27.7,8.6,6.61,39.3,125,65,24,Tube Well,144,3.4,85,3.8,29.73,13240,402139,393625,-8514,7567.7,5.02,39.1
FARM_4157,Uttar Pradesh,Meerut,Cucumber,Zaid,8.2,340.3,32.5,44.2,8.5,6.89,31.1,92,52,40,Sprinkler,225,2.6,95,5.6,42.91,13813,609602,592716,-16886,5754.1,9.73,39.9
FARM_4158,Uttar Pradesh,Meerut,Moong,Zaid,12.1,350.3,34.1,51.7,8.1,7.09,37.6,109,53,54,Rainfed,171,2.6,77,6.07,75.14,12388,1117360,930834,-186526,6235.4,9.73,36.9
FARM_4159,Madhya Pradesh,Indore,Fodder,Zaid,7.1,377.1,31.4,33.6,7,6.8,40.1,124,54,53,Sprinkler,231,2.6,84,4.97,33.53,14878,526484,498859,-27625,4837.8,10.27,33.9
FARM_4160,Tamil Nadu,Thanjavur,Muskmelon,Zaid,6,294,28.7,45.7,5.9,6.12,25.7,131,78,49,Sprinkler,219,1.9,94,4.82,28.65,13685,447998,392075,-55923,5313,9.07,35.2
FARM_4161,Telangana,Rangareddy,Fodder,Zaid,9.2,293.2,31.2,39.5,7.3,6.58,43.2,133,56,23,Sprinkler,177,2.5,79,5.86,53.64,13942,720500,747849,27349,5822.1,10.07,41.8
FARM_4162,Haryana,Karnal,Cucumber,Zaid,9.4,280.5,32.8,56.1,8.6,6.66,42.7,103,63,40,Drip,190,1,72,4.84,45.54,12860,609536,585644,-23892,6591.1,7.34,37.7
FARM_4163,Punjab,Bathinda,Muskmelon,Zaid,6.1,266,28.3,49.9,7.5,6.16,44.2,78,54,43,Canal,115,2.4,87,4.95,31.73,12613,474646,400210,-74436,6731.5,7.35,43.9
FARM_4164,Punjab,Amritsar,Muskmelon,Zaid,7.7,301.2,29.3,41.7,7.1,6.76,34.8,134,37,40,Canal,184,2.3,85,4.83,39.68,11897,461163,472073,10910,6157.4,7.84,43.8
FARM_4165,Telangana,Rangareddy,Fodder,Zaid,9,335,31,47.3,6.4,6.89,27.3,132,64,54,Canal,159,1.5,87,4.01,38.35,15779,550152,605125,54973,6711.6,5.97,30.5
FARM_4166,Tamil Nadu,Madurai,Cucumber,Zaid,10.1,343.4,30.5,37.8,7.3,6.31,24.3,132,53,23,Tube Well,168,2.2,78,4.7,44,13225,645203,581900,-63303,6401,7.34,33.4
FARM_4167,Punjab,Jalandhar,Muskmelon,Zaid,8.7,319.9,28.9,52.9,6.6,6.48,28.8,97,31,36,Drip,197,2.6,75,5.12,47.22,14651,805844,691820,-114024,5398.3,9.48,39.9
FARM_4168,Karnataka,Belagavi,Moong,Zaid,9.4,287.3,30.5,54.3,7.7,6.85,29.5,157,51,38,Drip,141,3.3,77,5.14,46.34,14343,595768,664655,68887,6780.6,7.58,38.2
FARM_4169,Tamil Nadu,Thanjavur,Cucumber,Zaid,6.9,242.3,33.7,41.1,8,6.69,25.4,108,70,37,Drip,142,2.2,88,4.28,32.42,16501,394263,534962,140699,6443.2,6.64,26.1
FARM_4170,Maharashtra,Aurangabad,Cucumber,Zaid,8,291.8,28.2,66.2,8.5,6.4,15,138,59,51,Drip,184,1.9,85,4.98,41.54,13314,573135,553064,-20071,6069.6,8.2,30.4
FARM_4171,Haryana,Hisar,Muskmelon,Zaid,7.4,314.9,34.5,58.6,8,6.41,25.4,131,48,49,Tube Well,196,1.7,94,4.34,31.01,15456,494351,479291,-15060,6234.9,6.96,58.5
FARM_4172,Karnataka,Mysuru,Watermelon,Zaid,8.5,264.6,27.9,56.2,6,6.69,40.1,108,64,61,Drip,180,2.6,79,5.69,49.84,14594,727731,727365,-366,7045.8,8.08,47.4
FARM_4173,Punjab,Jalandhar,Watermelon,Zaid,9.3,297.9,32.3,51.6,8.4,6.72,29.7,91,46,51,Canal,222,3.2,74,4.2,40.44,12209,595085,493732,-101353,7089.4,5.92,23.4
FARM_4174,Uttar Pradesh,Meerut,Cucumber,Zaid,8.6,244.9,32.7,65.5,8.6,6.76,41.4,112,47,48,Drip,214,3.1,80,5.19,46.17,13469,735150,621864,-113286,5036.7,10.3,34.8
FARM_4175,Andhra Pradesh,Krishna,Fodder,Zaid,9.8,238.7,30.9,45.7,7.3,5.95,42.2,128,65,39,Rainfed,119,2.7,78,4.3,45.62,13749,553374,627229,73855,7945.2,5.41,42.5
FARM_4176,Madhya Pradesh,Ujjain,Fodder,Zaid,7.9,290.5,29.5,43.5,6.6,6.86,43,115,82,48,Canal,195,2.6,83,2.82,20.87,14782,289073,308500,19427,7502.9,3.76,49.7
FARM_4177,Gujarat,Vadodara,Muskmelon,Zaid,8.5,311.9,33.4,54,7.5,6.4,39.6,134,41,50,Canal,145,2.6,84,4.83,40.67,14535,497563,591138,93575,7200,6.71,33.2
FARM_4178,Maharashtra,Pune,Fodder,Zaid,11.1,411.2,35.5,60.1,7.6,7.09,24.7,108,38,34,Drip,144,1.9,96,4.38,47.29,12204,643390,577127,-66263,6322,6.93,35.3
FARM_4179,Tamil Nadu,Tiruchirappalli,Cucumber,Zaid,6.2,215,31.7,51.9,5.5,6.36,39.5,136,73,48,Rainfed,89,3.4,80,5.83,39.44,16199,521104,638889,117785,6809.6,8.56,32.1
FARM_4180,Uttar Pradesh,Lucknow,Moong,Zaid,9.2,185.7,31,48.5,7.4,7.32,28.7,89,47,37,Rainfed,155,2.3,79,4.61,44.07,13962,601201,615305,14104,7081.3,6.51,44.6
FARM_4181,Andhra Pradesh,Kurnool,Watermelon,Zaid,9.6,325.1,34.6,52.8,8.2,6.48,30.8,109,54,44,Rainfed,191,1.9,85,7.8,80.23,11374,1260490,912536,-347954,6582.5,11.85,36.3
FARM_4182,Haryana,Hisar,Moong,Zaid,6.5,263.4,32.9,59.9,7.2,6.69,34.1,104,60,32,Rainfed,194,2,84,4.41,30.7,12973,427909,398271,-29638,5502.1,8.02,47.3
FARM_4183,Haryana,Kurukshetra,Muskmelon,Zaid,8.8,320.6,36.6,58.9,9.5,7.47,31.7,143,37,29,Canal,186,2.8,78,4.45,36.62,13687,477856,501218,23362,5648.7,7.88,26.6
FARM_4184,Uttar Pradesh,Lucknow,Muskmelon,Zaid,11.5,395.1,25,53.5,7.4,6.22,17.2,122,58,39,Sprinkler,211,2.5,90,3.82,40.19,12163,496960,488831,-8129,6373.5,5.99,34.7
FARM_4185,Karnataka,Dharwad,Cucumber,Zaid,8.6,296.5,31.3,41.6,7.6,6.95,30,187,44,60,Tube Well,235,1.6,91,5.92,51.35,13799,772401,708579,-63822,6243.9,9.48,33.1
FARM_4186,Uttar Pradesh,Kanpur,Watermelon,Zaid,9.9,339.6,34.1,57.2,6.6,7.21,33.7,156,53,54,Rainfed,153,1.8,69,5.3,54.18,13986,762716,757761,-4955,6936.3,7.64,43.6
FARM_4187,Haryana,Hisar,Cucumber,Zaid,9,255.7,28.5,49.8,6.9,6.73,37.9,144,46,49,Sprinkler,141,2.1,88,5.5,46.4,12235,625695,567704,-57991,6101.2,9.01,41
FARM_4188,Gujarat,Junagadh,Moong,Zaid,8.8,203.9,26.8,45.4,5.2,6.98,54.2,133,31,51,Sprinkler,154,1.3,81,4.46,39.48,14546,493704,574276,80572,5295.5,8.42,42.2
FARM_4189,Tamil Nadu,Coimbatore,Moong,Zaid,8.3,271.6,30.2,47.2,6.1,7.32,34.2,123,51,55,Sprinkler,195,0.8,70,5.56,43.62,13110,540643,571858,31215,5449.7,10.2,48.2
FARM_4190,Karnataka,Belagavi,Fodder,Zaid,5.1,333.9,34.3,48.2,9.9,6.75,38.9,107,46,50,Drip,224,2.5,82,3.62,17.99,13711,277933,246661,-31272,6408.1,5.65,49
FARM_4191,Telangana,Rangareddy,Moong,Zaid,12.7,293.9,36.3,48.1,8.3,6.49,34.1,130,36,37,Drip,97,2.1,74,3.66,47.99,14221,655669,682466,26797,6849.1,5.34,34.8
FARM_4192,Punjab,Ludhiana,Fodder,Zaid,7.7,228,28.8,55.4,7.2,7.48,26.6,138,44,27,Tube Well,169,2,81,4.03,28.22,14900,404799,420478,15679,6273,6.42,25.8
FARM_4193,Punjab,Patiala,Cucumber,Zaid,7.9,174.1,34.5,54.1,7.5,7.08,15,117,56,51,Canal,195,2.6,88,6.59,54.09,13788,644518,745793,101275,5693.7,11.57,43.1
FARM_4194,Maharashtra,Pune,Muskmelon,Zaid,8.4,281.1,28.9,57.9,7.6,7.18,48.1,91,56,35,Sprinkler,123,2.9,81,3.82,28.14,16438,443419,462565,19146,6935.3,5.51,32.8
FARM_4195,Punjab,Amritsar,Muskmelon,Zaid,11,324.4,29.8,50.9,7.8,6.77,25.1,150,28,40,Rainfed,197,2.4,81,5.57,58.68,14344,897800,841706,-56094,5987.9,9.3,51
FARM_4196,Karnataka,Mysuru,Muskmelon,Zaid,10.1,257.6,29.3,60,7.7,6.47,32.8,126,32,50,Sprinkler,206,3.3,96,5.84,57.64,14416,824869,830938,6069,7106.6,8.22,44.9
FARM_4197,Uttar Pradesh,Varanasi,Muskmelon,Zaid,6.9,218.7,31.6,46.3,7.7,6.52,31,127,74,40,Rainfed,192,3.8,80,5.85,38.88,15705,584600,610610,26010,6792.9,8.61,43.3
FARM_4198,Madhya Pradesh,Bhopal,Cucumber,Zaid,7.6,269.9,31.9,53.5,7.3,6.71,27.1,157,59,33,Sprinkler,155,1.3,78,4.35,36.26,11984,490623,434540,-56083,7750.8,5.61,38.4
FARM_4199,Uttar Pradesh,Meerut,Moong,Zaid,11.2,314.2,32,46.5,5.5,6.41,20.8,131,61,38,Drip,128,2.1,84,5.34,58.04,14503,901582,841754,-59828,5473.6,9.76,38.2
FARM_4200,Madhya Pradesh,Bhopal,Fodder,Zaid,7.6,218.7,31.6,49.6,7.7,7.05,36.2,134,58,32,Sprinkler,150,2.2,81,3.48,26.91,13927,328850,374776,45926,5005.5,6.95,26.7
FARM_4201,Madhya Pradesh,Indore,Watermelon,Zaid,8.5,262.3,29,54.4,8.1,7.2,46.1,129,62,57,Tube Well,171,2.3,86,4.27,38.28,13981,472322,535193,62871,5405.2,7.9,28.6
FARM_4202,Punjab,Jalandhar,Muskmelon,Zaid,7.1,287,30.3,54.6,6.6,6.4,50.4,106,57,67,Tube Well,189,1.8,80,4.27,31.78,15833,480635,503173,22538,7651.5,5.58,32.8
FARM_4203,Haryana,Ambala,Cucumber,Zaid,9.4,251,31.4,61.1,8.7,6.56,32.8,72,73,42,Sprinkler,145,2.2,98,4.6,41.73,13261,497465,553382,55917,6065,7.58,55.1
FARM_4204,Telangana,Nalgonda,Cucumber,Zaid,10.2,256.6,29.4,43.7,9.1,6.93,35.2,93,44,39,Canal,194,1.5,85,4.62,52.01,14548,715937,756641,40704,6647.6,6.95,38.1
FARM_4205,Maharashtra,Aurangabad,Watermelon,Zaid,6.5,282.7,34.7,54.8,7.5,7.21,22.2,117,39,56,Tube Well,231,2.2,86,4.37,26.22,11089,380842,290754,-90088,7194.1,6.07,43.3
FARM_4206,Punjab,Jalandhar,Muskmelon,Zaid,5.1,320.5,30.5,70.6,6.6,6.92,26.6,125,37,46,Rainfed,158,2.2,82,4.72,22.51,13054,317163,293846,-23317,7988.4,5.91,35.4
FARM_4207,Haryana,Kurukshetra,Watermelon,Zaid,7.1,310.7,28.9,48.4,8.5,6.57,35.6,97,69,40,Canal,203,1.4,88,4.33,29.36,16243,407591,476894,69303,5984.3,7.24,48.8
FARM_4208,Telangana,Rangareddy,Cucumber,Zaid,7.9,361.2,32.1,45.7,8.8,6.56,35.6,124,65,43,Rainfed,198,2.3,75,4.53,35.61,11844,479855,421765,-58090,6081.1,7.45,42.1
FARM_4209,Madhya Pradesh,Ujjain,Watermelon,Zaid,9.4,330.8,32.3,43.2,7.7,6.78,28.8,155,35,51,Drip,228,1.7,85,6.41,62.99,13239,928061,833925,-94136,5472.1,11.71,24.3
FARM_4210,Telangana,Nalgonda,Watermelon,Zaid,6.9,341.5,29.7,53.6,7.2,6.51,31.4,125,50,47,Sprinkler,171,3,79,4.35,26.74,13778,322618,368424,45806,5237.6,8.31,29.2
FARM_4211,Haryana,Kurukshetra,Moong,Zaid,8.1,405.6,29,61.5,6.3,6.85,33.4,159,72,37,Rainfed,101,2.1,70,4.96,42.13,11833,582460,498524,-83936,8165.9,6.07,40.4
FARM_4212,Karnataka,Dharwad,Muskmelon,Zaid,7.7,385.5,29.1,42.9,5.7,6.6,53.1,140,47,48,Rainfed,198,2.4,85,4.88,38.31,14462,549825,554039,4214,6293.9,7.75,32
FARM_4213,Tamil Nadu,Salem,Watermelon,Zaid,10.2,367,31,52.8,7.2,6.64,42.1,128,71,31,Tube Well,174,2.5,80,3.14,33.53,14087,469102,472337,3235,6737.5,4.66,36.1
FARM_4214,Telangana,Rangareddy,Fodder,Zaid,6.2,303.1,32.2,58.4,7.9,5.67,41.9,121,34,50,Drip,216,2.5,85,2.48,15.47,10334,195527,159867,-35660,7269.4,3.41,44.5
FARM_4215,Tamil Nadu,Coimbatore,Cucumber,Zaid,11,316.4,29.5,46.5,6.6,7.2,36.2,101,73,42,Sprinkler,197,2.5,83,4.66,47.22,12096,648944,571173,-77771,8305.6,5.61,41.7
FARM_4216,Maharashtra,Nagpur,Moong,Zaid,7.5,277.3,30.1,45.9,7.5,7.03,29.4,124,57,55,Drip,154,2.3,81,5.15,40.36,15521,553713,626428,72715,6604.2,7.8,42.6
FARM_4217,Andhra Pradesh,Krishna,Cucumber,Zaid,8,263.7,29,64.3,7.7,7.25,36.5,115,62,39,Rainfed,214,2.5,89,4.56,35.59,12721,543751,452740,-91011,7618,5.99,30.6
FARM_4218,Maharashtra,Nashik,Cucumber,Zaid,6.7,300.9,30.4,55.5,7.8,6.53,30.8,119,72,27,Rainfed,186,1.9,76,4.92,33.96,14388,451903,488616,36713,5886.6,8.36,38.7
FARM_4219,Haryana,Kurukshetra,Muskmelon,Zaid,6.7,409.8,30.8,56.1,4.8,6.53,37.5,134,83,38,Tube Well,145,2.8,81,5.44,35.28,14559,468820,513642,44822,6690.2,8.13,35.7
FARM_4220,Madhya Pradesh,Ujjain,Fodder,Zaid,5.8,346,32.8,50.3,7,6.66,45,141,71,52,Canal,174,2.1,75,4.02,24.29,13568,302071,329567,27496,5882.3,6.83,37.2
FARM_4221,Karnataka,Mysuru,Cucumber,Zaid,8.6,392,31.1,34.7,8.4,6.79,39.5,98,53,46,Rainfed,181,1.2,84,3.65,31.84,14390,409991,458178,48187,7470.8,4.89,51.1
FARM_4222,Haryana,Kurukshetra,Moong,Zaid,9.1,290,29.2,59.5,7.7,7.39,28.7,132,58,48,Drip,148,2.4,88,4.14,37.7,14154,547376,533606,-13770,4931.3,8.4,39.9
FARM_4223,Maharashtra,Pune,Watermelon,Zaid,8.1,356.5,34.2,45.9,4.4,6.54,21.6,99,65,53,Sprinkler,142,1.8,80,5.42,47.03,15549,644611,731269,86658,5995.6,9.04,26.4
FARM_4224,Madhya Pradesh,Gwalior,Cucumber,Zaid,7.1,256.9,29.2,64.3,7.7,7.24,29.8,134,66,37,Canal,161,1.6,73,4.69,32.42,13656,463401,442728,-20673,5254.4,8.93,48.6
FARM_4225,Gujarat,Vadodara,Cucumber,Zaid,10.1,319,29.5,49.4,6.4,6.5,23.8,97,70,54,Sprinkler,154,2.5,83,5.35,57.56,13867,815748,798185,-17563,5795.5,9.23,28.4
FARM_4226,Haryana,Hisar,Muskmelon,Zaid,10,300.5,25.5,51.1,5.9,6.62,31.2,165,63,49,Rainfed,201,2.5,83,2.08,20.29,15446,289875,313399,23524,5778.5,3.6,36.3
FARM_4227,Gujarat,Ahmedabad,Cucumber,Zaid,7.8,289.4,29.4,37.4,6.9,6.92,27.9,103,65,35,Sprinkler,253,2.9,83,4.26,32.25,13561,514335,437342,-76993,5384.6,7.91,34.6
FARM_4228,Gujarat,Ahmedabad,Fodder,Zaid,10.9,264.9,28,57,7.6,6.76,26.2,126,50,45,Sprinkler,132,2.2,71,5.9,60.87,14290,782213,869832,87619,6157,9.58,35.1
FARM_4229,Maharashtra,Solapur,Watermelon,Zaid,8.9,294.5,26,52.7,6.9,7.2,30.6,120,45,32,Rainfed,188,2.2,79,4.9,44.09,14635,567151,645257,78106,6129.8,7.99,51.9
FARM_4230,Madhya Pradesh,Bhopal,Fodder,Zaid,8.5,254.9,28.7,45.8,8.1,7.66,36.3,120,60,46,Tube Well,202,1.8,78,5.66,45.31,13258,604440,600720,-3720,7337.2,7.71,39.5
FARM_4231,Madhya Pradesh,Bhopal,Cucumber,Zaid,9.1,275.2,37.8,48.3,6.5,6.79,31.2,115,62,44,Tube Well,226,1.5,80,2.6,23.37,14098,326012,329470,3458,7142.5,3.64,28.8
FARM_4232,Uttar Pradesh,Agra,Watermelon,Zaid,7,307.7,32.1,39.7,7.1,6.24,26.4,86,42,48,Canal,161,1.9,73,5.06,36.75,13891,504185,510494,6309,6434.2,7.86,44.3
FARM_4233,Tamil Nadu,Coimbatore,Watermelon,Zaid,5.9,322.9,28.8,59,7.6,6,37.4,155,61,34,Tube Well,189,2.8,90,4.13,22.77,15075,321230,343258,22028,4919.1,8.4,42.7
FARM_4234,Karnataka,Raichur,Fodder,Zaid,6.2,264.2,30.7,32.8,6.4,6.48,37.6,96,27,46,Rainfed,166,3,75,4.83,32.45,13818,479710,448394,-31316,6065.6,7.96,51
FARM_4235,Karnataka,Raichur,Cucumber,Zaid,10.4,302.7,28.8,62.6,7.5,7.62,27.4,119,60,47,Drip,208,2.7,73,4.72,52.33,14798,799617,774379,-25238,6779.6,6.96,49.2
FARM_4236,Telangana,Medak,Cucumber,Zaid,11.1,288,28.5,46.1,6.7,6.6,37.1,94,51,55,Drip,186,2.3,76,4.92,56.37,13844,725703,780386,54683,6869.6,7.16,53.7
FARM_4237,Madhya Pradesh,Bhopal,Muskmelon,Zaid,9.2,364,33.1,46.1,6.4,6.61,39.3,115,55,43,Sprinkler,196,2.1,74,3.84,34.94,14194,475860,495938,20078,5824.5,6.59,24.8
FARM_4238,Telangana,Rangareddy,Moong,Zaid,9,312.1,32,47,7.6,6.08,27.4,122,58,55,Drip,172,2.2,89,4.36,38.44,12377,492023,475772,-16251,5158.3,8.45,28
FARM_4239,Punjab,Patiala,Moong,Zaid,10.6,372.6,29.3,40.1,8.9,6.31,31.4,91,42,42,Canal,192,2,77,4.41,46.97,14310,744804,672141,-72663,5096.2,8.65,37.8
FARM_4240,Tamil Nadu,Thanjavur,Muskmelon,Zaid,5.9,312.1,31.7,54,5.9,7.02,32.1,103,46,55,Rainfed,171,2.3,76,5.16,29.61,13793,392455,408411,15956,6990.1,7.38,46.5
FARM_4241,Karnataka,Raichur,Moong,Zaid,7.6,298.3,29.3,58.7,4.8,6.9,47.2,111,82,44,Sprinkler,187,2.3,88,4.99,34.96,13478,544003,471191,-72812,6957.4,7.17,45
FARM_4242,Tamil Nadu,Thanjavur,Fodder,Zaid,11.1,356.1,30.6,42.7,6.8,5.99,38.3,151,44,49,Rainfed,142,1.7,82,3.32,33.75,14821,523760,500209,-23551,5466.4,6.07,43.7
FARM_4243,Maharashtra,Pune,Fodder,Zaid,9.2,319.5,35.7,59.4,6.6,7.39,52.1,127,48,37,Rainfed,154,3.5,85,5.66,51.44,14682,784216,755242,-28974,7663.7,7.39,31.8
FARM_4244,Tamil Nadu,Tiruchirappalli,Muskmelon,Zaid,5.6,277.3,32.7,46.4,7.2,7.26,19.8,141,54,58,Rainfed,163,3.2,83,5.33,29.65,12981,411758,384887,-26871,5770.6,9.24,43
FARM_4245,Punjab,Ludhiana,Watermelon,Zaid,8.4,318,29.9,39.1,8.5,6.31,33.1,91,49,48,Canal,169,1.5,75,3.85,31.48,14124,478985,444624,-34361,5933.3,6.49,46.1
FARM_4246,Uttar Pradesh,Agra,Cucumber,Zaid,9.2,263,35,53.6,7.8,6.69,38.2,133,53,33,Sprinkler,207,1.5,85,4.68,42.56,15339,544794,652828,108034,4927.3,9.5,28.9
FARM_4247,Punjab,Patiala,Watermelon,Zaid,10.8,299,31.4,41.5,5.6,5.99,29.6,85,76,43,Canal,212,1.4,78,5.47,58.29,14666,683778,854881,171103,7201.4,7.6,28.6
FARM_4248,Tamil Nadu,Thanjavur,Fodder,Zaid,4.2,406.8,32.9,59.2,8.7,6.78,27.7,107,45,49,Drip,150,2,86,4.84,21.59,13989,290564,302023,11459,5271.4,9.18,43.3
FARM_4249,Telangana,Sangareddy,Cucumber,Zaid,7.8,328.1,29.7,57.3,8.1,6.68,45.8,134,55,47,Rainfed,169,2.4,73,4.11,36.88,15351,568166,566145,-2021,7016.6,5.86,20.8
FARM_4250,Punjab,Patiala,Watermelon,Zaid,9.7,253.8,35.9,57.1,8.4,6.83,44.3,129,75,47,Canal,184,1.7,85,4.45,42.83,14223,571719,609171,37452,7130.1,6.24,37.6
FARM_4251,Uttar Pradesh,Varanasi,Watermelon,Zaid,9.9,166.9,29.6,63.2,7.6,7.06,58.1,132,67,39,Sprinkler,147,2.6,88,3.52,33.85,13628,437039,461308,24269,6789.5,5.18,47.4
FARM_4252,Tamil Nadu,Tiruchirappalli,Muskmelon,Zaid,7.3,317.2,28.5,52.9,8.5,6.83,46.5,79,62,39,Drip,218,1.9,85,5.47,42.63,15918,487732,678584,190852,6296.3,8.69,36.7
FARM_4253,Karnataka,Mysuru,Moong,Zaid,7.7,317.2,27.2,52.8,7.9,6.99,38.7,103,55,42,Sprinkler,211,2.6,84,6.28,49.81,11931,750924,594283,-156641,5865.6,10.71,24.6
FARM_4254,Punjab,Bathinda,Muskmelon,Zaid,9.6,346.3,28.1,62.3,7.8,5.91,26.5,123,58,44,Drip,228,2.3,81,4.24,40.21,14339,527052,576571,49519,3829.7,11.07,47.8
FARM_4255,Andhra Pradesh,Krishna,Watermelon,Zaid,7.3,268.3,30.5,56.8,6.5,6.57,51.2,113,44,39,Sprinkler,152,2.5,83,3.74,25.23,12135,398982,306166,-92816,5879.6,6.36,29.3
FARM_4256,Gujarat,Junagadh,Watermelon,Zaid,8.5,349.5,30,60.5,7.4,6.8,17.4,155,41,35,Tube Well,171,3.3,90,5.12,44.51,14737,631579,655944,24365,7091.6,7.22,47.5
FARM_4257,Maharashtra,Nashik,Fodder,Zaid,6.9,328.1,29.4,40.5,6.5,6.89,39.8,107,66,43,Sprinkler,179,2,85,5.77,38.56,12062,493932,465111,-28821,6482.3,8.9,31.2
FARM_4258,Gujarat,Junagadh,Watermelon,Zaid,6.7,324.6,37.6,60,5.9,7.04,32.1,118,44,49,Tube Well,179,3,85,3.34,22.7,11246,307891,255284,-52607,4879.7,6.84,28.2
FARM_4259,Karnataka,Belagavi,Muskmelon,Zaid,9.2,308.8,34.4,55.3,6.4,7.24,33.9,127,64,47,Canal,174,2.2,76,3.63,35.09,11948,483379,419255,-64124,4833.8,7.51,43.1
FARM_4260,Andhra Pradesh,Kurnool,Fodder,Zaid,7.6,207.9,30.5,52,8.3,6.76,36,113,63,46,Rainfed,128,2.3,82,4.15,33.13,15117,449808,500826,51018,5636,7.36,46.9
FARM_4261,Madhya Pradesh,Bhopal,Fodder,Zaid,7.6,338.4,31.3,58.5,8,7.34,26.6,143,61,41,Sprinkler,196,2.1,89,4.59,35.4,12659,538881,448129,-90752,5677.5,8.08,41.4
FARM_4262,Telangana,Medak,Muskmelon,Zaid,8.2,242.5,29.6,64.5,8.6,7.03,37.4,110,77,42,Tube Well,178,2.6,79,4.79,40.07,13699,589391,548919,-40472,5147.9,9.3,24.3
FARM_4263,Uttar Pradesh,Varanasi,Watermelon,Zaid,7.6,302.4,36.8,44,8.6,7.91,26.8,89,62,52,Sprinkler,164,2.7,83,4.99,37.03,15210,478310,563226,84916,5983.5,8.34,43.9
FARM_4264,Uttar Pradesh,Meerut,Moong,Zaid,5.4,218,31.9,60.9,8.6,6.19,38.6,152,53,53,Drip,227,1.5,90,5.46,28.82,12052,408452,347339,-61113,6038.7,9.04,41.4
FARM_4265,Maharashtra,Nagpur,Fodder,Zaid,6.7,311.8,29.3,56.1,7.9,6.54,43.1,126,61,35,Sprinkler,170,2.4,81,4.59,31.43,12540,504949,394132,-110817,7750.6,5.92,35.5
FARM_4266,Karnataka,Dharwad,Watermelon,Zaid,8.6,301.8,25.2,48.4,7.4,6.52,38.8,114,58,39,Sprinkler,171,2.2,87,3.83,34.71,15382,519016,533909,14893,6875.3,5.57,29.8
FARM_4267,Uttar Pradesh,Lucknow,Muskmelon,Zaid,7.3,263,34,63.1,7.1,6.83,24.7,99,56,25,Rainfed,132,1.7,82,4.54,31.96,14728,425105,470707,45602,5373.2,8.45,33.5
FARM_4268,Gujarat,Vadodara,Muskmelon,Zaid,9.7,329.9,30.4,45.8,7,6.49,36.8,139,58,43,Canal,228,2,81,3.81,36.86,14783,572193,544901,-27292,6286.1,6.06,21.4
FARM_4269,Uttar Pradesh,Varanasi,Muskmelon,Zaid,9.6,252.3,31,54.4,8.2,6.58,37.5,120,69,38,Drip,219,0.8,79,4.63,45.19,15974,700972,721865,20893,4720.1,9.81,35.3
FARM_4270,Madhya Pradesh,Indore,Watermelon,Zaid,9.1,342.2,28.5,47.7,5.4,7.15,32.3,104,58,48,Rainfed,160,1.1,76,4.32,39.69,14458,523895,573838,49943,6786.5,6.37,44.1
FARM_4271,Madhya Pradesh,Bhopal,Muskmelon,Zaid,7.7,329.5,27.4,38.6,8.1,6.24,32.5,109,52,50,Sprinkler,176,1.6,92,8.06,61.87,13311,866187,823552,-42635,6473,12.45,30.1
FARM_4272,Telangana,Rangareddy,Watermelon,Zaid,8.3,286.3,28.4,49.3,7.5,5.98,31.3,137,48,49,Tube Well,204,2.6,78,4.42,37.07,13666,510348,506599,-3749,7202.8,6.14,32.1
FARM_4273,Telangana,Sangareddy,Muskmelon,Zaid,7.6,296.2,30.5,44.9,6.7,7.32,22.7,92,43,33,Drip,142,3,71,3.89,30.8,12339,420103,380041,-40062,6013.4,6.47,43.5
FARM_4274,Haryana,Rohtak,Watermelon,Zaid,8.1,325.5,26.5,43.7,7.9,6.93,22.6,101,54,72,Tube Well,170,2.4,71,4.85,40.8,13950,522521,569160,46639,7217.6,6.72,53.6
FARM_4275,Haryana,Karnal,Watermelon,Zaid,10.9,305.5,31.4,41.9,7.1,7.02,32.5,121,63,21,Rainfed,202,1.6,77,5.4,62.03,12004,936347,744608,-191739,6158,8.77,47.3
FARM_4276,Madhya Pradesh,Ujjain,Moong,Zaid,5.7,259.1,31.7,59.1,7.3,6.76,15,125,55,47,Sprinkler,185,2.2,88,4.64,26.15,13657,327244,357131,29887,8492.3,5.46,42.6
FARM_4277,Karnataka,Mysuru,Fodder,Zaid,7.4,246.3,30.9,44.2,6.9,7.12,46.5,137,61,43,Sprinkler,166,3.1,67,5.8,40.67,15300,592016,622251,30235,6658.3,8.71,41.2
FARM_4278,Uttar Pradesh,Agra,Fodder,Zaid,7,380,28.7,53.2,5,6.3,37.9,141,50,59,Canal,147,3.9,88,4.38,31.19,14294,484540,445830,-38710,6894,6.35,31.7
FARM_4279,Andhra Pradesh,Krishna,Watermelon,Zaid,5.9,264.5,27,52.1,5.5,6.12,43.3,123,58,37,Rainfed,142,2.4,71,4.78,29.66,15612,369541,463052,93511,7236.8,6.61,45.6
FARM_4280,Madhya Pradesh,Bhopal,Muskmelon,Zaid,7.4,324,33,67.7,6.2,6.48,44.4,96,43,38,Drip,199,3,90,5.61,44.83,16765,645486,751575,106089,7286.9,7.7,39.1
FARM_4281,Andhra Pradesh,Krishna,Moong,Zaid,7.8,332.1,31.1,44.9,6.5,7.01,40.9,81,36,40,Drip,166,2.7,88,4.39,31.91,12961,429954,413586,-16368,5659.6,7.76,31.6
FARM_4282,Punjab,Bathinda,Moong,Zaid,7.5,278.4,34.2,45.1,8.5,7.52,41.8,112,54,64,Canal,193,2.1,79,5.84,43.92,13565,667240,595775,-71465,5939.9,9.83,39.2
FARM_4283,Telangana,Medak,Fodder,Zaid,7.7,218.1,33.4,41.3,4,7.24,33.4,142,47,38,Sprinkler,160,3,79,4.98,38.3,13880,581513,531604,-49909,4449.7,11.19,48.3
FARM_4284,Uttar Pradesh,Kanpur,Watermelon,Zaid,11,227,31.7,56.7,8.1,7.39,27.4,122,62,45,Rainfed,192,2.3,87,4.56,51.6,14065,719479,725754,6275,6414.6,7.11,38.9
FARM_4285,Gujarat,Vadodara,Cucumber,Zaid,7.6,347.6,31.3,45,8.6,6.83,34.5,101,45,50,Sprinkler,149,2.8,77,5.44,39.74,13623,519423,541378,21955,7487.4,7.27,36.8
FARM_4286,Maharashtra,Solapur,Fodder,Zaid,11,217.9,27.1,40,10,7.52,42.7,123,57,29,Sprinkler,242,3,74,4.08,47.58,14346,737571,682583,-54988,5766.5,7.08,48.6
FARM_4287,Karnataka,Shimoga,Cucumber,Zaid,10.4,309.9,31.9,39.6,6.8,6.93,33.7,151,71,48,Rainfed,164,3.1,79,4.64,45.44,12011,620137,545780,-74357,6994.1,6.63,33.8
FARM_4288,Madhya Pradesh,Jabalpur,Moong,Zaid,7.6,292.6,29.3,58.7,8.5,6.96,35.2,87,45,44,Sprinkler,208,2.8,76,5.2,43.85,15517,599720,680420,80700,6599,7.88,33.1
FARM_4289,Uttar Pradesh,Meerut,Muskmelon,Zaid,9,297.8,32.1,58.1,7.3,6.67,44.5,119,67,33,Tube Well,225,2.6,95,4.12,35.96,12967,474481,466293,-8188,6608.4,6.23,38.5
FARM_4290,Gujarat,Rajkot,Moong,Zaid,8.8,297.9,34.6,51.7,7.1,7.28,20.6,140,68,41,Drip,210,3.2,83,5.04,42.52,13382,668681,569003,-99678,6597.7,7.64,32.9
FARM_4291,Uttar Pradesh,Agra,Fodder,Zaid,11.1,308.1,31.8,58.1,7.9,7.09,24.7,121,53,63,Sprinkler,180,2.2,87,5.18,64.92,13391,859915,869344,9429,5363,9.66,44.6
FARM_4292,Uttar Pradesh,Meerut,Moong,Zaid,9.1,306.2,31.2,47.1,6.9,6.88,43.5,127,51,53,Tube Well,199,2.3,81,4.18,38.62,13886,515156,536277,21121,6273.5,6.66,21.7
FARM_4293,Gujarat,Junagadh,Watermelon,Zaid,11.2,254.4,32.5,52.8,7.4,6.64,36.9,84,47,63,Canal,185,3.5,83,4.3,45.7,14083,658669,643593,-15076,6773.8,6.35,33.1
FARM_4294,Tamil Nadu,Thanjavur,Muskmelon,Zaid,8.8,295.5,30.3,57.5,6.8,6.69,32.3,94,53,39,Sprinkler,141,1.5,77,4.25,37.23,13302,552843,495233,-57610,5457.6,7.79,54.7
FARM_4295,Telangana,Medak,Moong,Zaid,7.3,339.4,33.6,47,7.8,6.6,21.8,108,44,40,Drip,135,2.3,90,4.4,32.7,13333,447324,435989,-11335,6438.3,6.83,30.9
FARM_4296,Karnataka,Raichur,Watermelon,Zaid,8.2,287.4,34.2,53.3,6.5,6.89,37.6,141,68,30,Tube Well,179,2.1,84,4.35,35.86,12980,431718,465463,33745,7127.8,6.1,37.6
FARM_4297,Maharashtra,Nagpur,Muskmelon,Zaid,8.9,359.5,30.6,50.4,7.3,6.25,16.2,133,55,56,Canal,200,3.4,89,4.31,41.34,11069,601907,457592,-144315,4548.8,9.48,29.7
FARM_4298,Karnataka,Belagavi,Muskmelon,Zaid,9,217.1,33,54.7,6.6,6.4,26.2,137,40,42,Drip,177,2.7,87,4.74,39.94,14439,603770,576694,-27076,6799.3,6.97,37.5
FARM_4299,Madhya Pradesh,Ujjain,Cucumber,Zaid,5.8,319.1,37.1,56,5.5,6.58,45.8,124,62,43,Drip,209,2.2,83,5.26,29.2,14372,428067,419662,-8405,6000.6,8.77,34.5
FARM_4300,Tamil Nadu,Salem,Fodder,Zaid,11,350.7,30.6,55.9,5.7,6.55,37.6,102,62,40,Sprinkler,150,2.6,81,5.38,65.91,14375,917915,947456,29541,7196.2,7.48,43.8
FARM_4301,Maharashtra,Aurangabad,Watermelon,Zaid,7.4,328.4,28.3,68.3,6.8,6.75,23,123,83,48,Canal,148,3,86,4.65,31.03,13242,450036,410899,-39137,7035.9,6.61,41.1
FARM_4302,Telangana,Nalgonda,Cucumber,Zaid,11.2,218,31.7,46.8,8.4,6.88,36.4,133,61,28,Tube Well,187,2.3,81,4.91,54.08,12248,692094,662372,-29722,5996.2,8.19,25.6
FARM_4303,Karnataka,Belagavi,Fodder,Zaid,9.5,288.2,27.4,38.4,7.8,6.74,41.4,123,54,38,Sprinkler,176,1.4,92,4.31,41.47,14101,515683,584768,69085,6209.7,6.94,36.5
FARM_4304,Gujarat,Vadodara,Muskmelon,Zaid,7.1,312.3,33.6,36.3,6.3,7.31,50.2,129,49,43,Rainfed,165,2.2,85,4.87,38.1,12434,531825,473735,-58090,6554.5,7.43,37.4
FARM_4305,Uttar Pradesh,Agra,Fodder,Zaid,7.9,277.5,33.6,57,8.4,7.32,31.8,112,50,44,Canal,132,2.4,76,4.74,35.37,14197,533727,502148,-31579,7302.8,6.49,40.4
FARM_4306,Telangana,Sangareddy,Muskmelon,Zaid,8.2,281.4,27,34.5,7,7.77,36.1,132,38,43,Sprinkler,143,1.7,95,4.62,38.45,16052,413002,617199,204197,6544.1,7.06,26.9
FARM_4307,Andhra Pradesh,Guntur,Cucumber,Zaid,5.1,295.3,32,43.4,8.8,6.7,42.4,165,47,33,Canal,187,2.1,88,4.2,22.08,14030,307612,309782,2170,6462.5,6.5,35.8
FARM_4308,Gujarat,Surat,Watermelon,Zaid,4.8,234,33.8,59.9,7.6,6.03,30.6,88,27,48,Canal,228,1.6,84,4.26,19.3,12764,297356,246345,-51011,5339.8,7.98,45.7
FARM_4309,Madhya Pradesh,Indore,Moong,Zaid,10.8,275.2,31.4,44.7,7.7,6.56,29.3,133,73,57,Rainfed,233,2.3,91,5.2,63.22,14366,1022025,908219,-113806,5345.7,9.73,44.4
FARM_4310,Gujarat,Ahmedabad,Muskmelon,Zaid,5.7,298.5,29.7,51.3,7.4,7.44,33.8,96,47,30,Canal,151,2.6,78,5.33,30.97,13841,453877,428656,-25221,6138.4,8.68,44.1
FARM_4311,Haryana,Ambala,Moong,Zaid,6.4,224.3,32.4,41.4,6.7,6.58,32.3,80,58,45,Rainfed,223,2.5,69,5.25,35.74,15158,489376,541747,52371,5809.2,9.04,40.3
FARM_4312,Telangana,Warangal,Fodder,Zaid,5.7,325.4,28,51.8,7,7.08,27.5,121,72,33,Tube Well,197,3,87,3.71,19.96,14164,248386,282713,34327,6214.1,5.97,46.3
FARM_4313,Andhra Pradesh,Guntur,Moong,Zaid,4.9,357.4,34.9,56.3,8.1,7.58,46.1,107,61,32,Rainfed,224,1.7,84,4.63,21.91,13893,337524,304396,-33128,5659.8,8.18,30.5
FARM_4314,Telangana,Sangareddy,Fodder,Zaid,3.1,313,31.5,47,6.3,6.64,20.7,91,39,44,Sprinkler,191,2.4,83,5.5,16.91,13537,241876,228911,-12965,6644.1,8.28,25.7
FARM_4315,Karnataka,Mysuru,Fodder,Zaid,8.4,356.8,29,53.7,8.2,6.27,31.5,147,51,35,Canal,181,1.6,73,5.52,45.51,13724,575870,624579,48709,7336,7.52,40.8
FARM_4316,Maharashtra,Pune,Watermelon,Zaid,5.4,229.1,31.3,45.4,7.9,6.03,38.2,130,58,55,Canal,126,1.9,72,1.54,7.66,10914,111278,83601,-27677,5783.1,2.66,37.6
FARM_4317,Maharashtra,Pune,Watermelon,Zaid,7.3,276.6,32.3,62.9,6.5,6.49,27.8,123,69,38,Tube Well,189,3,82,3.84,29.38,13957,454178,410057,-44121,7107.8,5.4,25.7
FARM_4318,Punjab,Bathinda,Watermelon,Zaid,7.4,344.1,30.6,55.5,8.2,6.4,28,138,54,22,Drip,226,1.6,86,5.3,39.9,13733,552070,547947,-4123,6546.4,8.1,41.2
FARM_4319,Andhra Pradesh,Krishna,Cucumber,Zaid,7.4,330.6,29.8,67,6.2,6.76,49,124,56,44,Drip,143,3,92,3.64,26.9,12825,354607,344993,-9614,6136.6,5.93,34.7
FARM_4320,Andhra Pradesh,Anantapur,Moong,Zaid,7.8,252.9,34.3,58.6,6.1,6.9,41.3,120,61,49,Drip,175,2.5,77,5.42,40.99,14936,466434,612227,145793,6501.3,8.34,42.5
FARM_4321,Tamil Nadu,Thanjavur,Fodder,Zaid,7,237.8,34,54.2,7.3,6.57,32.2,132,54,53,Sprinkler,183,2.1,80,5.49,38.19,14297,538638,546002,7364,7591,7.23,29.9
FARM_4322,Maharashtra,Nashik,Muskmelon,Zaid,10.6,307.7,32.3,49.3,7.6,6.54,34.5,106,65,47,Rainfed,211,3.4,79,4.71,49.69,13625,663008,677026,14018,6072.8,7.76,41.9
FARM_4323,Punjab,Bathinda,Muskmelon,Zaid,5.4,250.8,30.9,49.7,6.6,7.32,35,147,39,59,Tube Well,191,0.8,86,3.92,21.35,14674,332357,313290,-19067,7481.9,5.24,44
FARM_4324,Andhra Pradesh,Kurnool,Watermelon,Zaid,5.4,230.2,31.3,50.2,7.6,5.68,51.2,123,68,36,Rainfed,143,1.5,79,4.23,23.51,13871,350000,326107,-23893,6873.9,6.15,37.1
FARM_4325,Gujarat,Vadodara,Cucumber,Zaid,7.3,352.1,28.4,48.9,6.9,7.04,25.3,75,47,58,Sprinkler,191,2.5,84,4.33,28.28,14951,392273,422814,30541,6960.3,6.22,43.7
FARM_4326,Uttar Pradesh,Varanasi,Muskmelon,Zaid,7,327.9,33.2,48.2,6.1,6.65,35.9,80,76,22,Drip,184,2.2,74,5.37,36.81,14091,572513,518690,-53823,6019.9,8.92,30.3
FARM_4327,Uttar Pradesh,Varanasi,Muskmelon,Zaid,8.3,177.4,26.2,46.3,8.4,6.38,29.6,115,52,56,Drip,182,2.4,83,4.71,38.77,16251,548506,630051,81545,6745.4,6.98,38
FARM_4328,Madhya Pradesh,Gwalior,Muskmelon,Zaid,10.4,198.6,31.5,57.5,6.6,6.96,57.5,126,65,52,Rainfed,136,2.3,86,5.09,49.1,13527,765394,664176,-101218,5955.6,8.55,40.6
FARM_4329,Uttar Pradesh,Lucknow,Cucumber,Zaid,8.6,283.1,30,46.6,6.3,6.51,22.9,121,45,58,Tube Well,179,2.5,79,6.18,54.39,14823,720626,806223,85597,6534.3,9.46,50.5
FARM_4330,Uttar Pradesh,Kanpur,Moong,Zaid,5.9,273.5,33.5,54.9,8.2,5.93,28.8,113,42,48,Canal,166,2.1,79,4.62,25.11,10424,364524,261747,-102777,6711.2,6.88,20.1
FARM_4331,Karnataka,Belagavi,Muskmelon,Zaid,6.8,203.2,33.5,55.5,8.6,7.13,34.2,138,50,55,Canal,163,2.9,71,4.76,30.86,12017,415233,370845,-44388,5725.9,8.31,46.1
FARM_4332,Telangana,Nalgonda,Watermelon,Zaid,8.6,346.4,31,53.1,6.7,6.82,43,94,47,61,Canal,167,3.2,88,5.23,42.16,13254,538016,558789,20773,5655.6,9.25,41.6
FARM_4333,Tamil Nadu,Madurai,Muskmelon,Zaid,5.9,356.8,31.1,45.3,6.6,6.75,36.6,129,48,56,Rainfed,195,1.8,98,4.97,28.45,15456,441377,439723,-1654,5709.5,8.7,35.6
FARM_4334,Haryana,Hisar,Muskmelon,Zaid,12.5,361.5,32.3,43.7,8.5,7,35.6,57,52,50,Tube Well,176,2.2,85,6.14,69.15,12826,1066355,886918,-179437,7466.2,8.22,38.5
FARM_4335,Gujarat,Rajkot,Cucumber,Zaid,6.8,242.2,31.6,49.8,7,7.42,27.4,101,79,56,Canal,171,3.1,85,3.81,24.42,15043,317510,367350,49840,6906.9,5.52,34.7
FARM_4336,Andhra Pradesh,Krishna,Fodder,Zaid,9.4,319.6,29.3,46.2,7.2,7.62,42.8,162,80,44,Rainfed,163,2.9,84,4.78,48.47,14530,695733,704269,8536,5836.5,8.19,47.5
FARM_4337,Gujarat,Junagadh,Watermelon,Zaid,6.3,461.2,31,58.3,7.1,6.6,27.9,125,51,29,Sprinkler,200,3.1,77,3.84,23.06,13397,328273,308935,-19338,5815.7,6.6,31.5
FARM_4338,Madhya Pradesh,Jabalpur,Moong,Zaid,8.7,259.3,33.6,50.6,6.5,6.51,36.4,151,56,52,Canal,154,3.4,87,4.09,37.19,11714,490160,435644,-54516,6341.2,6.45,47.1
FARM_4339,Maharashtra,Nashik,Muskmelon,Zaid,6.5,381,31.2,38.4,8.1,6.96,33.7,78,51,48,Tube Well,183,3.3,90,5.5,33.61,12008,499741,403589,-96152,7058.6,7.79,45.6
FARM_4340,Madhya Pradesh,Ujjain,Watermelon,Zaid,7.4,333.5,31.8,48.5,6.5,6.15,22.3,129,80,37,Rainfed,155,3.1,79,5.15,36.06,13541,537777,488288,-49489,4689.5,10.98,37.7
FARM_4341,Maharashtra,Pune,Muskmelon,Zaid,7.7,241.3,32.7,52.1,7.8,6.92,29,159,60,39,Drip,129,2.5,82,5.89,45.82,14264,623780,653576,29796,6958.6,8.46,40.5
FARM_4342,Telangana,Sangareddy,Moong,Zaid,9,303.9,32.5,49.9,5.4,6.9,32,153,60,38,Canal,206,2.5,72,4.79,41.12,14367,595833,590771,-5062,4359.2,10.99,41.9
FARM_4343,Punjab,Amritsar,Cucumber,Zaid,9,345.8,30.8,43.9,7,7.29,25.7,100,42,51,Rainfed,210,1.8,76,3.02,25.02,11893,347448,297563,-49885,6780.4,4.45,28
FARM_4344,Karnataka,Raichur,Fodder,Zaid,7.2,322.5,32.6,62.1,7.2,6.89,26,107,61,42,Tube Well,174,2.4,87,3.75,28.67,13844,421125,396907,-24218,5921.6,6.33,42.2
FARM_4345,Haryana,Karnal,Fodder,Zaid,4.3,365.6,31.4,56.3,7.5,6.8,34.7,130,66,46,Tube Well,172,2.3,90,7.03,29.75,13241,407872,393920,-13952,5312.4,13.23,48.5
FARM_4346,Andhra Pradesh,Guntur,Fodder,Zaid,6.1,308.4,29.6,49.1,7.4,6.37,33.9,125,53,42,Canal,155,2.4,80,5.04,29.76,14606,400121,434675,34554,5766.9,8.74,30.4
FARM_4347,Karnataka,Belagavi,Watermelon,Zaid,10.8,329.1,30,50.8,6.9,6.83,23,110,69,48,Drip,168,2.3,82,4.99,57.07,12832,853577,732322,-121255,5857,8.52,36.6
FARM_4348,Andhra Pradesh,Chittoor,Fodder,Zaid,7,252.4,31.2,39,8.1,6.98,43.2,156,54,39,Rainfed,158,1.7,84,4.91,33.56,14444,538071,484741,-53330,5170.1,9.5,27.6
FARM_4349,Haryana,Kurukshetra,Moong,Zaid,9,230.7,29.9,53.9,4.9,6.47,33.5,119,58,57,Sprinkler,129,1.5,76,4.64,41.26,14781,495300,609864,114564,6973,6.65,27.7
FARM_4350,Punjab,Amritsar,Watermelon,Zaid,9.1,310,33.5,52.6,6.8,6.25,36.1,109,61,57,Sprinkler,143,2.3,83,4.98,45.27,13024,718658,589596,-129062,6804.9,7.32,39.2
FARM_4351,Haryana,Karnal,Fodder,Zaid,9.2,301.9,31.9,56.6,7.8,6.99,36.7,105,56,56,Drip,179,2.2,86,3.8,34.27,12804,473606,438793,-34813,7179.7,5.29,25.9
FARM_4352,Karnataka,Dharwad,Cucumber,Zaid,9.3,310.1,30.6,57.6,7.2,6.76,41.4,164,49,44,Canal,188,1.3,78,3.37,34.12,14311,478701,488291,9590,6123.1,5.5,43.6
FARM_4353,Madhya Pradesh,Ujjain,Cucumber,Zaid,4.3,367.5,26.8,47.1,7.3,6.67,43.4,139,47,42,Sprinkler,187,2.8,75,5.46,22.99,11770,345102,270592,-74510,6354.8,8.59,24.9
FARM_4354,Tamil Nadu,Madurai,Cucumber,Zaid,9.1,380.4,31.2,51.9,7.4,7.35,22.9,115,46,48,Tube Well,166,3.1,82,2.78,26.68,11762,379789,313810,-65979,7094.9,3.92,45.3
FARM_4355,Haryana,Hisar,Cucumber,Zaid,7.3,302.2,33.7,54.3,7.4,6.75,36.9,137,55,69,Canal,152,1.6,81,5.48,41.22,12473,603625,514137,-89488,7120.1,7.7,23.5
FARM_4356,Maharashtra,Pune,Cucumber,Zaid,8.2,326,33.1,51,8.8,6.38,37.3,77,30,52,Canal,179,2.6,87,4.82,37.43,15778,584406,590571,6165,6648.1,7.25,51.4
FARM_4357,Tamil Nadu,Coimbatore,Muskmelon,Zaid,3.7,260.3,31.8,58.4,6.1,6.55,26.6,88,32,44,Canal,185,2.7,88,5.14,22.4,13096,317755,293350,-24405,7196.3,7.14,43.4
FARM_4358,Telangana,Rangareddy,Cucumber,Zaid,7.6,306.3,31.8,53.2,7.7,7.19,32.8,101,75,43,Canal,180,2.1,87,4.83,33.18,14826,479576,491927,12351,6116.6,7.9,15
FARM_4359,Punjab,Bathinda,Muskmelon,Zaid,7.7,304.3,32.8,62.5,7.8,6.56,39.5,142,67,31,Drip,198,3.7,90,4.47,35.32,13470,522715,475760,-46955,6547.3,6.83,46.5
FARM_4360,Karnataka,Mysuru,Fodder,Zaid,7.3,332.9,33.8,51.2,7.6,6.99,55.3,137,50,49,Tube Well,152,2.6,87,3.22,22.87,13836,330745,316429,-14316,6544.8,4.92,45.1
FARM_4361,Telangana,Nalgonda,Cucumber,Zaid,7.8,344.1,27.4,56.8,7.8,6.48,38.4,124,41,38,Sprinkler,197,3,83,7.7,63.27,11448,998390,724315,-274075,7393.1,10.42,40.1
FARM_4362,Gujarat,Surat,Cucumber,Zaid,8.1,364.4,27.5,62.8,6.3,6.48,33.4,116,45,41,Tube Well,220,2.8,82,4.15,33.18,13874,441847,460339,18492,5730.6,7.24,26.1
FARM_4363,Karnataka,Dharwad,Muskmelon,Zaid,7.7,340.1,30.9,34.7,8.8,6.92,34.5,142,61,47,Sprinkler,158,2.3,86,5.37,42.63,14146,581792,603044,21252,7261.3,7.4,28.5
FARM_4364,Telangana,Medak,Watermelon,Zaid,6.2,222.5,31.6,53,9.5,7.06,25.3,109,52,58,Tube Well,185,2.4,76,6.07,37.13,13876,522373,515216,-7157,8242.8,7.36,29.6
FARM_4365,Andhra Pradesh,Kurnool,Moong,Zaid,10.2,350.7,33.2,49.6,8.1,7.5,38.7,108,71,48,Rainfed,146,2.2,85,3.78,37.46,13387,518798,501477,-17321,7866.2,4.81,48.8
FARM_4366,Andhra Pradesh,Krishna,Watermelon,Zaid,9,237.9,31.8,50.7,8.2,7.42,25,137,42,50,Rainfed,183,3.5,76,4.87,43.1,14026,588986,604521,15535,6871.7,7.09,39.2
FARM_4367,Andhra Pradesh,Anantapur,Muskmelon,Zaid,8.3,306.5,28.8,51,7.7,6.35,33.5,99,49,33,Rainfed,194,1.8,82,5.12,39.03,15046,602940,587245,-15695,7536.7,6.79,59.3
FARM_4368,Haryana,Hisar,Moong,Zaid,8.5,329.7,32.2,50.8,7.7,6.5,16.7,96,58,44,Sprinkler,210,2.4,84,5.09,41.68,14245,549648,593732,44084,7267,7,40.6
FARM_4369,Tamil Nadu,Tiruchirappalli,Watermelon,Zaid,4.8,269.5,28.3,54.5,7.5,7.03,39.1,99,33,37,Sprinkler,155,2.9,86,5.8,28.23,13767,343949,388642,44693,5998.3,9.67,35.7
FARM_4370,Uttar Pradesh,Meerut,Watermelon,Zaid,6.3,310.7,28.9,54.9,6.7,7.55,31.2,112,72,41,Tube Well,195,2.7,90,4.87,31.28,12696,409305,397131,-12174,6140.8,7.93,29.3
FARM_4371,Tamil Nadu,Tiruchirappalli,Watermelon,Zaid,6.6,281.9,29.7,54.6,8.5,7.06,31.3,139,65,38,Sprinkler,178,2.3,82,4.19,28.63,13394,361098,383470,22372,6908.4,6.07,38
FARM_4372,Haryana,Karnal,Watermelon,Zaid,6.3,303.1,27.8,42.4,6,6.32,32.8,126,54,35,Tube Well,175,3.2,80,4.13,26.46,14067,354508,372213,17705,6123.6,6.74,38.4
FARM_4373,Punjab,Ludhiana,Moong,Zaid,10.3,276,33.2,44.4,6.5,7.27,23.5,87,69,50,Tube Well,197,2.1,90,5.25,53.39,11803,707371,630162,-77209,7262.8,7.23,36.7
FARM_4374,Telangana,Sangareddy,Fodder,Zaid,6.4,217.6,28.4,48.1,7.8,7.2,22.8,119,68,52,Tube Well,181,2.6,73,4.93,33.87,12540,514547,424730,-89817,6429.8,7.67,46.7
FARM_4375,Uttar Pradesh,Agra,Moong,Zaid,11.3,307.4,34.6,67.5,8.8,5.97,41.8,95,69,45,Drip,232,2.3,83,5.08,57.49,13326,824042,766112,-57930,6895.4,7.37,43.7
FARM_4376,Uttar Pradesh,Varanasi,Fodder,Zaid,6.2,244.7,32.4,45.4,6.1,6.79,38.3,105,46,40,Rainfed,216,1.5,83,4.95,31.72,14346,482092,455055,-27037,6133.9,8.07,41.5
FARM_4377,Gujarat,Vadodara,Moong,Zaid,9.1,351.7,34.9,64.1,6.9,6.59,32.7,119,63,56,Canal,164,1.4,85,4.92,46.62,15183,546860,707831,160971,6736,7.3,36.1
FARM_4378,Punjab,Jalandhar,Cucumber,Zaid,5.3,358.8,29.4,48.3,7.4,6.56,29.2,83,28,51,Drip,216,2.6,82,3.75,21.23,17262,304116,366472,62356,5050.1,7.43,34
FARM_4379,Haryana,Hisar,Muskmelon,Zaid,9.9,326,30.3,49.4,8.6,7.25,38.7,170,61,46,Rainfed,153,2.6,79,4.62,45.68,12124,629299,553824,-75475,7138.4,6.47,37.2
FARM_4380,Maharashtra,Solapur,Muskmelon,Zaid,5.2,318.7,27.9,57.2,8.7,7.18,33.9,125,37,52,Rainfed,153,3.2,86,3.94,18.89,13992,269781,264309,-5472,5641.6,6.98,22.3
FARM_4381,Punjab,Ludhiana,Cucumber,Zaid,5.2,315.9,30,46.9,6.8,7.15,15,113,58,49,Rainfed,208,3.1,95,3.61,18.04,12928,238476,233221,-5255,6866.9,5.26,32.4
FARM_4382,Tamil Nadu,Madurai,Watermelon,Zaid,9.9,248.1,31.8,65.4,7.2,6.07,43.4,151,59,53,Rainfed,167,2.1,96,5.49,55.88,16367,798840,914588,115748,7259.7,7.56,40.7
FARM_4383,Madhya Pradesh,Bhopal,Cucumber,Zaid,6.5,313.3,30.4,60,6.1,6.61,39.4,98,50,45,Sprinkler,218,2.6,73,5.28,36.42,14261,498833,519386,20553,6426.7,8.22,33.7
FARM_4384,Uttar Pradesh,Meerut,Fodder,Zaid,12.3,455.5,32.2,50.9,6.8,6.7,15,120,41,52,Canal,141,2,90,4.63,57.97,11594,867406,672104,-195302,5671.7,8.16,55.5
FARM_4385,Andhra Pradesh,Anantapur,Watermelon,Zaid,7.3,357.2,30,47.5,7.2,6.73,38,115,57,38,Tube Well,186,1.7,87,5.24,41.82,14945,626623,625000,-1623,5653.8,9.27,37
FARM_4386,Uttar Pradesh,Kanpur,Muskmelon,Zaid,7.1,273.9,31,49.5,6.9,6.68,41.7,147,69,45,Tube Well,179,2.7,77,3.96,26.99,14109,349640,380802,31162,7461.7,5.31,29.2
FARM_4387,Haryana,Hisar,Moong,Zaid,7.2,305,30.4,54.7,5.7,6.82,36.2,148,62,52,Rainfed,153,3.8,73,3.81,29.86,15612,439347,466174,26827,6389.7,5.96,18.5
FARM_4388,Tamil Nadu,Madurai,Moong,Zaid,7.5,320,30.4,63.2,5.9,6.24,25.1,92,49,54,Rainfed,210,2.1,84,5.56,38.01,13622,512863,517772,4909,7376.7,7.54,37.1
FARM_4389,Uttar Pradesh,Agra,Muskmelon,Zaid,9.6,248.6,34.4,49,6.6,5.8,42.6,142,58,46,Sprinkler,247,2.5,97,5.51,55.89,14832,759985,828960,68975,6465.4,8.52,47
FARM_4390,Karnataka,Shimoga,Watermelon,Zaid,8.6,303.6,33.7,43.4,7.9,6.95,39,116,43,54,Rainfed,120,1.6,79,4.99,40.73,12186,594140,496336,-97804,3956,12.61,35.6
FARM_4391,Tamil Nadu,Thanjavur,Fodder,Zaid,3,332,31.1,47,5.7,7.52,24.7,107,57,41,Rainfed,159,1.8,79,5.17,16.27,15726,227580,255862,28282,6567.1,7.87,28.3
FARM_4392,Haryana,Ambala,Cucumber,Zaid,5.5,251.4,31.6,41.8,7.4,7.13,34.6,101,71,30,Tube Well,155,2.2,69,4.55,24.86,15905,340376,395398,55022,6896.8,6.6,44
FARM_4393,Uttar Pradesh,Varanasi,Fodder,Zaid,7.6,310,30.9,53.5,7.6,7.15,27.3,133,48,36,Canal,176,3.1,87,5.13,32.74,14893,456563,487597,31034,6343.4,8.09,39
FARM_4394,Andhra Pradesh,Guntur,Moong,Zaid,9.6,331.5,33.9,46.1,7,6.44,30,92,54,45,Canal,187,2.6,80,5.63,54.84,13394,689262,734527,45265,6098.4,9.23,50.3
FARM_4395,Uttar Pradesh,Lucknow,Muskmelon,Zaid,5.3,317.4,32.1,53.2,6.7,6.92,38.7,111,68,52,Drip,185,1.4,82,3.54,17.02,13330,244594,226877,-17717,6820.9,5.19,38.3
FARM_4396,Karnataka,Raichur,Fodder,Zaid,7.8,269,33.4,41,5.6,6.88,37.2,112,44,52,Canal,207,1.8,77,4.92,41.66,14872,665623,619568,-46055,6432.2,7.65,26.5
FARM_4397,Gujarat,Rajkot,Moong,Zaid,6.9,269.2,36.6,51.2,8.2,6.45,35.6,101,26,32,Sprinkler,181,2.6,75,5.39,35.84,13570,450886,486349,35463,6470.5,8.33,28.6
FARM_4398,Tamil Nadu,Salem,Cucumber,Zaid,8.7,222.2,30.1,48.8,6.9,6.53,36.6,138,50,35,Drip,227,3.2,77,3.8,33.47,14297,458110,478521,20411,7394.6,5.14,40.8
FARM_4399,Andhra Pradesh,Krishna,Fodder,Zaid,10.3,363.6,31.3,38.8,6.5,5.52,34.7,118,55,27,Drip,151,1.9,83,4.8,51.71,13228,744550,684020,-60530,7045.5,6.81,31.1
FARM_4400,Telangana,Rangareddy,Fodder,Zaid,7.4,323.1,30.5,48.6,8.1,5.91,46.3,103,61,57,Canal,178,1.4,94,4.44,33.73,17052,450774,575164,124390,7205.8,6.16,34.3
FARM_4401,Uttar Pradesh,Lucknow,Cucumber,Zaid,8.6,279.2,33.2,51.4,6.2,6.62,30.5,117,57,36,Drip,150,2.4,92,5.52,53.36,13352,748356,712463,-35893,7027.3,7.86,36.4
FARM_4402,Telangana,Warangal,Watermelon,Zaid,6.4,272.5,29.8,63.9,7.6,6.5,28,98,51,55,Tube Well,196,2.4,85,4.91,31.69,14941,477623,473480,-4143,5726.3,8.57,42.8
FARM_4403,Madhya Pradesh,Indore,Cucumber,Zaid,6.6,320.1,30.3,45,8.4,7.37,39.5,106,51,42,Rainfed,198,1.7,87,5.33,36.26,14183,529843,514276,-15567,6706.2,7.95,21.5
FARM_4404,Telangana,Warangal,Muskmelon,Zaid,9.5,273.4,33.2,60,6.9,7.21,40.9,122,49,69,Drip,196,2.8,81,4.06,36.76,15022,586717,552209,-34508,5583.3,7.27,57.8
FARM_4405,Telangana,Warangal,Muskmelon,Zaid,6.2,357.5,23.8,53.2,6.9,6.83,39.4,126,69,37,Rainfed,184,1.1,71,4.96,32.93,15506,516797,510613,-6184,6557.8,7.56,34
FARM_4406,Maharashtra,Solapur,Moong,Zaid,10.1,314.9,29.9,63.1,6.7,7.03,28.1,108,66,57,Tube Well,168,2.3,78,1.55,16.51,14159,241989,233765,-8224,5502.9,2.82,31.6
FARM_4407,Madhya Pradesh,Bhopal,Moong,Zaid,9.4,297.5,29.5,55.7,8.2,7.41,28,134,66,38,Rainfed,211,2.3,84,5.42,46.62,12428,725518,579393,-146125,6462.8,8.39,45.6
FARM_4408,Gujarat,Vadodara,Cucumber,Zaid,9.1,306.1,32,61.5,8.8,7.07,22.7,123,37,52,Canal,167,1.8,85,5.04,45.27,12680,695465,574024,-121441,5999.1,8.4,28.4
FARM_4409,Gujarat,Rajkot,Cucumber,Zaid,11.5,242.5,31.1,59.2,6.6,6.47,42.5,132,63,53,Drip,141,2.7,87,5.09,61.31,13740,857321,842399,-14922,6284.6,8.1,30.5
FARM_4410,Uttar Pradesh,Lucknow,Fodder,Zaid,8.1,321.6,27,46.7,7.8,6.97,35.1,80,46,47,Canal,123,3.6,74,5.21,41.55,13374,547602,555690,8088,6332.7,8.23,48.4
FARM_4411,Gujarat,Surat,Moong,Zaid,8.2,257.4,32.9,49.9,8.7,7.43,45.5,125,59,72,Sprinkler,175,3.3,83,5.17,41.78,15751,703925,658077,-45848,5242.3,9.86,24.2
FARM_4412,Gujarat,Surat,Muskmelon,Zaid,10.5,282.5,31.7,50.8,5,6.88,33.2,129,52,49,Sprinkler,171,2.3,84,4.74,52.85,14299,676533,755702,79169,7149.9,6.63,47.6
FARM_4413,Tamil Nadu,Coimbatore,Fodder,Zaid,5.6,286.9,23.3,50,6.5,6.35,31.8,127,51,35,Rainfed,190,2.5,83,5.58,30.98,12982,469488,402182,-67306,5970.2,9.35,43.6
FARM_4414,Punjab,Patiala,Watermelon,Zaid,5.9,281.7,31.9,58.4,6.2,6.67,26.1,106,66,49,Drip,188,3.3,69,3.77,22.15,13521,311480,299490,-11990,5487,6.87,40.4
FARM_4415,Andhra Pradesh,Chittoor,Cucumber,Zaid,7.4,282.3,31.5,64,6,7.48,24.1,105,50,27,Sprinkler,162,1.8,72,4.7,37.65,15106,539241,568741,29500,5682.3,8.27,40.8
FARM_4416,Maharashtra,Solapur,Watermelon,Zaid,8.6,277.4,31.9,48.9,8.2,6.43,34.6,154,60,48,Tube Well,158,2.2,91,5.31,44.65,16263,666397,726143,59746,5441.1,9.76,30.4
FARM_4417,Madhya Pradesh,Gwalior,Muskmelon,Zaid,7.1,279,30.1,52.2,6.5,6.4,23.7,130,52,42,Tube Well,187,2.7,81,3.56,26.55,16215,369174,430508,61334,6092.3,5.84,36.6
FARM_4418,Andhra Pradesh,Krishna,Moong,Zaid,8.3,294.9,23.6,51.4,5.3,7.07,44.4,124,53,49,Canal,182,1.5,84,5.04,41.66,12553,578996,522958,-56038,5247,9.61,43.2
FARM_4419,Madhya Pradesh,Jabalpur,Watermelon,Zaid,5.5,214.3,31.4,62.7,6.9,6.39,20.2,157,58,51,Rainfed,202,2.8,76,4.06,22.72,12901,247109,293111,46002,7578.1,5.36,36.4
FARM_4420,Uttar Pradesh,Lucknow,Cucumber,Zaid,8.6,330.8,31.2,46.7,7.8,6.53,33.8,83,50,32,Rainfed,192,2.2,79,5.72,53.19,14047,834031,747160,-86871,6693.8,8.55,31.9
FARM_4421,Tamil Nadu,Madurai,Moong,Zaid,7.9,268,32.1,51.8,7.6,7.07,45.7,108,52,55,Canal,195,2.3,71,4.18,32.96,14770,470878,486819,15941,6713.2,6.23,38
FARM_4422,Haryana,Rohtak,Cucumber,Zaid,9.4,306.2,32.4,47.8,7,6.93,47.5,136,64,54,Sprinkler,195,2.4,76,4.46,40.22,13472,556532,541844,-14688,8728.6,5.11,38.7
FARM_4423,Uttar Pradesh,Lucknow,Cucumber,Zaid,9.2,315.2,29.1,55,8,6.74,39.7,107,49,42,Sprinkler,169,1.9,85,5.21,50.96,13040,671797,664518,-7279,5365.1,9.71,30.1
FARM_4424,Punjab,Bathinda,Cucumber,Zaid,4.9,238.9,27.3,66.7,7.3,7.32,43,105,67,42,Tube Well,208,2.7,87,5.5,27.7,12739,431577,352870,-78707,6011.6,9.15,40.4
FARM_4425,Gujarat,Junagadh,Moong,Zaid,9.1,365.2,31.9,50.3,7.6,6.7,38.1,118,75,46,Rainfed,225,2,82,4.32,36.48,13178,527245,480733,-46512,7739.6,5.58,37.2
FARM_4426,Maharashtra,Nashik,Cucumber,Zaid,10.8,293.4,29.2,56,7.6,6.89,44,106,42,56,Canal,156,2.7,78,4.64,49.62,11745,763001,582787,-180214,7096,6.54,43.2
FARM_4427,Karnataka,Mysuru,Muskmelon,Zaid,8.3,343.7,30.2,43.9,6.2,6.35,35.4,108,65,43,Drip,227,2,84,4.18,37.57,14290,468962,536875,67913,5694,7.34,37.1
FARM_4428,Punjab,Jalandhar,Muskmelon,Zaid,9.9,266.5,30,57.1,7.7,7.13,31.8,146,58,59,Drip,191,2.5,79,4.73,43.55,14383,692777,626380,-66397,6487.7,7.29,54.4
FARM_4429,Maharashtra,Aurangabad,Cucumber,Zaid,5.5,282,33.4,41.6,7.6,5.82,32.9,126,73,46,Rainfed,180,2,85,4.71,27.15,11941,439511,324198,-115313,5214.3,9.03,30.7
FARM_4430,Uttar Pradesh,Lucknow,Watermelon,Zaid,8.9,338.8,29,45.3,6.7,6.28,34.3,140,57,48,Tube Well,128,2.7,87,5.95,52.33,13430,725958,702792,-23166,6742.8,8.82,33.2
FARM_4431,Haryana,Kurukshetra,Fodder,Zaid,10.2,194.3,28.3,49.7,9,6.48,32.5,156,49,52,Tube Well,201,2.8,72,5.97,60.69,12484,935842,757654,-178188,5724.3,10.43,31.7
FARM_4432,Karnataka,Shimoga,Cucumber,Zaid,6.7,275.4,28,50.5,7.3,6.7,34,98,61,55,Canal,138,2.7,90,5.38,34.28,13612,485673,466619,-19054,7173.1,7.5,36.5
FARM_4433,Uttar Pradesh,Lucknow,Muskmelon,Zaid,9.1,276.5,26.1,51,7.1,6.35,31.8,126,38,60,Rainfed,247,3.2,86,4.68,39.54,15244,564856,602748,37892,5984.2,7.82,39.4
FARM_4434,Andhra Pradesh,Chittoor,Watermelon,Zaid,5.3,388.5,30.1,49.8,7.6,7.21,45.8,122,50,48,Drip,194,3.4,79,3.99,20.79,14313,301658,297567,-4091,6297.6,6.34,40.5
FARM_4435,Karnataka,Belagavi,Watermelon,Zaid,5.5,332.2,32.3,54.8,4.4,7.12,18.9,144,60,40,Tube Well,183,1.7,85,3.64,18.99,13818,239376,262404,23028,8289.8,4.39,30.6
FARM_4436,Karnataka,Raichur,Fodder,Zaid,7,271.5,31.5,64.7,6.5,7.35,37,123,50,48,Canal,170,2.6,81,4.64,33.69,12247,566048,412601,-153447,5128.2,9.05,28.6
FARM_4437,Gujarat,Vadodara,Muskmelon,Zaid,8.5,255.1,29.9,41.7,6.3,7.16,41.2,74,82,47,Tube Well,188,1.3,93,3.65,31.96,14441,416755,461534,44779,6809.7,5.36,35.4
FARM_4438,Uttar Pradesh,Varanasi,Moong,Zaid,10.6,268.8,31.1,50.9,8.1,7.46,33.7,115,60,46,Rainfed,151,2.1,77,5.23,54.26,12139,742049,658662,-83387,6461.5,8.09,44.3
FARM_4439,Haryana,Rohtak,Cucumber,Zaid,10.4,274.4,31.3,60.9,5.8,6.32,16.3,126,51,45,Tube Well,186,2.1,70,4.23,43.47,14526,587454,631445,43991,6632.9,6.38,46.1
FARM_4440,Haryana,Rohtak,Cucumber,Zaid,5.4,281.6,32.8,58.1,8.8,6.11,16.6,105,59,34,Tube Well,216,2.1,93,5.07,28.19,15011,449731,423160,-26571,6685.5,7.58,41.5
FARM_4441,Punjab,Amritsar,Fodder,Zaid,6.7,290.4,33,44.3,5.4,6.78,31.5,112,51,51,Sprinkler,185,2.2,83,3.94,26.97,15057,419235,406087,-13148,7298,5.4,35.4
FARM_4442,Tamil Nadu,Salem,Watermelon,Zaid,9.9,304,30.4,51.9,7.1,6.31,39.7,120,45,43,Canal,170,2.9,79,4.35,43.97,13846,700592,608809,-91783,7907,5.5,40.2
FARM_4443,Punjab,Bathinda,Watermelon,Zaid,7.9,329.6,29.4,49.3,6.4,6.89,28,109,54,53,Canal,222,2.6,85,6.14,49.48,13122,683425,649277,-34148,5902,10.4,30.1
FARM_4444,Maharashtra,Aurangabad,Moong,Zaid,7,242.9,30,67,7.4,7.07,42.9,112,58,58,Drip,201,2.9,83,4.09,27.24,13471,357189,366950,9761,6099.3,6.71,51.4
FARM_4445,Andhra Pradesh,Krishna,Cucumber,Zaid,5,270.9,29.2,44.9,6.8,5.88,30,104,70,42,Sprinkler,208,2.1,77,5.93,29.6,15561,433974,460606,26632,6598.4,8.99,39.6
FARM_4446,Andhra Pradesh,Kurnool,Cucumber,Zaid,7.8,303.7,33.6,44.2,7.8,7.44,32.9,84,69,60,Tube Well,187,2.5,79,4.42,34.3,13930,445291,477799,32508,6691.4,6.61,37.2
FARM_4447,Haryana,Karnal,Cucumber,Zaid,8.9,227.8,31,46.7,8.6,6.65,18.8,138,55,39,Tube Well,158,2.1,72,4.72,41.99,13813,574494,580008,5514,6625.1,7.12,22.7
FARM_4448,Karnataka,Dharwad,Muskmelon,Zaid,8.7,299.3,29.5,37.4,4.8,7.05,28.5,172,50,40,Tube Well,174,3.3,80,4.05,35.41,13084,601285,463304,-137981,5427.5,7.46,29.5
FARM_4449,Haryana,Kurukshetra,Watermelon,Zaid,6.1,305.6,31.3,51.5,7.4,7.41,30.2,108,59,50,Canal,157,2.2,86,3.03,19.82,15404,287873,305307,17434,7400.2,4.09,34.7
FARM_4450,Madhya Pradesh,Ujjain,Watermelon,Zaid,7.3,317.4,31,47.8,6.7,6.24,24.6,154,51,44,Tube Well,196,3.1,89,5.34,40.86,14446,571475,590264,18789,5979.9,8.93,43.2
FARM_4451,Uttar Pradesh,Varanasi,Watermelon,Zaid,9.8,259.4,31.3,66.7,5.9,6.33,43.4,126,81,55,Tube Well,241,3.4,78,9.63,89.62,11045,1218169,989853,-228316,6538.6,14.73,39.8
FARM_4452,Haryana,Kurukshetra,Muskmelon,Zaid,8.2,219.9,33.7,61.3,5.5,6.94,50.6,124,68,41,Canal,184,2,74,4.44,37.53,13665,543427,512847,-30580,5611.5,7.91,44.2
FARM_4453,Haryana,Rohtak,Muskmelon,Zaid,6.7,272.1,30.5,56.1,6,6.34,43.6,109,51,44,Drip,241,2.7,81,4.2,27.85,14514,345231,404215,58984,6028.9,6.97,32.9
FARM_4454,Maharashtra,Solapur,Watermelon,Zaid,11,298.3,31.8,67.6,8.8,6.98,43.6,109,67,60,Drip,277,1,86,3.48,35.6,13430,523203,478108,-45095,5306,6.56,39.5
FARM_4455,Telangana,Warangal,Moong,Zaid,8.2,249.3,29.8,53.3,7.5,6.91,31.5,134,45,56,Canal,146,2.3,72,4.24,36.1,13305,546214,480311,-65903,6837.8,6.2,42.6
FARM_4456,Gujarat,Ahmedabad,Muskmelon,Zaid,7.5,282.3,33.8,54.3,7.8,7.18,38.4,137,46,45,Sprinkler,235,2.3,78,5.59,43.15,13005,571976,561166,-10810,6773.1,8.25,40.9
FARM_4457,Gujarat,Surat,Moong,Zaid,5.6,254.6,34,52.2,7.4,6.72,31.1,118,53,57,Drip,175,1.9,89,4.36,25.21,12906,326455,325360,-1095,5477.3,7.96,39.6
FARM_4458,Haryana,Ambala,Moong,Zaid,9.3,340.8,25.7,57.6,6.1,6.84,28.4,119,32,46,Canal,214,2.6,80,3.99,40.4,13782,474444,556793,82349,5532.7,7.21,47.7
FARM_4459,Karnataka,Dharwad,Moong,Zaid,7.6,219.9,35.2,57.8,6.2,6.21,45.5,119,81,50,Tube Well,157,3.1,72,5.61,41.15,16010,594251,658812,64561,5739.3,9.77,43.1
FARM_4460,Punjab,Bathinda,Fodder,Zaid,7.7,351.5,33.1,45.9,7.1,6.84,27,103,73,52,Tube Well,173,2.9,90,5.37,38.11,15067,545872,574203,28331,5180.3,10.37,29
FARM_4461,Maharashtra,Pune,Muskmelon,Zaid,10.2,273.5,30.2,56.3,8,5.64,34.7,126,68,39,Canal,160,1.7,71,3.71,37.72,16260,582778,613327,30549,6157.6,6.03,47.5
FARM_4462,Gujarat,Surat,Fodder,Zaid,11.5,234.6,28.8,55.9,7.5,6.99,55.5,131,46,35,Canal,183,2,86,3.82,44.48,14152,640179,629481,-10698,4926.7,7.75,47.1
FARM_4463,Telangana,Rangareddy,Fodder,Zaid,8.5,335.1,29.2,47.4,8.5,6.92,28.9,139,61,58,Sprinkler,211,1.5,77,5.26,48.5,13989,647313,678467,31154,7220.6,7.28,44.5
FARM_4464,Andhra Pradesh,Kurnool,Fodder,Zaid,4.9,344,33,41.2,4.9,6.35,23.7,100,73,52,Canal,147,1.1,87,4.22,21.6,12745,293025,275292,-17733,8297.2,5.09,39.9
FARM_4465,Uttar Pradesh,Varanasi,Muskmelon,Zaid,7,253.3,33.8,48.1,5.3,6.69,35.4,124,65,32,Tube Well,184,2.9,67,5.65,44.56,14383,566757,640906,74149,5165.9,10.94,29.2
FARM_4466,Tamil Nadu,Tiruchirappalli,Fodder,Zaid,7,228,32.7,50.4,7.7,6.73,20.3,93,92,47,Sprinkler,210,2.5,78,5,36.08,14509,533902,523485,-10417,6862.6,7.29,47.1
FARM_4467,Uttar Pradesh,Lucknow,Moong,Zaid,8.6,328.2,29,45.7,7.8,6.5,33.1,111,40,46,Tube Well,194,2.4,91,4.89,41.86,13040,543589,545854,2265,5908.3,8.28,38.1
FARM_4468,Haryana,Ambala,Moong,Zaid,7.5,371.7,33.9,68.1,8.4,6.78,37.5,119,59,55,Canal,215,2.4,86,5.84,45.77,13291,604442,608329,3887,6278.8,9.3,40.4
FARM_4469,Tamil Nadu,Madurai,Watermelon,Zaid,6.3,306.5,31.3,46.2,6.4,6.48,49,135,63,40,Sprinkler,216,2.6,78,5.3,34.51,15319,485168,528659,43491,6473.1,8.19,24
FARM_4470,Karnataka,Belagavi,Cucumber,Zaid,4.3,320.2,31.2,56.7,6.5,6.52,40.9,149,52,53,Canal,234,3.5,83,3.55,15.66,13815,233507,216343,-17164,5850.2,6.07,46.2
FARM_4471,Tamil Nadu,Thanjavur,Muskmelon,Zaid,8.7,319.5,29,44.8,7.3,7.95,31.4,121,49,37,Drip,165,2.5,81,3.95,36.02,13921,504485,501434,-3051,7062.8,5.59,40.9
FARM_4472,Andhra Pradesh,Krishna,Moong,Zaid,6.4,311.5,26.8,61.6,6,7.07,33.1,142,63,41,Tube Well,229,1.8,86,5.02,33.17,13027,489848,432106,-57742,7949.9,6.31,51.2
FARM_4473,Tamil Nadu,Tiruchirappalli,Fodder,Zaid,6.5,291.1,29,50.9,9.2,7.32,35.1,125,60,22,Canal,159,2.9,81,4.53,29.18,14333,413438,418237,4799,7102.7,6.38,30
FARM_4474,Madhya Pradesh,Jabalpur,Muskmelon,Zaid,7.1,278.7,27.7,61.6,6.4,6.96,44,105,50,59,Drip,135,2.4,85,4.27,30.8,13518,486362,416354,-70008,6644,6.43,34.8
FARM_4475,Madhya Pradesh,Indore,Muskmelon,Zaid,7.7,293.7,29.5,55.6,6.3,6.45,40.4,105,60,36,Rainfed,152,1.9,90,5.73,42.47,14032,542945,595939,52994,6338.8,9.04,34.3
FARM_4476,Maharashtra,Solapur,Watermelon,Zaid,10.1,248.7,33.9,65.7,8.9,7.57,39,136,50,40,Sprinkler,153,1.5,84,3.73,37.65,13650,502905,513923,11018,7204.3,5.18,50.4
FARM_4477,Telangana,Rangareddy,Muskmelon,Zaid,8.6,260.1,34.2,46.5,8.2,6.59,27.8,129,58,48,Sprinkler,218,3.1,82,3.92,35.57,12489,470594,444234,-26360,5792.6,6.77,50.4
FARM_4478,Uttar Pradesh,Varanasi,Watermelon,Zaid,8.1,213.8,29.8,50.8,8.1,6.96,27.9,161,50,35,Canal,215,1.9,89,5.82,48.71,14468,702009,704736,2727,5967.6,9.75,38.6
FARM_4479,Gujarat,Junagadh,Cucumber,Zaid,7.2,286.9,29.4,48.6,7.2,6.63,32.9,153,69,59,Sprinkler,194,2.9,76,3.48,27.05,14220,371558,384651,13093,5182.6,6.71,43.1
FARM_4480,Telangana,Rangareddy,Fodder,Zaid,7,360.7,32.1,51.8,7.7,7.22,33.5,109,36,53,Sprinkler,117,1.8,86,3.1,21.62,14611,283045,315890,32845,5660.8,5.48,36.4
FARM_4481,Telangana,Medak,Moong,Zaid,8.8,312.9,29.6,70,7.5,6.89,19.3,117,67,39,Canal,164,2.3,80,5.52,47.08,14914,591703,702151,110448,6833.1,8.08,38.6
FARM_4482,Telangana,Warangal,Watermelon,Zaid,7.9,312,35.8,62.7,6.3,6.49,37.4,99,41,52,Rainfed,179,1.6,77,3.9,30.05,12162,396154,365468,-30686,3799.6,10.26,26.5
FARM_4483,Haryana,Ambala,Cucumber,Zaid,8.4,279.7,33.3,43.2,8.8,6.09,37.5,126,58,44,Drip,181,3.1,85,4.42,38.88,12634,571426,491210,-80216,6365.2,6.94,22.9
FARM_4484,Maharashtra,Solapur,Cucumber,Zaid,6.4,283.3,28.7,45,7.5,7.19,39.5,95,73,37,Canal,219,2.3,87,5.35,33.06,13425,441429,443831,2402,4377.1,12.22,58.2
FARM_4485,Uttar Pradesh,Agra,Watermelon,Zaid,8.6,410.8,31,46,7.5,7.24,39.1,113,62,34,Drip,131,1.8,73,3.75,32.85,15978,460711,524877,64166,5986.3,6.26,26.1
FARM_4486,Haryana,Rohtak,Cucumber,Zaid,5.7,296.1,29.8,64.7,5,6.62,32.3,102,51,42,Sprinkler,187,4.6,85,4.99,28.81,13595,360994,391672,30678,6213.7,8.03,42.5
FARM_4487,Gujarat,Surat,Muskmelon,Zaid,5.6,232.7,31.4,54,7,7.29,26.2,124,44,44,Canal,186,3.5,83,3.78,21.63,12278,280274,265573,-14701,6070,6.23,33.5
FARM_4488,Telangana,Warangal,Muskmelon,Zaid,7.5,295.4,36.8,57.3,8.6,6.69,25.6,97,73,43,Rainfed,127,2.1,76,5.87,44.52,13255,576287,590113,13826,5513,10.65,40.8
FARM_4489,Gujarat,Junagadh,Moong,Zaid,8.9,300.9,32.3,44.9,5.9,7,31.3,120,43,40,Drip,131,2.4,77,4.45,40.92,13059,636102,534374,-101728,5124.4,8.68,37.3
FARM_4490,Haryana,Hisar,Muskmelon,Zaid,7.2,279.4,35.2,49.9,6.3,6.35,37.9,89,65,50,Sprinkler,180,2.7,90,3.74,26.85,13595,385132,365026,-20106,6374.4,5.87,37.5
FARM_4491,Tamil Nadu,Madurai,Watermelon,Zaid,9.9,327,29.5,61.4,7.6,7.24,47.6,132,38,48,Drip,153,2.2,76,4.66,49.49,14147,765667,700135,-65532,8747.6,5.33,43.6
FARM_4492,Karnataka,Belagavi,Cucumber,Zaid,8.6,332.1,28.7,57.7,6.4,7.04,30.8,107,85,52,Canal,143,1.9,94,3.45,28.97,14170,356477,410505,54028,5155.6,6.69,33.8
FARM_4493,Madhya Pradesh,Gwalior,Watermelon,Zaid,11.6,247.8,32.1,48.1,6.6,6.57,28.4,145,74,54,Canal,175,3.4,81,4.78,53.23,15090,729726,803241,73515,6398.3,7.47,46.8
FARM_4494,Maharashtra,Nashik,Muskmelon,Zaid,9.1,297.5,32.7,63.1,7.1,7.12,33.8,112,79,51,Sprinkler,174,2.4,85,5.21,47.27,14169,652580,669769,17189,7674.5,6.79,43.9
FARM_4495,Tamil Nadu,Madurai,Watermelon,Zaid,4.9,306.1,29.1,52.6,6.5,7.75,33.1,171,61,51,Rainfed,155,2.1,90,4.16,20.65,13084,252124,270185,18061,6837.4,6.08,37.9
FARM_4496,Telangana,Warangal,Watermelon,Zaid,8.7,230,30.7,42.3,7.2,6.71,36.5,113,41,50,Sprinkler,180,2.9,81,2.94,23.43,13511,311589,316563,4974,6857.6,4.29,46.1
FARM_4497,Uttar Pradesh,Agra,Moong,Zaid,5.2,305.1,35.5,45.6,8.3,6.89,17.2,119,54,39,Rainfed,169,1.4,79,5.38,29.31,15252,404448,447036,42588,4767.2,11.29,36.5
FARM_4498,Punjab,Bathinda,Cucumber,Zaid,10.9,291.9,33.5,56.9,5.8,6.65,15,146,62,47,Rainfed,159,2.7,81,5.19,59.31,13481,724131,799558,75427,6982.3,7.43,32.7
FARM_4499,Andhra Pradesh,Chittoor,Moong,Zaid,8.3,278.3,29.9,53.5,8,7.04,40.7,115,52,37,Drip,168,2,84,4.25,34.62,13378,486500,463146,-23354,6938.1,6.13,22.4
FARM_4500,Andhra Pradesh,Krishna,Watermelon,Zaid,8.2,333.7,32.3,56.5,6.1,6.15,32.7,113,45,45,Drip,157,3,76,6.08,52.44,15520,743885,813869,69984,6845.5,8.88,32.8
FARM_4501,Karnataka,Shimoga,Moong,Zaid,10,307.5,30.3,51.6,5.4,6.3,35.3,146,53,43,Sprinkler,198,2.1,85,3.77,36.11,12644,489545,456575,-32970,5755.9,6.55,54.7
FARM_4502,Uttar Pradesh,Lucknow,Fodder,Zaid,6.5,275.5,31.7,46.6,6.7,6.31,38.2,98,48,50,Canal,154,3.2,90,5,31.93,10046,409027,320769,-88258,6610.3,7.56,34.4
FARM_4503,Punjab,Ludhiana,Fodder,Zaid,8.6,314.8,29.4,57,7.1,6.98,40.2,76,56,60,Rainfed,150,2.6,76,5.64,46.74,13272,582028,620333,38305,5399.6,10.45,39.8
FARM_4504,Tamil Nadu,Coimbatore,Moong,Zaid,7.4,292.6,31.8,49.3,6.1,7.64,50.6,143,64,43,Rainfed,200,3.4,80,4.86,32.23,15295,487392,492958,5566,5892.7,8.25,47.4
FARM_4505,Madhya Pradesh,Ujjain,Watermelon,Zaid,10.2,297.1,33.8,65,7.4,6.44,26.3,122,71,46,Canal,194,2.3,81,4.57,44.98,14103,669587,634353,-35234,5067.3,9.02,23.8
FARM_4506,Telangana,Nalgonda,Cucumber,Zaid,6,388.8,27.3,47.4,7.2,6.96,16.8,78,53,72,Sprinkler,213,2.9,84,4.58,27.16,15051,369832,408785,38953,6338.9,7.23,34.1
FARM_4507,Uttar Pradesh,Varanasi,Moong,Zaid,8.5,318.6,30,45.9,7.5,7.56,42.6,87,46,51,Canal,175,1.6,82,4.25,38.93,12921,486866,503015,16149,6003.4,7.08,28.2
FARM_4508,Punjab,Jalandhar,Moong,Zaid,8.9,270.6,31.9,52.4,5.9,6.87,29.5,130,52,60,Canal,112,2.4,87,4.06,36.79,14350,487517,527937,40420,5925.3,6.85,32.7
FARM_4509,Maharashtra,Nagpur,Watermelon,Zaid,9.3,258.6,30.6,33.1,7.3,6.64,29.1,116,44,35,Tube Well,126,3.3,78,4.83,44.97,14767,670542,664072,-6470,5978.8,8.08,32.2
FARM_4510,Gujarat,Surat,Watermelon,Zaid,7.5,173,33.4,37.8,9.7,6.91,32.1,119,51,38,Rainfed,191,1.4,85,5.03,38.17,11190,546771,427122,-119649,6497,7.74,29.1
FARM_4511,Telangana,Rangareddy,Fodder,Zaid,7.2,326.5,33.2,56.2,8.2,6.79,29.1,123,82,43,Canal,157,3.5,91,5.44,38.09,10573,546362,402726,-143636,7549.7,7.21,34.5
FARM_4512,Punjab,Jalandhar,Fodder,Zaid,8.9,262.8,30.8,57.9,6.2,5.57,15,82,39,47,Tube Well,146,2.6,74,6.67,60.5,15235,897107,921718,24611,6636.6,10.05,26.7
FARM_4513,Madhya Pradesh,Jabalpur,Moong,Zaid,8.6,281.7,28.8,49.6,7.6,6.42,31.5,137,53,53,Sprinkler,222,3.7,83,5.39,45.56,14143,593416,644355,50939,6230.4,8.65,35.9
FARM_4514,Maharashtra,Pune,Fodder,Zaid,8.3,276.1,33.6,42.4,6.9,6.81,32.6,69,42,35,Drip,146,2.2,80,3.99,33.61,13770,503687,462810,-40877,6188.1,6.45,34.4
FARM_4515,Uttar Pradesh,Kanpur,Moong,Zaid,7.4,302.4,27.3,40.8,6.6,6.64,42.2,162,45,39,Tube Well,166,1.6,98,3.46,23.72,13619,332165,323043,-9122,5528.3,6.26,34.9
FARM_4516,Maharashtra,Nashik,Watermelon,Zaid,7.3,370,31.5,48.4,6.7,7.66,37.8,176,53,53,Sprinkler,149,2.4,82,5.11,37.26,11787,553803,439184,-114619,6219,8.22,41.9
FARM_4517,Uttar Pradesh,Agra,Watermelon,Zaid,7.8,311.4,31.7,50.3,7.9,6.99,30.8,89,43,40,Drip,179,2.2,79,4.5,34.28,13654,540810,468059,-72751,6110.3,7.36,31.9
FARM_4518,Haryana,Rohtak,Fodder,Zaid,7.4,298.8,30.5,52.9,6.7,6.6,38.1,109,42,54,Sprinkler,182,1.7,73,5.47,42.91,14117,546443,605760,59317,5278.1,10.36,23.9
FARM_4519,Haryana,Ambala,Watermelon,Zaid,10.9,322.8,31.9,60.2,8.5,7.07,42.3,121,41,46,Sprinkler,193,2.8,88,3.36,38.58,14100,463552,543978,80426,5641.7,5.96,44.3
FARM_4520,Karnataka,Dharwad,Cucumber,Zaid,8.7,361.9,31.5,57.6,7.2,7.17,26.4,136,49,48,Rainfed,191,4,86,4.32,36.33,13429,564414,487876,-76538,6171.5,7,33.1
FARM_4521,Punjab,Amritsar,Moong,Zaid,6.4,276.6,33.7,58.7,7.3,6.77,19,119,61,45,Rainfed,172,3.7,92,4.95,31.73,15915,364536,504983,140447,7516.6,6.59,48
FARM_4522,Uttar Pradesh,Agra,Cucumber,Zaid,8.4,333.2,26.2,56.3,7.2,6.78,31.9,127,54,43,Tube Well,197,1.3,84,3.62,32.72,14296,435605,467765,32160,7055.4,5.13,32
FARM_4523,Karnataka,Mysuru,Muskmelon,Zaid,8.7,331.7,29.9,56,8,7.03,39.7,103,62,46,Drip,191,1.4,96,5.04,44.23,15041,577447,665263,87816,5402.2,9.33,42.2
FARM_4524,Uttar Pradesh,Lucknow,Cucumber,Zaid,5.7,310.3,29.1,55.1,8,7.19,42.9,110,50,47,Drip,176,1.9,79,4.66,26.21,12731,354999,333680,-21319,6564,7.1,55.8
FARM_4525,Haryana,Ambala,Cucumber,Zaid,9.5,240.2,31.6,44.8,6.1,5.87,40.1,132,48,44,Sprinkler,187,1.4,75,4.53,39.59,15168,550324,600501,50177,6650.3,6.81,35.4
FARM_4526,Punjab,Ludhiana,Muskmelon,Zaid,8.1,332.9,31.6,59.5,7.4,6.75,31.9,130,36,37,Tube Well,149,2.5,77,4.88,42.66,13325,684030,568445,-115585,7011,6.96,45.7
FARM_4527,Telangana,Medak,Cucumber,Zaid,3.1,420.3,31.7,33.8,5.5,6.78,44.7,132,57,38,Tube Well,136,4.1,81,3.66,10.97,13768,145192,151035,5843,5164.6,7.09,42.5
FARM_4528,Uttar Pradesh,Meerut,Muskmelon,Zaid,7,278.3,29.5,54.2,8.4,6.54,15,142,62,34,Canal,144,2.4,89,4.11,27.71,14922,359127,413489,54362,6501.4,6.32,46.7
FARM_4529,Karnataka,Mysuru,Fodder,Zaid,8.1,232.8,33.1,48.1,8,7.32,27,118,62,58,Tube Well,204,3.1,90,4.39,32.99,14938,493384,492805,-579,5978.7,7.34,31.2
FARM_4530,Punjab,Amritsar,Moong,Zaid,9.9,357.7,27.2,43.1,6,7,38.2,100,47,33,Rainfed,139,3,83,5.68,55.9,15330,879909,856947,-22962,4952.2,11.47,39.3
FARM_4531,Haryana,Hisar,Muskmelon,Zaid,5,287.9,29.1,58.2,7.6,6.65,34.1,110,75,51,Rainfed,187,2.4,80,4.74,21.25,10801,252721,229521,-23200,5930.5,7.99,25.4
FARM_4532,Telangana,Nalgonda,Watermelon,Zaid,5.2,319.7,34.7,48.9,7.5,6.98,31.7,98,44,24,Tube Well,168,3.1,72,5.83,30.2,10883,405233,328667,-76566,5367,10.86,50.4
FARM_4533,Punjab,Bathinda,Fodder,Zaid,9.2,343.3,26.8,53.1,5.8,7.58,30,113,62,45,Canal,166,1.7,72,5.03,44.78,12114,686179,542465,-143714,6154.1,8.17,47.2
FARM_4534,Tamil Nadu,Salem,Watermelon,Zaid,8.1,224.2,27,56.3,7.3,7.23,32.2,155,41,26,Sprinkler,169,2.7,81,4.61,37.32,12648,509798,472023,-37775,6286.1,7.33,48.6
FARM_4535,Andhra Pradesh,Krishna,Cucumber,Zaid,8,386.3,32.2,37.1,4.3,6.89,42.5,105,56,46,Rainfed,131,2,81,4.33,35.17,14110,596350,496249,-100101,6472.5,6.69,37.9
FARM_4536,Punjab,Jalandhar,Moong,Zaid,9.8,388.1,31.8,58.9,9.4,6.82,26.6,135,56,42,Sprinkler,158,2.8,95,4.45,40.56,14444,607543,585849,-21694,6084.1,7.31,50
FARM_4537,Madhya Pradesh,Ujjain,Watermelon,Zaid,9.1,237.1,27,44.7,5.1,6.84,50.4,99,51,45,Rainfed,211,2.5,79,4.8,39.74,13366,501694,531165,29471,6040.3,7.95,39.2
FARM_4538,Madhya Pradesh,Bhopal,Cucumber,Zaid,9.2,287.5,31,48.5,8.2,7.06,38.3,138,54,43,Drip,217,3.3,85,4.75,41.67,13659,596407,569171,-27236,7511.7,6.32,53.6
FARM_4539,Tamil Nadu,Thanjavur,Watermelon,Zaid,7.6,225.1,34.5,49.1,6.9,7.31,31.8,108,68,62,Tube Well,144,2.3,83,4.21,32.31,13720,512988,443293,-69695,6892.5,6.11,59.3
FARM_4540,Punjab,Amritsar,Watermelon,Zaid,10.1,330.8,26.8,57.6,7,6.9,23.3,110,63,50,Drip,230,2.1,88,4.67,50.38,12289,633632,619120,-14512,5594,8.35,43.4
FARM_4541,Madhya Pradesh,Ujjain,Cucumber,Zaid,8.7,259.4,37.5,44.1,8.4,6.89,33.2,112,60,52,Sprinkler,146,2.7,87,8.24,71.21,13671,1031442,973512,-57930,5803.5,14.2,41.8
FARM_4542,Telangana,Sangareddy,Moong,Zaid,9.4,284.3,31.9,52.7,7.3,6.98,28.8,140,76,46,Rainfed,207,2.9,80,4.66,42.02,12993,573714,545966,-27748,7431.3,6.27,41.7
FARM_4543,Uttar Pradesh,Meerut,Fodder,Zaid,9.9,364.1,32.3,51.3,6.3,6.98,20.5,111,64,45,Drip,209,2.8,80,5.23,51.58,15693,663410,809445,146035,6001.8,8.71,46
FARM_4544,Andhra Pradesh,Krishna,Moong,Zaid,6.9,304.6,31.6,46.8,10.1,7.88,34.1,109,38,57,Rainfed,201,2.9,85,4.84,31.98,14926,393309,477333,84024,4196.6,11.53,39.5
FARM_4545,Haryana,Hisar,Cucumber,Zaid,8.8,289,31,45,6.4,7.05,36.6,130,51,51,Rainfed,192,2.3,85,5.22,46.16,14948,594973,690000,95027,5973.3,8.74,45.5
FARM_4546,Tamil Nadu,Coimbatore,Fodder,Zaid,10.4,344.9,32.9,51.3,6.3,7.39,50.5,122,62,48,Rainfed,249,2.1,82,4.61,50.98,15329,812413,781472,-30941,5393.4,8.55,23.3
FARM_4547,Punjab,Jalandhar,Watermelon,Zaid,6.4,281.4,33.6,41,6.8,6.38,32.3,129,44,48,Rainfed,138,2.4,84,4.57,29.61,14129,356979,418360,61381,5996.2,7.62,33.1
FARM_4548,Uttar Pradesh,Varanasi,Cucumber,Zaid,6.3,342.7,27.6,41.7,7,7.06,51.7,125,55,59,Sprinkler,196,2.3,78,5.66,32.8,12908,504217,423382,-80835,7777.5,7.28,46.6
FARM_4549,Uttar Pradesh,Meerut,Watermelon,Zaid,5.7,261.7,28.2,52.4,8.7,6.89,28.1,100,49,60,Canal,194,2.9,94,4.07,22.59,15643,337996,353375,15379,6457.9,6.3,42.1
FARM_4550,Punjab,Patiala,Moong,Zaid,7.6,245.2,29.7,54.3,6.9,7.7,28.5,127,39,37,Rainfed,220,2.8,82,4.39,33.96,13725,392500,466101,73601,7838.2,5.6,37.1
FARM_4551,Madhya Pradesh,Indore,Watermelon,Zaid,8.5,289.3,31.1,55.5,8.1,6.74,38.4,98,69,33,Canal,148,1.9,85,4.28,35.38,14627,528520,517503,-11017,5198.3,8.23,40.8
FARM_4552,Punjab,Jalandhar,Muskmelon,Zaid,11,245.2,32.3,54.4,5.4,6.45,32.8,111,45,45,Tube Well,186,3.1,77,4.67,55.73,13816,899539,769966,-129573,6489.1,7.2,26
FARM_4553,Uttar Pradesh,Kanpur,Watermelon,Zaid,8.3,292.3,28.8,38.6,7.3,5.94,33.5,107,62,29,Canal,183,2,77,4.85,42.37,14059,598863,595680,-3183,5984.5,8.1,43.1
FARM_4554,Andhra Pradesh,Kurnool,Moong,Zaid,7.5,253.9,27.6,46.5,7.4,7.44,27.2,96,57,39,Drip,182,1.9,98,4.49,31.53,11203,470442,353231,-117211,4833.2,9.29,32.9
FARM_4555,Andhra Pradesh,Guntur,Watermelon,Zaid,8.1,245.1,31.2,56.3,7.5,6.79,30.4,98,59,41,Drip,210,2.3,81,5.26,43.28,11915,580358,515681,-64677,6400.2,8.22,51.5
FARM_4556,Andhra Pradesh,Guntur,Cucumber,Zaid,11.4,363.9,33.1,52.7,6.9,7.24,20.8,120,68,44,Rainfed,191,2.6,80,3.6,40.45,13550,590567,548098,-42469,6182.3,5.82,34.7
FARM_4557,Andhra Pradesh,Krishna,Moong,Zaid,9.2,276.1,33.3,58,7.8,7.43,16,127,64,37,Rainfed,180,1.9,71,4.61,42.05,14661,601978,616495,14517,6428.9,7.17,50.1
FARM_4558,Gujarat,Vadodara,Fodder,Zaid,7.5,385,33.1,52.4,7.6,6.54,17.9,134,60,40,Drip,190,2.3,96,4.86,35.9,12131,550126,435503,-114623,5182.6,9.38,34.7
FARM_4559,Madhya Pradesh,Indore,Moong,Zaid,6.4,284.7,33,39.7,6.8,6.35,38,133,58,50,Tube Well,156,1.9,82,4.69,30.76,12919,402923,397388,-5535,6684.5,7.02,28.8
FARM_4560,Karnataka,Shimoga,Watermelon,Zaid,5.1,275.1,32.4,61.8,7.3,6.69,55.5,145,73,37,Rainfed,156,2.9,79,4.52,23.14,13085,330170,302787,-27383,5751.7,7.86,39.7
FARM_4561,Andhra Pradesh,Krishna,Fodder,Zaid,7.3,257.2,30.6,53.9,8,6.66,42.8,131,35,54,Canal,188,2.9,75,5.6,39.44,14211,633482,560482,-73000,5351.8,10.46,51.3
FARM_4562,Uttar Pradesh,Kanpur,Fodder,Zaid,8.5,275.1,31.7,55.7,6.9,6.69,30.3,109,62,55,Drip,199,2.5,77,5.79,53.63,13250,794805,710598,-84207,7521,7.7,41.6
FARM_4563,Maharashtra,Nashik,Fodder,Zaid,9.3,327.5,31,54.4,6.7,6.89,30.4,108,64,33,Drip,188,2.3,78,3.86,36.2,14048,492091,508538,16447,5903.6,6.54,38.8
FARM_4564,Punjab,Bathinda,Watermelon,Zaid,6.4,333,30.6,55.5,8.7,6.47,32.2,113,50,56,Drip,196,2.2,79,4.94,31.84,13742,450624,437545,-13079,5604.9,8.81,42.2
FARM_4565,Gujarat,Vadodara,Cucumber,Zaid,10.2,308.5,30.9,49.6,6.1,7.52,35.9,94,55,48,Rainfed,219,1.8,80,4.26,43.33,12550,635244,543792,-91452,6180.4,6.89,30.8
FARM_4566,Punjab,Amritsar,Fodder,Zaid,4.9,329.2,28.8,56.1,6.2,6.73,29.4,167,50,51,Sprinkler,207,2.1,89,4.03,19.05,13333,263799,253994,-9805,7553,5.34,36
FARM_4567,Tamil Nadu,Madurai,Moong,Zaid,9.1,258,36.1,65.2,6.9,6.98,33.1,67,55,46,Rainfed,133,2.5,98,2.85,24.99,12637,364375,315799,-48576,7191.5,3.96,31.6
FARM_4568,Andhra Pradesh,Chittoor,Watermelon,Zaid,7.3,380.3,33.4,60.1,7.9,6.62,41.8,126,46,42,Rainfed,221,1.8,76,4.91,38.93,13807,502334,537507,35173,8000.8,6.14,53.8
FARM_4569,Haryana,Rohtak,Cucumber,Zaid,9,313.7,29.8,65.4,7.7,7.67,25.8,98,34,53,Rainfed,188,3.5,85,4.47,42.11,14468,594074,609247,15173,5737.2,7.79,34.5
FARM_4570,Andhra Pradesh,Chittoor,Moong,Zaid,6.1,265.9,29,47,8.7,6.72,27.1,125,39,50,Sprinkler,186,2.7,78,4.51,30.44,13223,405312,402508,-2804,6873.9,6.56,25.4
FARM_4571,Gujarat,Vadodara,Muskmelon,Zaid,10.1,269.5,26.8,67.4,8.8,6.46,26.6,143,64,51,Rainfed,224,3.3,83,4.05,38.97,13387,603131,521691,-81440,5740.8,7.05,37.3
FARM_4572,Maharashtra,Nagpur,Muskmelon,Zaid,12.2,283.5,34.2,65.6,4.8,6.93,38,150,62,56,Tube Well,188,2.8,81,5.02,64.76,13104,900019,848615,-51404,5589.5,8.98,44.8
FARM_4573,Madhya Pradesh,Bhopal,Cucumber,Zaid,5,316.6,27.7,54.5,7.6,6.38,40.2,103,33,46,Rainfed,166,3.1,95,5.26,23.98,14268,297115,342147,45032,5136.2,10.24,39.1
FARM_4574,Madhya Pradesh,Ujjain,Moong,Zaid,5.7,303.4,30.5,53.2,6.9,6.47,31.2,79,54,31,Drip,207,2.4,93,4.33,26.68,16795,375890,448091,72201,5654.9,7.66,37.5
FARM_4575,Tamil Nadu,Coimbatore,Muskmelon,Zaid,7.6,269.7,33,64.3,7.4,6.28,17.8,157,63,43,Canal,149,2.2,85,4.65,32.24,12730,463799,410415,-53384,4963.3,9.37,39.9
FARM_4576,Gujarat,Ahmedabad,Cucumber,Zaid,9.7,308.6,32.8,60.1,7.4,6.62,42,126,49,41,Rainfed,254,2.9,86,4.02,42.36,14452,702871,612187,-90684,7474.8,5.38,42.6
FARM_4577,Andhra Pradesh,Chittoor,Muskmelon,Zaid,8.5,383.1,34,53.2,7.1,6.66,45,125,61,57,Rainfed,190,2.5,78,5.31,44.69,15036,608650,671959,63309,5998.4,8.85,10.4
FARM_4578,Karnataka,Shimoga,Cucumber,Zaid,10.8,380.7,27.5,53.7,8.5,6.2,37,110,76,42,Canal,138,2.2,79,4.53,49.01,13302,711006,651931,-59075,5375.6,8.43,35.4
FARM_4579,Andhra Pradesh,Guntur,Cucumber,Zaid,8,267.6,27.8,45.4,5.6,7.41,39.9,112,40,49,Canal,176,2.7,76,4.58,37.98,16082,542678,610794,68116,6790.2,6.75,33.3
FARM_4580,Tamil Nadu,Tiruchirappalli,Moong,Zaid,6.4,205,32.1,44.2,7.4,7.1,32.1,78,56,24,Drip,179,2.9,76,5.22,31.44,13677,421251,430005,8754,5754.7,9.07,34.3
FARM_4581,Madhya Pradesh,Indore,Cucumber,Zaid,10.2,326.3,32.4,53.8,5.8,7.02,43.7,82,62,39,Canal,176,1.9,77,4.16,43.02,12338,562166,530781,-31385,6310.4,6.59,50.3
FARM_4582,Andhra Pradesh,Guntur,Cucumber,Zaid,4.8,211.9,35,51.8,8.5,6.89,41,141,40,45,Sprinkler,132,3.4,85,4.25,19.78,12620,287051,249624,-37427,4873.6,8.72,37.2
FARM_4583,Haryana,Rohtak,Moong,Zaid,6.7,230,32.1,48.3,5.6,6.82,18.2,85,51,39,Tube Well,197,2.6,76,4.81,32.98,13505,560809,445395,-115414,5955.9,8.08,46
FARM_4584,Uttar Pradesh,Kanpur,Watermelon,Zaid,8.1,270.5,31.8,35.2,5.1,7.62,37.3,126,59,34,Tube Well,154,1.5,88,4.27,33.48,12170,420316,407452,-12864,5017.8,8.51,34.1
FARM_4585,Karnataka,Mysuru,Cucumber,Zaid,8.9,318.6,31.9,52,8,6.64,42.2,94,41,42,Sprinkler,169,1.6,79,4.43,45.35,11489,538094,521026,-17068,6731,6.58,39.6
FARM_4586,Madhya Pradesh,Ujjain,Cucumber,Zaid,7.2,345.8,29,53.1,7.1,6.81,33.8,91,55,26,Tube Well,167,2.7,84,1.56,11.23,14796,154094,166159,12065,6070.6,2.57,45.6
FARM_4587,Madhya Pradesh,Indore,Watermelon,Zaid,8.5,339.2,28.3,61.3,7.7,6.74,39.6,107,62,54,Sprinkler,130,3.3,88,4.47,37.28,11322,526655,422084,-104571,5999.4,7.45,52.4
FARM_4588,Punjab,Jalandhar,Fodder,Zaid,6.8,293.4,27.5,49.7,6.9,7.1,29.2,99,47,36,Canal,195,1.6,71,5.13,35.26,13719,534233,483732,-50501,5920.4,8.66,37.1
FARM_4589,Tamil Nadu,Coimbatore,Cucumber,Zaid,7.4,317.6,30.7,52.2,6.9,7.06,41,138,45,31,Rainfed,150,2.1,81,6.29,47.71,14846,705842,708303,2461,6528.1,9.64,32.6
FARM_4590,Tamil Nadu,Madurai,Watermelon,Zaid,9.9,212.6,32.2,50.2,7.9,5.94,24.2,123,56,37,Canal,147,1.1,84,5.32,50.82,15909,647988,808495,160507,6853.4,7.76,22.2
FARM_4591,Andhra Pradesh,Anantapur,Fodder,Zaid,9.9,182.3,30.5,58.4,6,6.99,49.2,106,63,37,Sprinkler,118,1.4,78,5.02,46.98,14223,689254,668197,-21057,3932.1,12.77,35.8
FARM_4592,Madhya Pradesh,Gwalior,Fodder,Zaid,9.2,373.3,30.8,48.8,7.4,5.97,40.4,110,52,44,Tube Well,176,3,87,5.36,47.65,14167,693644,675058,-18586,6284.6,8.53,31.7
FARM_4593,Telangana,Warangal,Cucumber,Zaid,6.9,287.4,28.7,45,6.5,6.14,36.6,141,38,30,Canal,198,2.6,98,5.46,36.49,14963,489848,546000,56152,6900.9,7.91,26.4
FARM_4594,Madhya Pradesh,Bhopal,Fodder,Zaid,7.9,244.6,32,45.4,5.7,7.14,45.5,124,57,50,Canal,138,2.3,80,4.81,37.34,14070,519574,525374,5800,6529.5,7.37,24.4
FARM_4595,Karnataka,Raichur,Muskmelon,Zaid,7.9,278,30.9,52.1,7.7,6.38,27.2,152,45,42,Sprinkler,194,4.8,81,6.73,57.71,12842,847311,741112,-106199,5530.2,12.17,36.6
FARM_4596,Punjab,Jalandhar,Fodder,Zaid,6.9,252.8,32.3,50.6,9.7,6.79,17.3,116,45,40,Rainfed,223,3.5,81,5.4,39.63,13917,596200,551531,-44669,5639.2,9.58,30.4
FARM_4597,Maharashtra,Nagpur,Watermelon,Zaid,8.8,275.3,29.9,42.2,4.1,6.56,33.6,86,36,50,Rainfed,201,2.5,91,5.69,51.01,14084,772110,718425,-53685,5972.7,9.53,31.8
FARM_4598,Haryana,Rohtak,Cucumber,Zaid,9.3,367.1,33.2,47.5,6.4,7.26,47.7,126,39,40,Canal,162,2.8,73,3.29,29.11,16289,371227,474173,102946,5978.1,5.5,33.8
FARM_4599,Telangana,Rangareddy,Moong,Zaid,9.3,309.4,31.3,60.8,7.3,6.11,27.7,89,20,52,Rainfed,142,4,77,5.56,49.31,10563,697843,520862,-176981,5224.1,10.64,38.2
FARM_4600,Maharashtra,Nashik,Moong,Zaid,9.2,296.6,31.1,38.9,8.2,6.89,47.5,103,73,35,Tube Well,196,2.6,79,4.33,43.21,13247,606199,572403,-33796,6774.2,6.39,49.9
FARM_4601,Punjab,Patiala,Fodder,Zaid,6.6,254.8,28.9,60.1,7.2,6.68,29.1,124,62,36,Canal,191,2.6,75,4.64,30.46,14174,393584,431740,38156,5698.4,8.14,48.6
FARM_4602,Punjab,Ludhiana,Fodder,Zaid,5.5,328.5,27.9,57.3,6.3,7.35,15,129,63,26,Drip,173,2,78,4.2,23.74,15856,343877,376421,32544,6648,6.32,16.6
FARM_4603,Karnataka,Belagavi,Fodder,Zaid,6.9,330.6,30.4,46.9,7.7,6.47,39.5,99,39,51,Canal,177,2.1,79,4.91,33.17,14344,442797,475790,32993,8352.4,5.88,33.8
FARM_4604,Maharashtra,Aurangabad,Muskmelon,Zaid,6.3,238.4,29.4,53.8,8.6,7.08,38.6,102,53,53,Sprinkler,177,2.1,76,3.89,25.56,10987,339812,280828,-58984,7295,5.33,35.1
FARM_4605,Telangana,Medak,Watermelon,Zaid,9.2,310.1,34.9,59.1,6.5,6.75,51.2,113,61,40,Drip,142,3.6,92,4.62,37.1,14387,578905,533758,-45147,6674.3,6.92,32.8
FARM_4606,Punjab,Amritsar,Moong,Zaid,11.2,313.3,25.7,52.9,5.2,6.33,17.4,98,48,45,Sprinkler,120,3.5,88,5.86,59.36,14071,664999,835255,170256,6529.4,8.97,34.8
FARM_4607,Punjab,Amritsar,Moong,Zaid,8.5,318.8,32.8,39.4,7.1,7.15,30.9,115,43,52,Drip,233,3.5,75,5.17,41.12,14148,627108,581766,-45342,5942.3,8.7,38.9
FARM_4608,Telangana,Nalgonda,Fodder,Zaid,7.5,294.5,31.3,50.2,6.6,6.64,37.6,96,71,53,Tube Well,224,1.7,82,4.69,34.94,11695,507746,408623,-99123,6720.3,6.98,30.2
FARM_4609,Uttar Pradesh,Meerut,Watermelon,Zaid,11,339.6,29.7,52.6,6.2,7.21,49.8,120,67,49,Rainfed,219,3,91,5.33,58.65,12718,605119,745911,140792,5600.3,9.52,35.7
FARM_4610,Gujarat,Rajkot,Muskmelon,Zaid,8.3,267.2,27.9,56.9,7.3,7.22,29.8,123,53,70,Rainfed,173,2.8,72,4.45,37.43,13277,468204,496958,28754,6828,6.52,40
FARM_4611,Haryana,Ambala,Muskmelon,Zaid,9.2,161,26.2,64.7,5.1,6.26,36.5,134,46,51,Drip,155,3.2,74,4.19,38.1,13708,603199,522275,-80924,6466.2,6.48,25.9
FARM_4612,Telangana,Medak,Cucumber,Zaid,9.1,236,29.2,38.1,6.8,6.2,53,139,55,42,Canal,147,2.5,86,5.85,57,13427,890890,765339,-125551,5074.1,11.53,32.5
FARM_4613,Telangana,Nalgonda,Moong,Zaid,10.9,263.2,28.5,49.8,4.6,6.9,23.7,82,57,50,Drip,141,2.1,86,5.35,57.53,14072,956480,809562,-146918,6619.6,8.08,41.3
FARM_4614,Madhya Pradesh,Gwalior,Cucumber,Zaid,7.7,323.7,28.4,49.7,8.2,6.61,36.3,116,59,53,Tube Well,153,2.3,81,5.73,42.77,13456,565219,575513,10294,5974.7,9.59,30.1
FARM_4615,Uttar Pradesh,Kanpur,Muskmelon,Zaid,9.7,308.4,28.2,47.2,4.3,7.31,37.5,131,62,46,Canal,196,2.2,89,5.63,55.15,14992,798771,826809,28038,6725.3,8.37,34.2
FARM_4616,Uttar Pradesh,Agra,Watermelon,Zaid,8.2,397.4,32.7,46.4,7.6,6.98,26.6,118,46,54,Sprinkler,175,1.9,84,4.22,36.34,14854,574512,539794,-34718,8242.5,5.12,47.1
FARM_4617,Gujarat,Rajkot,Moong,Zaid,6.8,345.8,29.4,48.2,7.2,6.48,29.4,97,65,61,Canal,203,2.2,72,3.57,24.35,12646,361175,307930,-53245,5960.4,5.99,49.2
FARM_4618,Tamil Nadu,Tiruchirappalli,Fodder,Zaid,4.8,215.1,31,60.8,6.4,7.43,15,101,44,37,Drip,167,2.7,80,3.42,16.57,14600,237243,241922,4679,6437.3,5.31,32.7
FARM_4619,Andhra Pradesh,Anantapur,Fodder,Zaid,13.4,316.8,29.2,53.7,7.7,6.84,31.2,132,67,38,Sprinkler,144,2.9,90,5.62,85.09,14905,1213242,1268266,55024,6505.7,8.64,26.7
FARM_4620,Maharashtra,Solapur,Moong,Zaid,8.2,295,29,46.8,6.8,7.27,39,103,34,48,Tube Well,179,2.6,80,4.47,36.26,14284,505199,517938,12739,6065.4,7.37,44.3
FARM_4621,Karnataka,Mysuru,Fodder,Zaid,10.6,366.6,29.7,44,7.6,6.58,28.5,89,56,46,Canal,149,2.3,85,4.69,47.51,14602,562752,693741,130989,6140,7.64,34.6
FARM_4622,Tamil Nadu,Madurai,Muskmelon,Zaid,8,245.4,33.2,53.7,8,7.04,55.6,135,57,23,Sprinkler,165,1.8,85,4.84,38.7,13156,458680,509137,50457,8882.9,5.45,42.7
FARM_4623,Tamil Nadu,Coimbatore,Fodder,Zaid,9.2,309.9,29.3,53.1,6,6.85,33.4,120,67,56,Canal,197,1.8,85,4.83,44.22,13322,641489,589099,-52390,5091.8,9.49,48.4
FARM_4624,Uttar Pradesh,Kanpur,Cucumber,Zaid,7.3,280.2,30.9,34.6,8.7,6.84,21.5,124,27,35,Sprinkler,184,2,88,5.15,36.82,11553,527807,425381,-102426,7609.5,6.77,40.7
FARM_4625,Maharashtra,Nashik,Watermelon,Zaid,11.1,361.2,28.6,49.5,7.5,6.51,28.5,129,32,34,Canal,212,2.1,73,3.81,42.92,12796,618512,549204,-69308,6388.9,5.96,50.9
FARM_4626,Karnataka,Belagavi,Cucumber,Zaid,4.5,326,32,47.3,6.4,6.56,31.9,101,68,35,Canal,170,2.3,77,4.57,20.14,12915,263504,260108,-3396,6371,7.17,46.3
FARM_4627,Telangana,Nalgonda,Moong,Zaid,7.4,312.7,36.8,53.6,7.7,6.87,23.7,96,81,55,Rainfed,146,2.5,79,5.91,46.66,12980,615091,605647,-9444,5961.5,9.91,26.8
FARM_4628,Telangana,Nalgonda,Fodder,Zaid,5.8,197.1,32.4,41,8.3,7,27.7,114,75,43,Sprinkler,202,2.8,83,4.53,24.97,12966,350572,323761,-26811,6977.1,6.49,28
FARM_4629,Karnataka,Mysuru,Moong,Zaid,7,245.9,35.7,58.4,5.5,6.99,16.9,117,41,44,Tube Well,162,1.8,79,4.81,32.71,15463,566271,505795,-60476,6489.5,7.41,33.1
FARM_4630,Karnataka,Mysuru,Cucumber,Zaid,8.9,331.3,32.3,49.2,6.2,6.64,28.3,96,67,36,Canal,216,3,96,4.54,42.39,13608,568710,576843,8133,6699,6.78,36
FARM_4631,Tamil Nadu,Thanjavur,Fodder,Zaid,9.4,285.5,31.8,50.1,7.6,6.68,33.2,146,60,54,Rainfed,156,1.4,73,9.43,85.26,13074,1205842,1114689,-91153,6390.3,14.76,30.2
FARM_4632,Haryana,Rohtak,Watermelon,Zaid,6.2,233.9,33.2,54.2,7.4,6.62,29.1,100,51,33,Tube Well,196,2.1,83,4.65,29.03,13402,397164,389060,-8104,6719.6,6.92,39.9
FARM_4633,Andhra Pradesh,Chittoor,Muskmelon,Zaid,8.7,310.2,30.6,66.4,6.3,6.24,33.9,118,48,39,Tube Well,187,2.2,86,3.93,33.05,14064,468782,464815,-3967,5590.6,7.03,27.5
FARM_4634,Telangana,Rangareddy,Fodder,Zaid,8.9,307.6,31.3,48,7.7,6.76,40.6,141,53,46,Canal,195,2.5,85,4.31,36.5,12977,474603,473661,-942,6354.2,6.78,43.9
FARM_4635,Telangana,Nalgonda,Muskmelon,Zaid,6.9,304.7,29.9,56.6,8,6.3,46.1,114,48,50,Canal,167,2.5,77,5.53,37.25,14551,533039,542025,8986,6737,8.21,52.7
FARM_4636,Madhya Pradesh,Ujjain,Watermelon,Zaid,9,267.2,30.9,60.9,7.1,7.47,42.8,144,79,54,Sprinkler,144,3,87,5.38,50.97,14135,743804,720461,-23343,6058.9,8.88,30.5
FARM_4637,Punjab,Ludhiana,Watermelon,Zaid,5,323.2,30.3,48.9,7.8,6.38,36.5,115,59,50,Sprinkler,185,2.9,87,5.6,27.13,14199,390075,385219,-4856,7421.5,7.55,45.1
FARM_4638,Gujarat,Ahmedabad,Watermelon,Zaid,6.8,293.2,31.7,46.1,7.9,6.5,16.6,99,73,51,Sprinkler,245,2.1,85,4.96,35.28,13435,548017,473987,-74030,5583.9,8.88,21
FARM_4639,Uttar Pradesh,Kanpur,Moong,Zaid,6.5,371.2,28.1,60,8.3,6.74,27,121,50,43,Canal,183,2.1,75,5.37,32.94,12337,372336,406381,34045,7250.2,7.41,31
FARM_4640,Maharashtra,Solapur,Cucumber,Zaid,5.4,373.8,30.7,72.7,9.3,6.49,39.4,154,71,60,Tube Well,150,2.3,72,5.04,28.31,13009,347197,368285,21088,6916.4,7.29,51
FARM_4641,Maharashtra,Nashik,Cucumber,Zaid,8.8,293.7,25.8,54.1,8.4,6.37,28.1,150,49,43,Canal,184,2.6,85,5.76,56.17,15149,726214,850919,124705,6602.7,8.72,44.9
FARM_4642,Maharashtra,Nagpur,Muskmelon,Zaid,12.1,283.1,33.1,53.7,6.8,6.48,46.4,112,62,58,Sprinkler,238,2.1,82,3.79,46.74,14427,647030,674318,27288,6440.8,5.88,28.9
FARM_4643,Punjab,Amritsar,Muskmelon,Zaid,7.9,286.1,30,52.8,7,6.88,30.7,127,64,63,Canal,231,3.4,70,4.17,36.09,12769,540721,460833,-79888,6210.3,6.71,30.1
FARM_4644,Uttar Pradesh,Lucknow,Watermelon,Zaid,9.5,334.5,32.1,46.8,7.1,6.59,32.5,128,61,37,Drip,185,2.3,68,5.48,53.04,14611,685508,774967,89459,7306.8,7.5,23.1
FARM_4645,Uttar Pradesh,Agra,Fodder,Zaid,4.3,320.1,32.8,51.5,5.4,7.07,49.5,125,61,60,Sprinkler,163,3.2,85,3.39,14.96,13053,180465,195273,14808,6504.1,5.21,35.5
FARM_4646,Karnataka,Raichur,Moong,Zaid,7,407.1,32.6,52.1,7.2,7.26,26.1,139,71,38,Drip,183,1.4,79,4.44,32.16,13273,462096,426860,-35236,5584.6,7.95,28.3
FARM_4647,Tamil Nadu,Coimbatore,Muskmelon,Zaid,9.6,305.5,28,51.6,6.6,6.82,36.4,115,69,34,Sprinkler,201,3.1,77,4.76,44.93,13781,733832,619180,-114652,6532.4,7.29,39.6
FARM_4648,Telangana,Medak,Muskmelon,Zaid,9.1,373,33.1,58.2,7.8,6.57,25.6,96,44,46,Sprinkler,166,1.4,76,3.38,29.02,13977,434556,405613,-28943,7437.4,4.54,36.1
FARM_4649,Karnataka,Belagavi,Moong,Zaid,7.7,378.2,32.7,51.7,8.1,6.32,18.4,127,46,31,Canal,212,3.7,77,4.43,33.96,14574,488985,494933,5948,5051.5,8.77,40.2
FARM_4650,Telangana,Medak,Fodder,Zaid,7.9,242.6,31.1,55,7.5,7.24,30,137,53,38,Tube Well,140,3.1,94,5.19,40.04,12905,540655,516716,-23939,6333.3,8.19,45.1
FARM_4651,Andhra Pradesh,Anantapur,Watermelon,Zaid,7.7,280,28.3,54.1,7.5,7.48,31.6,137,25,60,Canal,231,2.5,80,4.19,34.41,14585,450513,501870,51357,5064.4,8.27,45.3
FARM_4652,Uttar Pradesh,Lucknow,Watermelon,Zaid,8.5,371.2,34.4,50.4,9.5,7.12,40.1,130,66,42,Sprinkler,234,2.2,75,5.91,50.76,12902,718286,654906,-63380,7130.7,8.29,25.2
FARM_4653,Madhya Pradesh,Ujjain,Cucumber,Zaid,8.3,288.2,29.7,40.1,7.9,7.23,17.2,109,68,45,Drip,159,2.7,85,4.39,36.34,15243,495155,553931,58776,7310.8,6,38.2
FARM_4654,Maharashtra,Solapur,Watermelon,Zaid,8.5,285.4,30.8,47.5,5.4,7.21,33,102,60,36,Sprinkler,182,2.8,89,6.2,51.24,13868,721041,710596,-10445,5350.4,11.59,42.9
FARM_4655,Uttar Pradesh,Meerut,Watermelon,Zaid,6.7,291.8,28.8,54.6,8,7.68,28.8,116,80,31,Rainfed,168,2.4,89,4.52,31.07,15372,446693,477608,30915,7144.7,6.33,25.2
FARM_4656,Gujarat,Surat,Fodder,Zaid,9.7,355.9,32.9,44.9,5.5,6.72,35.7,124,43,58,Tube Well,194,2.6,86,5.26,52.83,13717,729280,724669,-4611,6799,7.74,61.7
FARM_4657,Maharashtra,Solapur,Cucumber,Zaid,6.3,370.7,23,58.5,5.8,6.19,32.6,109,55,22,Tube Well,155,1.5,84,4.91,30.46,11826,412693,360220,-52473,6335.6,7.75,31.3
FARM_4658,Karnataka,Mysuru,Muskmelon,Zaid,6.2,255,32.3,47.1,8.2,7.05,36.7,131,66,56,Rainfed,197,2.7,85,5.13,33.6,13749,484171,461966,-22205,6315.4,8.12,39.3
FARM_4659,Haryana,Hisar,Fodder,Zaid,9.4,283.9,28.8,47.1,6.9,6.76,33.6,136,45,64,Rainfed,147,2.9,85,3.83,35.97,14188,547891,510342,-37549,6069.3,6.31,37.9
FARM_4660,Madhya Pradesh,Gwalior,Cucumber,Zaid,6.5,311.3,33.3,49.1,6.7,6.69,31.6,100,78,40,Canal,204,2.3,77,4.13,25.63,13964,357611,357897,286,5535.2,7.46,30.3
FARM_4661,Tamil Nadu,Tiruchirappalli,Watermelon,Zaid,11.5,318.8,30.9,48.2,6.7,6.46,51.3,124,51,25,Drip,179,2.5,73,3.9,44.94,14263,679193,640979,-38214,6517,5.98,52.6
FARM_4662,Haryana,Ambala,Moong,Zaid,7.8,315.8,28.2,53.1,7.6,6.65,30.6,134,50,55,Drip,180,2.5,85,4.24,33.06,13270,444796,438706,-6090,7032.6,6.03,22.6
FARM_4663,Karnataka,Belagavi,Fodder,Zaid,10,278.5,25,57.7,5.6,6.49,34,97,59,51,Tube Well,200,2.7,83,4.03,44.37,14351,706269,636754,-69515,4517.1,8.92,34.9
FARM_4664,Haryana,Hisar,Cucumber,Zaid,6.7,338.7,33.5,50.5,5.5,7.05,37.6,107,52,54,Sprinkler,186,2.5,80,3.74,25.78,13564,309315,349680,40365,7330.7,5.1,35.4
FARM_4665,Tamil Nadu,Salem,Fodder,Zaid,6.8,240.9,35.2,57.8,5.3,6.1,40.2,102,70,35,Drip,158,1.6,80,5.96,39.11,14891,503947,582387,78440,5996.8,9.94,39.8
FARM_4666,Telangana,Nalgonda,Muskmelon,Zaid,7.2,265.7,32.6,56.8,7.1,6.83,26.9,170,43,58,Sprinkler,156,1.6,82,4.35,32.5,13744,453840,446680,-7160,6526.5,6.67,30.4
FARM_4667,Andhra Pradesh,Guntur,Cucumber,Zaid,8.9,284.8,32.1,48.5,7.2,6.46,47,129,63,41,Rainfed,165,2.1,75,4.66,42.51,13940,696395,592589,-103806,6922.2,6.73,41.2
FARM_4668,Maharashtra,Nashik,Cucumber,Zaid,9.5,277.2,27.7,58.3,7.2,7.13,32.6,126,61,34,Canal,170,1.7,82,5.38,53.95,12095,682940,652525,-30415,6642.3,8.1,42
FARM_4669,Telangana,Rangareddy,Moong,Zaid,8.5,324.7,30.1,64.7,8.3,7.44,40.2,143,82,59,Sprinkler,169,2.1,78,5.7,50.86,14256,697880,725060,27180,6423.5,8.87,47.6
FARM_4670,Karnataka,Dharwad,Cucumber,Zaid,8.1,394,32.1,40.8,6.5,6.52,27.5,105,94,44,Drip,133,2.6,83,4.77,41.04,12002,589492,492562,-96930,5651.2,8.44,27.1
FARM_4671,Punjab,Patiala,Muskmelon,Zaid,8.2,304.4,31.4,50.6,7.7,7.22,33.4,137,60,39,Rainfed,229,1.2,79,4.45,37.24,13438,497981,500431,2450,6023.7,7.39,41.3
FARM_4672,Haryana,Rohtak,Fodder,Zaid,10.9,327.6,29.4,53.9,9.6,6.64,26.1,104,60,33,Sprinkler,142,2.4,76,4.37,50.79,15212,754922,772617,17695,6136.9,7.12,45
FARM_4673,Madhya Pradesh,Bhopal,Muskmelon,Zaid,9.2,299.6,31,52.2,7.3,5.33,38.7,131,74,63,Canal,197,2.3,92,5.77,50.7,15021,673865,761565,87700,6083.8,9.48,36.1
FARM_4674,Haryana,Rohtak,Cucumber,Zaid,9.2,309.9,29,49.2,7.6,6.81,37,152,55,48,Canal,161,2.3,95,3.96,34.5,13665,437689,471443,33754,5397.3,7.34,37.7
FARM_4675,Madhya Pradesh,Jabalpur,Watermelon,Zaid,9.5,312.3,30.9,53,8.7,7.05,42.6,106,61,31,Rainfed,101,2.8,86,5.25,43.61,11860,562554,517215,-45339,7143.2,7.35,54.2
FARM_4676,Madhya Pradesh,Gwalior,Fodder,Zaid,8.4,222.7,29.9,55.6,4.5,7.38,31.3,112,50,43,Sprinkler,168,2.8,92,2.33,19.11,14092,246321,269298,22977,5747.6,4.05,38.8
FARM_4677,Punjab,Amritsar,Cucumber,Zaid,8.2,354,29.7,65.4,9.2,6.57,35.1,81,69,48,Sprinkler,106,2.7,94,4.49,34.83,12032,461764,419075,-42689,6531.4,6.87,27.5
FARM_4678,Tamil Nadu,Tiruchirappalli,Moong,Zaid,7.9,301.3,26.3,58.8,7.2,5.44,44.6,113,57,38,Canal,190,2.4,81,5.75,46.04,16694,567673,768592,200919,5608.4,10.25,47.7
FARM_4679,Haryana,Kurukshetra,Watermelon,Zaid,5,302.2,31.1,50.2,7.7,7.64,38.7,92,42,42,Sprinkler,208,1.7,81,4.96,25.28,11698,336066,295725,-40341,6960.8,7.13,53.7
FARM_4680,Madhya Pradesh,Bhopal,Fodder,Zaid,5.8,249,31,52,6.9,6.56,35.3,121,72,42,Drip,191,2.1,77,4.54,24.22,14053,394283,340364,-53919,8795.5,5.16,43.6
FARM_4681,Madhya Pradesh,Bhopal,Fodder,Zaid,9,297.8,24.9,37.7,9.1,6.23,44,151,47,63,Canal,178,2.7,87,3.7,35.17,12804,602280,450317,-151963,6166.1,6,46.5
FARM_4682,Haryana,Hisar,Muskmelon,Zaid,8.1,237.7,33.8,54.4,5.3,6.87,23.2,119,48,38,Rainfed,187,2.5,85,4.54,38.03,15846,536508,602623,66115,6793.6,6.68,34
FARM_4683,Karnataka,Raichur,Watermelon,Zaid,7.2,271.8,29.4,52.4,7.3,6.68,26.8,100,59,44,Tube Well,193,3.2,90,5.47,39.71,13840,544838,549586,4748,5783.7,9.46,51.1
FARM_4684,Haryana,Ambala,Watermelon,Zaid,9.8,285.6,27.4,55.7,5.1,6.7,36.8,156,44,48,Tube Well,179,2.2,81,4.87,49.89,13876,688152,692274,4122,6999.2,6.96,40.8
FARM_4685,Madhya Pradesh,Indore,Watermelon,Zaid,7.1,278.8,32.3,52.7,6.2,7.01,47.6,137,60,43,Sprinkler,193,3,90,4.81,33.36,12335,353960,411496,57536,5997.4,8.02,37.3
FARM_4686,Telangana,Medak,Muskmelon,Zaid,10.4,316.5,33.8,48.8,6.5,6.75,27.8,115,59,50,Tube Well,224,2.7,82,4.87,47.22,14943,751279,705608,-45671,8621.2,5.65,46.7
FARM_4687,Maharashtra,Nashik,Fodder,Zaid,6.9,256.9,32.5,39.8,6.2,6.51,43.6,140,48,49,Canal,230,2.1,75,5.22,35.91,12001,577751,430956,-146795,5646.6,9.24,26.5
FARM_4688,Tamil Nadu,Madurai,Fodder,Zaid,7.9,367.6,31.9,46.7,5.9,6.58,27.9,153,56,35,Canal,182,2.1,81,4.75,38.25,14454,542373,552866,10493,6591,7.21,46.7
FARM_4689,Tamil Nadu,Coimbatore,Watermelon,Zaid,6.1,207.7,33.6,53.7,4,6.32,45.1,130,70,47,Rainfed,220,2.9,98,5.08,29.27,14099,412399,412678,279,5494.7,9.25,29.7
FARM_4690,Karnataka,Shimoga,Muskmelon,Zaid,8.2,370.6,33.4,39.8,8.4,6.82,19.6,81,47,22,Drip,163,1.9,75,4.81,41.1,14676,617731,603184,-14547,6686.3,7.19,37.9
FARM_4691,Gujarat,Rajkot,Muskmelon,Zaid,5.2,320.4,33.1,47.8,7.1,6.51,28.3,149,58,35,Drip,177,1.4,75,4.51,22.93,15239,302980,349430,46450,7363.7,6.12,40.8
FARM_4692,Maharashtra,Aurangabad,Fodder,Zaid,7.9,315.6,29.9,64.6,8.6,7.13,30.6,102,56,42,Drip,150,2.1,82,4.54,37.64,12599,581873,474226,-107647,6984.6,6.5,37.9
FARM_4693,Madhya Pradesh,Ujjain,Fodder,Zaid,7.4,280.8,24.9,42.1,8.8,5.54,40,136,49,38,Tube Well,177,2.2,69,4.91,38.31,13187,480580,505194,24614,6081.7,8.07,44.3
FARM_4694,Tamil Nadu,Thanjavur,Moong,Zaid,12.1,314.7,32.6,42.7,8.1,7.22,40.5,129,70,48,Tube Well,185,1.4,84,3.87,45.9,15085,633835,692402,58567,5715.9,6.77,46.3
FARM_4695,Telangana,Nalgonda,Muskmelon,Zaid,11.4,363,28.6,50.3,8.3,7.32,44.2,120,68,58,Tube Well,179,1.8,80,4.43,44.89,12192,633499,547299,-86200,5729.8,7.73,32
FARM_4696,Andhra Pradesh,Anantapur,Fodder,Zaid,8.6,327.3,32.7,49.1,6.4,6.59,38.6,137,37,63,Sprinkler,200,1.5,93,4.07,34.13,14006,436555,478025,41470,7105.6,5.73,45.6
FARM_4697,Punjab,Jalandhar,Muskmelon,Zaid,4.2,287.7,33.3,43,7.4,6.98,26.2,120,48,39,Rainfed,193,2,75,3.54,14.73,13400,198944,197382,-1562,6841.5,5.17,46.4
FARM_4698,Uttar Pradesh,Kanpur,Muskmelon,Zaid,9.9,283.4,31.2,42.3,7.6,6.65,28.6,62,51,60,Canal,153,2.9,86,4.12,40.67,14148,545207,575399,30192,5835.1,7.06,36.6
FARM_4699,Tamil Nadu,Coimbatore,Muskmelon,Zaid,10.4,256.9,31.2,63,8.1,7.05,19.2,136,55,43,Rainfed,187,2,84,4.65,45.76,12529,627235,573327,-53908,6332.1,7.34,37.3
FARM_4700,Gujarat,Ahmedabad,Cucumber,Zaid,8.1,342.4,26.8,51.4,4.1,7.35,30.3,111,33,40,Rainfed,178,2,78,4.23,34.22,13582,542387,464776,-77611,6271,6.75,39.2
FARM_4701,Andhra Pradesh,Kurnool,Cucumber,Zaid,5.8,311.1,30.2,50,7.7,6.46,30,126,33,34,Canal,203,1.9,77,4.03,21.85,13635,275034,297925,22891,4835.3,8.33,42.7
FARM_4702,Andhra Pradesh,Guntur,Watermelon,Zaid,8.1,323.2,30,48.5,6.8,6.92,27.2,81,62,43,Canal,195,1.6,79,6.2,48.31,13097,671326,632716,-38610,5071.7,12.22,34
FARM_4703,Madhya Pradesh,Bhopal,Fodder,Zaid,8.5,269.8,32.2,52.7,6.9,6.25,29.2,112,55,68,Sprinkler,169,2.9,78,5.2,43.45,13477,592757,585576,-7181,5416.3,9.6,25
FARM_4704,Karnataka,Mysuru,Cucumber,Zaid,5.9,290.5,31.6,59,6.7,6.91,30.1,95,55,52,Rainfed,232,1.4,88,4.96,30.5,13552,463594,413336,-50258,4883.1,10.16,34.2
FARM_4705,Telangana,Rangareddy,Muskmelon,Zaid,5.8,245.9,33.1,44.8,5.2,6.7,40.7,113,62,58,Rainfed,173,2.3,81,4.75,27.06,12811,402962,346666,-56296,6864.5,6.92,46.2
FARM_4706,Maharashtra,Solapur,Watermelon,Zaid,6.9,277.7,27.6,60.1,8.7,7.01,45.6,113,44,36,Rainfed,193,1.2,72,4.88,34.62,13415,457019,464427,7408,6337.2,7.7,26.1
FARM_4707,Tamil Nadu,Madurai,Fodder,Zaid,9.5,245.8,26.9,58.6,7.3,7.21,18,124,73,48,Sprinkler,176,2.7,91,5.55,51,12629,654647,644079,-10568,5293.3,10.48,44.8
FARM_4708,Tamil Nadu,Tiruchirappalli,Cucumber,Zaid,7.5,292,29.1,42.3,6.4,6.6,43,156,54,47,Rainfed,174,2.3,88,4.02,33.25,14926,453124,496290,43166,7164.5,5.61,30.7
FARM_4709,Karnataka,Dharwad,Moong,Zaid,9.2,247.7,28.2,56.9,7.1,6.44,32.2,76,72,26,Sprinkler,162,3.2,82,4.64,43.19,12562,618524,542553,-75971,4867.5,9.53,36.2
FARM_4710,Maharashtra,Nagpur,Muskmelon,Zaid,6.6,277.6,34.3,50.5,5.9,7.48,36,144,39,59,Tube Well,121,1.6,89,5.92,36.71,11407,499618,418751,-80867,4937.3,11.99,39.2
FARM_4711,Uttar Pradesh,Meerut,Watermelon,Zaid,8.4,262.2,30.3,54.3,6.7,6.89,31.1,135,75,48,Sprinkler,258,2.6,82,5.62,48.76,13819,598401,673814,75413,5858.2,9.59,51.3
FARM_4712,Andhra Pradesh,Guntur,Fodder,Zaid,9.6,295.3,31.8,42.6,8.4,6.27,29.9,102,52,36,Tube Well,143,2.3,80,3.44,35.47,15169,500090,538044,37954,6830.3,5.04,45.3
FARM_4713,Haryana,Kurukshetra,Moong,Zaid,10.2,347.6,26.6,47.9,7.1,6.85,26.4,112,43,38,Drip,227,2.2,77,5.2,52.21,12320,761196,643227,-117969,5899.7,8.81,36.3
FARM_4714,Gujarat,Rajkot,Cucumber,Zaid,11.1,290.3,32.6,47.2,8.4,6.73,17.2,93,51,44,Drip,185,1,78,5.53,66.97,14713,1066246,985330,-80916,6567.2,8.42,28.2
FARM_4715,Haryana,Hisar,Watermelon,Zaid,8.7,233.8,29.5,54.5,8.1,6.58,39,145,82,34,Sprinkler,216,2.6,86,5.66,46.52,12337,678760,573917,-104843,6961.5,8.13,43.6
FARM_4716,Gujarat,Junagadh,Cucumber,Zaid,9.6,339.6,36.5,71.5,6.6,6.71,37.1,144,54,50,Tube Well,90,1.5,78,4.79,47.52,12931,645107,614481,-30626,5699,8.4,41.1
FARM_4717,Tamil Nadu,Madurai,Watermelon,Zaid,9.5,293.3,29.6,48.5,4.4,7.17,43.5,123,68,31,Sprinkler,144,3.3,84,4.82,45.54,12198,661532,555497,-106035,6525.3,7.39,34.6
FARM_4718,Telangana,Warangal,Fodder,Zaid,8.4,292.7,33.2,33,8.6,6.45,30.1,118,62,49,Sprinkler,160,2.3,86,4.66,40.52,13764,613982,557717,-56265,6575.8,7.09,29.2
FARM_4719,Gujarat,Junagadh,Moong,Zaid,5.7,309.1,34,50.4,6.4,7.42,30.5,90,63,68,Sprinkler,175,2.2,78,5.68,32.76,13287,479631,435282,-44349,7150.6,7.94,28.1
FARM_4720,Karnataka,Belagavi,Moong,Zaid,6.4,245.7,31.3,38.2,7.9,6.59,21.5,133,55,53,Canal,155,2.1,81,4.39,28.23,12783,446829,360864,-85965,7053.5,6.22,39
FARM_4721,Gujarat,Rajkot,Fodder,Zaid,7.5,355.2,30.4,62.5,9,6.45,43,112,54,47,Rainfed,166,2.6,79,7.19,56.63,12737,774091,721296,-52795,7268.5,9.89,31.4
FARM_4722,Madhya Pradesh,Bhopal,Fodder,Zaid,5.2,405.4,35.5,49.2,6.3,5.74,18.6,109,51,56,Rainfed,167,3.5,77,4.69,23.87,10780,349776,257319,-92457,7291.2,6.43,37.2
FARM_4723,Haryana,Ambala,Cucumber,Zaid,7.7,224.9,32.8,54.3,6.7,6.5,30.7,125,48,44,Rainfed,175,1.7,86,4.4,33.78,13956,481390,471434,-9956,6889.1,6.39,33.7
FARM_4724,Punjab,Amritsar,Moong,Zaid,9,233.7,25.2,62.2,7.3,7.52,37,142,48,52,Canal,160,2.5,89,5.82,57.15,13645,821383,779812,-41571,7627.7,7.63,18.3
FARM_4725,Karnataka,Dharwad,Cucumber,Zaid,5.2,237.6,32.2,41.6,6.1,6.98,38.2,110,53,47,Tube Well,194,2,83,4.34,23.96,13623,362553,326407,-36146,7451.6,5.82,34.5
FARM_4726,Tamil Nadu,Tiruchirappalli,Muskmelon,Zaid,6,352.8,30.7,56.2,8.9,7.09,20.8,82,46,58,Canal,189,2.9,90,4.7,29.45,14260,374392,419957,45565,6422.4,7.32,34.9
FARM_4727,Gujarat,Vadodara,Fodder,Zaid,10.2,241.9,28.4,42.9,8.5,7.32,39.6,134,30,54,Tube Well,171,4,85,5.4,49.46,14092,748199,696990,-51209,6942.9,7.78,24.7
FARM_4728,Karnataka,Shimoga,Watermelon,Zaid,9.6,234.1,33.6,55.5,5.8,6.81,39.1,118,77,46,Rainfed,178,2.7,79,3.61,36.94,13289,595849,490896,-104953,5967.2,6.05,51.9
FARM_4729,Karnataka,Belagavi,Muskmelon,Zaid,8.9,299.9,31.6,45.3,6.3,6.77,30.4,124,71,43,Drip,219,1.6,86,5.65,45.79,13584,663760,622011,-41749,6886.4,8.2,41.2
FARM_4730,Karnataka,Dharwad,Moong,Zaid,6.5,319.9,29,45.1,7.4,6.77,33.7,114,67,54,Sprinkler,190,2.7,83,5.99,39.55,14482,549382,572763,23381,5994.3,9.99,29.6
FARM_4731,Punjab,Jalandhar,Muskmelon,Zaid,8.7,329.3,28.9,49.4,7.9,6.65,30.1,138,57,66,Tube Well,203,2,85,4.2,36.14,10450,477297,377663,-99634,6309,6.66,38.1
FARM_4732,Tamil Nadu,Thanjavur,Watermelon,Zaid,5.8,266.6,31.1,58.5,8.2,7.45,29.8,98,48,50,Canal,151,1.3,73,5.45,32.34,13754,443025,444804,1779,5476.3,9.95,32.1
FARM_4733,Madhya Pradesh,Bhopal,Moong,Zaid,8,274.2,30.1,55.2,8.6,6.9,31.8,134,44,34,Rainfed,158,2.2,76,4.15,33.96,12086,444456,410441,-34015,5794.9,7.16,40
FARM_4734,Karnataka,Raichur,Watermelon,Zaid,9.5,300,27.9,28.6,4.2,5.76,43.5,106,39,54,Drip,156,3,81,6.07,59.8,14951,923613,894070,-29543,6236.6,9.73,33.8
FARM_4735,Gujarat,Surat,Watermelon,Zaid,8.6,291.4,26,62.4,8.8,6.15,38.7,111,71,61,Rainfed,207,3,76,4.91,41.93,14246,631932,597335,-34597,6487.9,7.57,39.4
FARM_4736,Gujarat,Rajkot,Cucumber,Zaid,4.3,257.9,28.6,59.5,9.1,7.27,23.8,122,71,40,Canal,141,2.3,86,4,16.89,11987,229472,202460,-27012,5288.4,7.56,26.5
FARM_4737,Uttar Pradesh,Varanasi,Watermelon,Zaid,8.6,369.1,33,66.5,8.1,6.89,42.5,96,66,51,Canal,126,2,81,4.69,41.81,14174,628759,592615,-36144,7974.4,5.88,34.5
FARM_4738,Tamil Nadu,Coimbatore,Muskmelon,Zaid,8.1,277.5,28.1,46.8,7.5,7.25,33.2,111,55,38,Canal,174,2.3,84,4.71,39.17,13040,526314,510777,-15537,5995,7.86,39.6
FARM_4739,Madhya Pradesh,Ujjain,Moong,Zaid,11.1,309.4,31.1,58,8,6.76,24,65,70,42,Tube Well,180,2,92,5.4,56.87,13148,820984,747727,-73257,6555.4,8.24,30.1
FARM_4740,Uttar Pradesh,Meerut,Muskmelon,Zaid,10.1,286.3,30.4,59.9,8.1,6.61,32.6,86,64,57,Rainfed,206,2.6,85,4.84,43.7,14205,613903,620759,6856,6187.6,7.82,34.3
FARM_4741,Uttar Pradesh,Varanasi,Fodder,Zaid,10.5,260.9,31,59.4,8.2,6.85,35.9,126,49,44,Drip,166,1,78,3.96,41.1,12815,617925,526697,-91228,4806.9,8.24,27.4
FARM_4742,Uttar Pradesh,Agra,Muskmelon,Zaid,7.3,309.2,34.6,45.3,8.8,7.65,32.8,131,62,41,Drip,153,1.8,80,5.4,36.05,12482,481845,449976,-31869,7820.7,6.9,34.5
FARM_4743,Karnataka,Mysuru,Moong,Zaid,10.8,223.3,29.5,45.6,5.8,6.99,16.2,101,72,48,Rainfed,208,2.9,83,4.93,56.47,14111,821232,796848,-24384,6562.9,7.51,41.7
FARM_4744,Punjab,Bathinda,Moong,Zaid,8.8,315.2,31.3,50.5,5.7,6.59,41.6,144,40,43,Tube Well,165,2.8,78,4.41,38.21,14030,497519,536086,38567,5284.1,8.35,36.1
FARM_4745,Andhra Pradesh,Anantapur,Moong,Zaid,10.2,339.8,27,47,9.5,7.03,33.9,137,45,49,Rainfed,186,1.9,63,4.01,44.41,12821,653759,569381,-84378,7271.8,5.51,46.8
FARM_4746,Telangana,Rangareddy,Moong,Zaid,7.7,248.8,29.8,50.1,6.5,6.65,34.1,128,41,45,Rainfed,182,3.4,84,4.4,33.58,14781,416840,496346,79506,6532.4,6.74,46.2
FARM_4747,Gujarat,Surat,Fodder,Zaid,8.8,302.6,30.5,55.1,6.7,7.18,36.6,140,50,29,Drip,230,3.7,86,5.47,52.1,16073,689294,837403,148109,6660.7,8.21,47.9
FARM_4748,Tamil Nadu,Coimbatore,Watermelon,Zaid,5.6,290.4,35.7,38,7.9,7.12,44.6,114,60,44,Canal,205,2,77,4.82,26.36,14201,349980,374338,24358,6410.1,7.52,33.5
FARM_4749,Madhya Pradesh,Ujjain,Fodder,Zaid,11.6,313.1,29.3,58.7,7.4,7.03,39.2,96,65,78,Tube Well,205,3.4,76,5.17,62.95,13307,900457,837676,-62781,5566.1,9.29,33.8
FARM_4750,Andhra Pradesh,Anantapur,Fodder,Zaid,6.6,288.7,32.5,54.1,7.9,6.8,29.6,99,68,41,Rainfed,181,2.5,92,5.38,32.88,12958,457162,426059,-31103,5081.4,10.59,35.5
FARM_4751,Tamil Nadu,Salem,Fodder,Zaid,7.5,283.2,34.9,53.4,6.1,7.29,35,121,55,41,Tube Well,184,2.4,83,4.79,35.3,10304,539649,363731,-175918,5358.9,8.94,39.9
FARM_4752,Madhya Pradesh,Indore,Moong,Zaid,6.4,226.2,27.5,51.1,7.6,6.47,52.7,145,74,59,Canal,180,2.1,81,3.72,25.86,12782,330512,330543,31,6825.5,5.45,34
FARM_4753,Madhya Pradesh,Jabalpur,Moong,Zaid,6.7,350.4,26.3,54.2,7.2,7.01,24.4,129,64,51,Tube Well,243,2.1,84,3.96,26.01,12533,318017,325983,7966,5754.3,6.88,41.1
FARM_4754,Punjab,Jalandhar,Moong,Zaid,4.7,327,28.2,42.1,7.3,7.27,33.7,124,49,60,Sprinkler,160,3.1,75,5.37,23.99,13345,310639,320147,9508,6205.9,8.65,34.7
FARM_4755,Punjab,Amritsar,Watermelon,Zaid,8.7,262.9,34.3,51.4,8,5.94,43.2,160,77,57,Rainfed,182,2.1,77,5.36,44.3,15426,591968,683372,91404,7269.9,7.37,37.3
FARM_4756,Haryana,Hisar,Watermelon,Zaid,7.3,265.8,27.3,50,5.8,6.76,42.6,138,41,66,Rainfed,166,2.5,82,4.57,33.09,12175,528059,402871,-125188,5757.6,7.94,36.7
FARM_4757,Maharashtra,Nashik,Fodder,Zaid,7.9,281.3,34.1,59.3,7.7,6.97,30.3,123,64,58,Tube Well,232,2.6,82,4.09,32.19,13130,452485,422655,-29830,5819.8,7.03,39.9
FARM_4758,Tamil Nadu,Salem,Muskmelon,Zaid,10.7,294.4,30.1,57.7,8.4,7.14,24.9,79,75,42,Canal,163,2.1,84,3.78,42.86,14709,685302,630428,-54874,7112.1,5.31,28.2
FARM_4759,Telangana,Medak,Cucumber,Zaid,10.8,319.8,30.6,59.6,6.7,6.97,41.6,101,28,47,Drip,147,3.2,86,3.96,42.81,14771,575205,632347,57142,6204.2,6.38,36.7
FARM_4760,Punjab,Bathinda,Moong,Zaid,9.5,356.9,26.1,55.5,7.1,6.78,34.8,144,59,52,Tube Well,206,2.7,80,5.12,50.95,12011,711201,611960,-99241,6089.5,8.41,32.5
FARM_4761,Andhra Pradesh,Guntur,Fodder,Zaid,9,222.6,29.3,55.3,8.1,6.14,30.7,125,48,49,Tube Well,186,2.1,79,5.58,51.54,13916,802164,717231,-84933,6500.1,8.58,44.8
FARM_4762,Gujarat,Ahmedabad,Fodder,Zaid,11.5,237.3,33.4,52.3,9,6.88,22.5,126,44,49,Tube Well,211,2.7,88,5.45,64.47,16271,889710,1048991,159281,7042.4,7.74,29.7
FARM_4763,Uttar Pradesh,Meerut,Fodder,Zaid,6.9,318.4,33.7,40.1,9.3,6.66,36.3,121,39,29,Canal,194,2.3,82,4.93,34.11,13378,473509,456324,-17185,6230.3,7.91,49.6
FARM_4764,Karnataka,Mysuru,Moong,Zaid,9.7,312.1,26.2,56.8,6.5,6.65,36.8,102,51,23,Rainfed,188,2.4,87,4.61,42.73,14276,585726,610013,24287,5516.6,8.36,30.3
FARM_4765,Maharashtra,Nashik,Fodder,Zaid,9.2,296.3,34.7,54.6,6.9,6.96,43.5,121,50,50,Canal,229,2.2,84,4.39,38.85,16335,500986,634615,133629,6248.7,7.03,37.2
FARM_4766,Telangana,Nalgonda,Moong,Zaid,9.8,283,29,48.6,7.4,7.18,42.9,161,61,64,Canal,182,2.6,89,2.14,20.33,12778,302048,259777,-42271,5958.8,3.59,41.9
FARM_4767,Maharashtra,Aurangabad,Fodder,Zaid,7.8,240.6,36.1,41.1,7.6,6.42,35.4,129,40,59,Canal,179,1.6,76,3.24,28,14442,414490,404376,-10114,5666.7,5.72,29.8
FARM_4768,Andhra Pradesh,Chittoor,Fodder,Zaid,6.3,289.1,30.1,63.5,6.8,7.25,35.9,138,72,60,Drip,200,2.7,83,4.55,27.24,14539,421045,396042,-25003,6612.6,6.88,41.7
FARM_4769,Andhra Pradesh,Guntur,Fodder,Zaid,8.8,254.2,28.5,45,7.2,7.36,44.5,134,67,40,Canal,191,1.8,83,5.09,44.9,16225,680469,728503,48034,6633.1,7.67,34.7
FARM_4770,Karnataka,Shimoga,Watermelon,Zaid,9.2,267.4,28.1,51.3,9.2,7.35,34.1,112,67,59,Drip,140,2.8,78,6,54.85,14029,777748,769491,-8257,6815.2,8.8,41.5
FARM_4771,Maharashtra,Aurangabad,Muskmelon,Zaid,6.8,277.7,31.5,60.8,6.1,5.96,24.8,122,61,36,Canal,165,2.6,83,3.78,25.22,15883,349666,400569,50903,7002.1,5.4,42.6
FARM_4772,Madhya Pradesh,Jabalpur,Muskmelon,Zaid,6.1,263.1,27.6,53.3,7.8,7.06,30.8,139,49,59,Rainfed,244,2.7,80,5.44,33.96,15509,467375,526686,59311,7569.9,7.19,50.2
FARM_4773,Tamil Nadu,Coimbatore,Fodder,Zaid,10.8,297.1,30.1,45.4,8,7,35.4,121,71,52,Tube Well,193,1.9,86,4.06,43.82,12501,583898,547794,-36104,5304.4,7.65,29.3
FARM_4774,Telangana,Rangareddy,Moong,Zaid,7.7,276.4,27.2,60,5,7.03,40.5,94,76,35,Rainfed,171,2.7,76,5.92,45.73,11625,735191,531611,-203580,5265.4,11.24,25.6
FARM_4775,Uttar Pradesh,Varanasi,Fodder,Zaid,10.6,293.4,27.3,32.6,8.8,6.04,40.8,132,66,51,Rainfed,273,3.3,84,4.6,44.4,12634,645186,560950,-84236,5446.3,8.45,29.7
FARM_4776,Madhya Pradesh,Gwalior,Cucumber,Zaid,7.1,310.4,34,51.2,8.6,7.07,15.1,113,63,38,Rainfed,193,1.5,80,4.57,33.56,14217,450810,477123,26313,6184.5,7.39,38.8
FARM_4777,Uttar Pradesh,Varanasi,Muskmelon,Zaid,7.1,276.3,31.3,50.3,8.3,5.82,43.7,100,56,27,Tube Well,126,2.1,88,4.45,30.86,12114,468484,373838,-94646,6307.9,7.05,37.9
FARM_4778,Gujarat,Vadodara,Muskmelon,Zaid,10.1,295.3,27.7,60.8,6.8,6.44,39.2,104,54,51,Canal,148,1.7,66,5.24,51.86,13238,681256,686523,5267,5556.6,9.43,43.8
FARM_4779,Madhya Pradesh,Jabalpur,Fodder,Zaid,10,229.3,32.1,56.6,7.2,6.59,38.3,127,40,41,Tube Well,169,2.2,82,3.28,31.1,15331,466618,476794,10176,6945.9,4.72,39.2
FARM_4780,Tamil Nadu,Salem,Watermelon,Zaid,6.2,372.4,28.1,55.9,5.6,6.86,43.2,130,63,51,Tube Well,189,2.2,74,3.85,25.33,14818,357616,375340,17724,6685.1,5.76,42.1
FARM_4781,Haryana,Rohtak,Cucumber,Zaid,5.3,317.1,34.5,58,6.8,7.03,26.9,116,59,26,Tube Well,216,3,73,4.14,23.42,13094,310871,306661,-4210,6007.1,6.89,49.8
FARM_4782,Madhya Pradesh,Bhopal,Moong,Zaid,7.5,368.8,33.6,58,7.2,7.04,33.2,108,51,48,Drip,134,2.9,81,4.67,35.63,14383,524908,512466,-12442,6782.8,6.89,44.5
FARM_4783,Tamil Nadu,Thanjavur,Fodder,Zaid,5.7,245.9,31,64.5,7.6,6.75,20.7,152,66,51,Tube Well,204,1.9,77,5.08,28.09,12709,364443,356996,-7447,6446.6,7.88,40.3
FARM_4784,Uttar Pradesh,Lucknow,Watermelon,Zaid,9.2,332.7,29.5,43.5,6.7,7.18,43.8,155,43,48,Drip,144,2,80,3.62,32.64,11807,453108,385380,-67728,6322.9,5.73,33.4
FARM_4785,Punjab,Bathinda,Watermelon,Zaid,7.5,332.3,29,41.1,6.4,6.95,43.1,118,60,47,Sprinkler,190,2.3,84,4.64,35.25,15215,555671,536329,-19342,5802.4,8,27.9
FARM_4786,Punjab,Bathinda,Moong,Zaid,10.1,305.1,30.6,54.2,6.2,7.09,27.1,114,68,39,Drip,186,1.4,87,4.4,41.08,14633,566175,601124,34949,5972.7,7.37,34.6
FARM_4787,Karnataka,Raichur,Watermelon,Zaid,8.4,228,31.3,63.6,4.4,7.43,40.3,111,52,37,Rainfed,174,2.5,81,4.55,37.42,12835,502046,480286,-21760,4522.7,10.06,31.8
FARM_4788,Tamil Nadu,Salem,Muskmelon,Zaid,5.3,385.3,28.5,56.2,6.5,7.25,30.7,108,44,49,Canal,214,1.6,88,3.95,21.99,14159,346146,311356,-34790,6973.1,5.66,41
FARM_4789,Maharashtra,Nagpur,Watermelon,Zaid,8.5,261.4,30.9,57.8,7.8,6.26,27.1,138,61,52,Rainfed,174,3.2,84,4.14,33.64,11677,477067,392814,-84253,5616.8,7.37,43.7
FARM_4790,Maharashtra,Pune,Moong,Zaid,9.9,356.2,32.1,62.5,7.4,6.7,29,129,53,53,Drip,210,1.7,86,4.86,42.48,14160,580600,601517,20917,5716.9,8.5,37.1
FARM_4791,Telangana,Medak,Fodder,Zaid,6.6,216.8,27.9,57.3,6.9,6.45,28,136,53,42,Drip,171,1.9,88,4.92,34.24,14290,485242,489290,4048,7538.5,6.53,32.4
FARM_4792,Andhra Pradesh,Krishna,Moong,Zaid,9.2,331.8,32.3,56.8,6.4,7.14,35,83,43,56,Tube Well,194,1.4,83,4.7,45.2,14280,611554,645456,33902,5898.5,7.97,49.1
FARM_4793,Tamil Nadu,Salem,Fodder,Zaid,7.2,336.3,30.2,63.3,7.3,6.17,51.7,89,53,62,Canal,199,2.7,88,4.33,29.28,14896,415085,436155,21070,6540.3,6.62,34.8
FARM_4794,Punjab,Amritsar,Muskmelon,Zaid,8.2,282.6,31.2,56.5,8.9,6.25,33.2,120,42,60,Rainfed,190,2.2,79,5.46,43.62,13624,584030,594279,10249,6667.6,8.19,39.3
FARM_4795,Madhya Pradesh,Indore,Fodder,Zaid,8.1,299.2,34.2,62.5,6.2,6.83,44.7,85,79,43,Tube Well,167,2.7,75,4.48,35.36,15454,503774,546453,42679,6601.2,6.79,34.5
FARM_4796,Andhra Pradesh,Anantapur,Cucumber,Zaid,10.5,262.9,28.5,55.5,7.4,7.07,25.4,137,50,40,Canal,135,2.6,79,4.96,58.3,14681,755361,855902,100541,7555,6.57,41.9
FARM_4797,Gujarat,Rajkot,Fodder,Zaid,8.4,403.1,36.9,56.9,6.4,6.78,35.8,97,77,46,Tube Well,242,2,98,4.33,37.44,13087,546453,489977,-56476,5478.6,7.9,37.9
FARM_4798,Gujarat,Surat,Cucumber,Zaid,6.6,240.7,33,39.4,7.4,6.8,22.2,87,77,42,Rainfed,217,1.8,88,2.97,21.52,15178,268099,326631,58532,6259.7,4.74,25.6
FARM_4799,Gujarat,Surat,Moong,Zaid,8.6,332.7,34.1,57,5.1,6.78,32.5,99,63,50,Drip,197,2.3,98,4.07,33.86,12314,451973,416952,-35021,6602.5,6.16,17.5
FARM_4800,Telangana,Nalgonda,Fodder,Zaid,10.2,284.5,30,57.8,7.5,6.93,27.1,92,59,39,Canal,197,3.5,87,4.59,45.94,13574,677532,623590,-53942,7188.8,6.38,39.1
FARM_4801,Madhya Pradesh,Ujjain,Cucumber,Zaid,7.4,300.7,30.6,48.3,6.2,7.45,31.4,133,65,37,Rainfed,213,3.1,88,4.25,26.76,13115,364383,350957,-13426,5839.1,7.28,37.9
FARM_4802,Punjab,Jalandhar,Muskmelon,Zaid,7.8,316.2,34.6,57.2,8.6,6.11,37.1,113,59,28,Tube Well,232,2.4,84,4.05,31.24,14985,405501,468131,62630,5725.7,7.07,38.2
FARM_4803,Karnataka,Mysuru,Muskmelon,Zaid,11.9,293.1,30.9,48.9,8.4,7.12,38.1,153,70,50,Drip,168,1.7,89,5.41,65.72,13775,852988,905293,52305,5787.5,9.35,42.9
FARM_4804,Telangana,Sangareddy,Moong,Zaid,10.3,301.7,30.6,43.6,6.5,7.31,30,124,32,23,Drip,221,3.1,96,4.74,47.35,14373,673571,680562,6991,5862.3,8.09,51.2
FARM_4805,Punjab,Patiala,Moong,Zaid,7.3,242.6,30,55.6,7,7.27,28.7,109,72,30,Drip,172,2.5,76,4.96,37.79,14765,555379,557969,2590,7470.7,6.64,37.4
FARM_4806,Gujarat,Ahmedabad,Fodder,Zaid,5.4,346.6,32.3,56.9,7.2,6.55,29.6,138,59,48,Tube Well,184,2.8,91,4.46,22.33,16075,347056,358955,11899,7690.9,5.8,24.2
FARM_4807,Gujarat,Vadodara,Cucumber,Zaid,7.3,203.2,33,40.2,7.9,6.46,37.4,76,50,30,Rainfed,165,1.3,84,4.27,33.13,13805,585595,457360,-128235,6095,7.01,24
FARM_4808,Tamil Nadu,Madurai,Fodder,Zaid,7.3,293.4,26.9,65.1,7,6.77,26,169,61,54,Drip,191,2.5,83,3.57,25.39,15474,387509,392885,5376,6130.3,5.82,60.5
FARM_4809,Madhya Pradesh,Gwalior,Cucumber,Zaid,7.5,335.1,31.2,62.3,7.3,7.45,32.2,92,41,51,Drip,218,2.9,88,3.76,29.52,15170,406697,447818,41121,6150.8,6.11,42.7
FARM_4810,Punjab,Bathinda,Muskmelon,Zaid,4.6,320.1,31.8,37.6,5.2,7.17,25.1,116,39,27,Canal,172,2.8,88,4.36,19.69,13218,285350,260262,-25088,5683,7.67,31.3
FARM_4811,Telangana,Nalgonda,Fodder,Zaid,10.3,183.4,28.1,63.6,6.2,6.82,27.5,107,58,26,Canal,225,3.8,94,8.19,77.84,13202,1095109,1027644,-67465,6486.9,12.63,43.6
FARM_4812,Haryana,Kurukshetra,Watermelon,Zaid,12.8,298.5,30.9,62.8,8.2,6.97,41.9,144,47,71,Sprinkler,206,2.4,82,4.44,55.93,11670,765836,652703,-113133,6685.8,6.64,38
FARM_4813,Maharashtra,Pune,Muskmelon,Zaid,7.8,348.6,28.5,51.9,6.9,6.73,38.6,133,56,41,Drip,147,2.3,61,3.4,25.42,14747,345478,374869,29391,6546,5.19,41.8
FARM_4814,Uttar Pradesh,Meerut,Muskmelon,Zaid,8,350.3,31.4,53.5,8.1,7,50.6,121,42,58,Sprinkler,162,2.6,77,3.68,31.99,12909,458095,412959,-45136,6171.9,5.96,39.1
FARM_4815,Telangana,Sangareddy,Moong,Zaid,4.2,365.6,32.4,48.3,6.1,6.44,17.7,116,48,54,Drip,234,2.3,86,4.25,19.52,12290,285354,239901,-45453,5289.8,8.03,33.4
FARM_4816,Karnataka,Raichur,Moong,Zaid,6.5,295.3,30.2,58.8,7.1,6.75,22.1,140,56,52,Sprinkler,214,2.5,84,4.71,28.46,13302,394755,378575,-16180,6433.9,7.32,35
FARM_4817,Telangana,Sangareddy,Muskmelon,Zaid,7.8,282.3,30.8,66.6,5.3,6.99,38.7,114,43,42,Rainfed,197,2.1,85,5.19,41.82,15190,545990,635246,89256,6711,7.73,32.8
FARM_4818,Telangana,Medak,Moong,Zaid,5.8,275.3,31.1,50,7.2,7.41,39.3,109,66,54,Tube Well,187,3.2,80,3.83,22.42,12193,313093,273367,-39726,5642.2,6.79,29.6
FARM_4819,Madhya Pradesh,Gwalior,Watermelon,Zaid,8.4,407.1,32.3,52.5,6.7,6.53,37.7,117,51,41,Sprinkler,148,2.7,82,6.01,52.46,14066,777236,737902,-39334,6888.6,8.72,36.8
FARM_4820,Tamil Nadu,Salem,Fodder,Zaid,9.6,278.8,29.8,49.8,4.9,6.4,36.2,140,43,38,Sprinkler,192,3.1,93,3.82,36.64,13305,514165,487495,-26670,7660.5,4.99,40.5
FARM_4821,Uttar Pradesh,Varanasi,Muskmelon,Zaid,7.4,381.3,32.1,45.7,7.2,6.91,30.5,164,50,53,Tube Well,199,3.2,76,4.61,34.79,12050,502233,419220,-83013,6927.7,6.65,31.4
FARM_4822,Andhra Pradesh,Guntur,Fodder,Zaid,5.3,278,28.1,63.2,7.1,6.53,41.6,142,64,54,Tube Well,179,2.3,76,4.69,25.86,12908,371126,333801,-37325,6310.4,7.43,40.1
FARM_4823,Telangana,Warangal,Watermelon,Zaid,8.4,277.7,33.4,40.5,5.7,6.83,21.3,97,67,68,Canal,206,2.8,77,4.57,36.26,14929,463849,541326,77477,6133.4,7.45,40.8
FARM_4824,Punjab,Jalandhar,Fodder,Zaid,8.8,411.9,25.7,61.4,6.8,6.73,31.5,128,69,20,Canal,171,2.2,82,5.53,52.9,12427,691091,657388,-33703,8503.8,6.5,39.5
FARM_4825,Andhra Pradesh,Krishna,Muskmelon,Zaid,5.5,296.3,31.5,56.7,6.6,6.6,24.3,136,64,37,Rainfed,158,2.7,93,3.88,23.55,15229,340683,358643,17960,5419.2,7.16,45.5
FARM_4826,Maharashtra,Nagpur,Moong,Zaid,5.1,313.7,32.1,53.4,9.3,6.34,36.4,117,55,45,Rainfed,183,3,87,5.39,28.62,15693,452966,449134,-3832,5802.7,9.29,44.7
FARM_4827,Gujarat,Ahmedabad,Watermelon,Zaid,5.7,325.6,32.6,32.7,7.1,6.37,43.6,139,71,47,Drip,214,2.5,82,5.01,27.08,13865,382428,375464,-6964,4927.7,10.17,31.9
FARM_4828,Uttar Pradesh,Meerut,Fodder,Zaid,8.1,237,29.4,50.3,9.8,6.74,32.4,132,48,44,Tube Well,173,2.3,88,5.84,49.2,13671,673789,672613,-1176,7119.5,8.2,41.1
FARM_4829,Karnataka,Raichur,Fodder,Zaid,9.7,313.9,33,42.1,7.8,7.07,51.9,108,65,55,Canal,204,1.3,80,4.65,42,14600,651280,613200,-38080,7131.8,6.52,38.3
FARM_4830,Uttar Pradesh,Meerut,Muskmelon,Zaid,9.9,297,31.3,56.4,6.1,6.74,29.9,107,55,24,Tube Well,172,2.6,84,4.97,49.43,12733,854860,629392,-225468,7613.3,6.53,40.1
FARM_4831,Haryana,Kurukshetra,Watermelon,Zaid,5.4,274.6,31.9,59.3,5.9,6.9,36.2,146,57,29,Rainfed,123,0.6,82,5.83,31.44,13118,428447,412430,-16017,6287.7,9.27,38.1
FARM_4832,Telangana,Medak,Muskmelon,Zaid,8.7,319.4,31,51.8,6.8,6.73,44.1,140,43,25,Tube Well,228,2.9,85,3.51,28.77,13204,408500,379879,-28621,6488.3,5.41,39
FARM_4833,Andhra Pradesh,Chittoor,Cucumber,Zaid,6.5,319.7,33.8,56.7,7.1,7.24,34.8,129,40,60,Canal,217,2.5,83,5.29,34.25,13732,419911,470321,50410,6284.5,8.42,38.4
FARM_4834,Maharashtra,Aurangabad,Muskmelon,Zaid,12,215.8,29.1,69.3,7.2,6.59,30.1,135,72,41,Tube Well,253,1.5,81,4.35,52.16,15168,768761,791163,22402,7147.5,6.09,40.5
FARM_4835,Tamil Nadu,Salem,Watermelon,Zaid,8.8,293.4,30.6,38.5,6.8,5.58,21.2,129,49,49,Rainfed,142,2.5,79,4.91,47.66,14967,657324,713327,56003,6217.1,7.9,42.9
FARM_4836,Punjab,Patiala,Watermelon,Zaid,7.7,415.4,31.6,51.9,6.3,6.95,32.7,116,54,40,Drip,151,2.6,81,4.41,35.42,13872,496607,491346,-5261,6712.8,6.57,34.5
FARM_4837,Andhra Pradesh,Chittoor,Cucumber,Zaid,9.2,235.2,30.1,39.4,8.3,6.88,42,131,44,42,Canal,193,2.4,82,3.37,30.08,12084,496153,363487,-132666,6595.9,5.11,25.4
FARM_4838,Maharashtra,Aurangabad,Fodder,Zaid,8.9,353.6,26.2,65.5,8.6,6.88,44.9,130,75,30,Canal,174,2.2,75,4.15,36.54,12877,566141,470526,-95615,7356,5.64,42.8
FARM_4839,Punjab,Bathinda,Muskmelon,Zaid,11.3,303.8,30.2,57.8,7.5,6.7,37.1,121,79,30,Drip,131,3.2,85,3.63,43.21,15040,570761,649878,79117,5998,6.05,53
FARM_4840,Haryana,Karnal,Cucumber,Zaid,6.7,281.4,28.1,47.2,6.7,7.18,28,80,36,38,Canal,109,2.5,83,4.06,27.37,15105,391618,413424,21806,6920.8,5.87,58.7
FARM_4841,Madhya Pradesh,Indore,Muskmelon,Zaid,6.3,318.4,33.1,42.3,7.1,6.47,51,160,76,62,Tube Well,198,1.3,77,3.63,24.16,10986,350226,265422,-84804,6714.7,5.41,42.8
FARM_4842,Karnataka,Shimoga,Moong,Zaid,8.4,270.9,32.8,49.8,8.1,6.83,20,121,43,42,Sprinkler,192,2.7,68,4.31,36.09,14896,536140,537597,1457,5832.1,7.39,33.4
FARM_4843,Madhya Pradesh,Bhopal,Moong,Zaid,5.7,274.3,28.2,50,8.9,6.53,35,121,48,58,Drip,195,3.7,80,3.61,20.61,13836,303975,285160,-18815,8432.8,4.28,49
FARM_4844,Punjab,Bathinda,Cucumber,Zaid,7.5,298,26.3,53.8,8.7,7.1,27.6,120,47,41,Canal,188,2.3,84,3.9,27.83,15461,377285,430280,52995,6450.8,6.05,32.5
FARM_4845,Madhya Pradesh,Gwalior,Watermelon,Zaid,9,316.4,28.4,52.5,8.4,6.94,40.5,112,35,32,Rainfed,175,1.8,69,4.25,38.51,13734,548141,528896,-19245,6048.5,7.03,50.2
FARM_4846,Andhra Pradesh,Chittoor,Cucumber,Zaid,8.2,286.5,31.5,60.3,8.3,6.35,36.8,141,48,55,Rainfed,231,2.4,82,4.33,37.57,13188,503796,495473,-8323,7146.8,6.06,42.3
FARM_4847,Tamil Nadu,Tiruchirappalli,Muskmelon,Zaid,10.4,294.1,32.9,51,8.3,6.37,27.8,105,44,36,Drip,172,1.3,89,4.71,48.86,12940,649400,632248,-17152,5506.6,8.55,28.2
FARM_4848,Punjab,Jalandhar,Cucumber,Zaid,6.3,304.8,31,31.2,4,6.49,27.2,163,56,44,Drip,145,2.9,80,4.89,30.51,13775,439390,420275,-19115,7000.4,6.99,43.8
FARM_4849,Maharashtra,Nashik,Muskmelon,Zaid,8.1,282.6,31.1,50,7.3,6.14,17.3,98,58,31,Sprinkler,134,2.7,83,4.32,33.62,13156,438657,442305,3648,5363.8,8.05,32.3
FARM_4850,Telangana,Sangareddy,Fodder,Zaid,6.7,383.4,31,49.5,6.2,7.27,34.6,120,53,49,Sprinkler,153,2.6,82,4.45,30.64,13933,447770,426907,-20863,6259.4,7.11,26.3
FARM_4851,Gujarat,Junagadh,Moong,Zaid,7.7,274.8,32.8,40.2,6.6,6.09,26.6,121,38,35,Sprinkler,196,2.8,78,4.52,37.81,12706,499548,480414,-19134,5569.4,8.12,23.3
FARM_4852,Telangana,Sangareddy,Watermelon,Zaid,6.1,304.1,26.7,35.3,7.3,6.89,19.1,94,56,34,Tube Well,148,2.9,77,5.28,33.74,13923,445358,469762,24404,5527.2,9.55,27
FARM_4853,Telangana,Rangareddy,Moong,Zaid,9.7,378.5,29.4,52.8,5.9,7.73,15,146,46,40,Canal,176,2.9,86,3.97,41.14,13580,649211,558681,-90530,6375.4,6.23,34.5
FARM_4854,Maharashtra,Nagpur,Muskmelon,Zaid,12.5,204.8,27,46.8,8,6.35,32.5,88,51,49,Rainfed,211,1.8,84,4.48,57.03,13406,864689,764544,-100145,5535,8.09,39.1
FARM_4855,Telangana,Warangal,Cucumber,Zaid,8.2,195.3,29,44.9,5.9,6.78,34.2,151,62,48,Tube Well,169,3.3,75,3.87,33.38,12840,446449,428599,-17850,5961.9,6.49,38.6
FARM_4856,Gujarat,Ahmedabad,Fodder,Zaid,10.2,289.9,31.4,45,7.7,6.99,26.1,113,44,50,Rainfed,243,2,85,1.55,15.03,14930,211844,224398,12554,6471.3,2.4,35.5
FARM_4857,Madhya Pradesh,Ujjain,Fodder,Zaid,6.4,360.6,33.6,44.6,6.6,6.82,36.6,122,54,50,Sprinkler,172,3,76,4.98,31.97,13867,473877,443328,-30549,6228.7,8,22.9
FARM_4858,Haryana,Ambala,Watermelon,Zaid,7.4,319.7,34,56.3,8.4,6.89,37.8,115,65,41,Rainfed,224,3.8,88,3.99,27.05,13156,406293,355870,-50423,5205.4,7.67,29
FARM_4859,Uttar Pradesh,Lucknow,Muskmelon,Zaid,7.6,287,30.7,47.7,4,6.57,36,156,54,44,Drip,156,1.8,77,2.69,20.37,14476,273781,294876,21095,4848.2,5.55,42.5
FARM_4860,Karnataka,Mysuru,Watermelon,Zaid,8.4,220,31.6,52.4,7.4,6.5,26.2,178,39,54,Canal,137,2.2,82,5.44,45.2,15576,618574,704035,85461,4962.8,10.96,47.2
FARM_4861,Uttar Pradesh,Varanasi,Cucumber,Zaid,7.3,378.2,32.6,43.2,6.5,6.42,40.9,88,68,54,Sprinkler,184,2.4,92,5.27,37.96,10234,505473,388483,-116990,6596.4,7.99,24.8
FARM_4862,Maharashtra,Solapur,Moong,Zaid,7.3,332.8,34.7,42.4,7.5,7.01,33.3,117,32,54,Rainfed,166,2.3,87,5.12,37.02,13703,472981,507285,34304,6720.6,7.62,40.7
FARM_4863,Maharashtra,Pune,Watermelon,Zaid,11.1,369.6,30.9,49,6.7,6.66,39.2,91,78,51,Drip,201,1.5,83,5.18,56.08,15424,891862,864978,-26884,6265.4,8.27,43
FARM_4864,Telangana,Nalgonda,Cucumber,Zaid,9.5,285.8,29.6,62.5,8.1,6.83,24.9,118,44,39,Canal,181,3.4,81,3.85,34.57,14193,430920,490652,59732,6663.5,5.78,25.5
FARM_4865,Tamil Nadu,Salem,Fodder,Zaid,5.9,299.8,32.5,64.7,7.7,6.87,32.1,106,61,38,Rainfed,158,1.4,92,4.3,27.16,13538,329459,367692,38233,6487.8,6.63,40.7
FARM_4866,Maharashtra,Nashik,Watermelon,Zaid,11.2,236.1,28,45.5,8.1,6.61,28,126,54,45,Tube Well,199,2.2,80,3.92,44.79,13640,657617,610936,-46681,7436.5,5.27,31.3
FARM_4867,Maharashtra,Solapur,Watermelon,Zaid,10.1,155.8,31.4,55.5,7.3,7.21,40.7,137,41,55,Canal,162,1.9,80,3.87,35.92,14222,500236,510854,10618,6350,6.09,24.3
FARM_4868,Madhya Pradesh,Jabalpur,Moong,Zaid,6.3,283.5,26.2,53.4,8.9,6.88,32.8,104,64,45,Sprinkler,168,1.3,78,3.44,21.09,14788,300038,311879,11841,6886.2,5,35.4
FARM_4869,Karnataka,Mysuru,Cucumber,Zaid,6.5,295.5,30.2,35.6,7.7,6.67,22.3,117,34,51,Drip,133,2.8,74,4.51,29.38,15287,424643,449132,24489,5852.4,7.71,35.2
FARM_4870,Haryana,Kurukshetra,Moong,Zaid,6.4,309.5,29.8,56.1,7.9,6.73,35.2,137,72,58,Rainfed,151,2.9,69,3.9,23.98,14982,313540,359268,45728,7277,5.36,42.9
FARM_4871,Andhra Pradesh,Krishna,Moong,Zaid,9.8,365.2,32.1,50.2,6.8,6.68,43.5,93,41,40,Sprinkler,175,1.7,80,4.29,40.47,12765,617062,516600,-100462,6093.8,7.04,46.3
FARM_4872,Haryana,Ambala,Fodder,Zaid,6.6,303.5,30.6,48,9.9,7.05,25.7,83,45,36,Rainfed,161,2.3,88,4.88,28.91,14164,422381,409481,-12900,5302.6,9.2,30.7
FARM_4873,Karnataka,Dharwad,Muskmelon,Zaid,7.6,248.5,32.9,54.1,6.3,7.3,23.1,144,51,47,Drip,210,3.4,76,4.37,33.39,13328,506669,445022,-61647,7204.2,6.07,41.6
FARM_4874,Telangana,Nalgonda,Muskmelon,Zaid,6.9,293.6,30.4,57.6,7.6,7.12,29.5,124,42,59,Drip,177,3.6,79,3.34,22.63,12347,327887,279413,-48474,6954.4,4.8,40
FARM_4875,Andhra Pradesh,Anantapur,Cucumber,Zaid,5.9,308.7,32.5,47.2,8.5,6.81,34.3,104,49,40,Tube Well,205,2.7,84,4.03,24.38,13484,313064,328740,15676,5057.4,7.97,36.4
FARM_4876,Karnataka,Mysuru,Moong,Zaid,7.9,247,31,40,6.7,6.84,32,117,46,51,Tube Well,168,3.5,83,4.37,33.92,14875,473139,504560,31421,6903.2,6.33,38
FARM_4877,Karnataka,Shimoga,Moong,Zaid,6.1,267.9,29.1,55.5,8,7.46,37.7,83,66,43,Drip,129,2.4,88,4.64,29.24,15419,425142,450852,25710,6362.7,7.29,29.1
FARM_4878,Karnataka,Dharwad,Moong,Zaid,10.8,394.5,32.9,57,5.5,6.94,17.8,117,40,42,Drip,174,1.6,75,5.19,56.19,13886,697386,780254,82868,6275.7,8.27,29.1
FARM_4879,Gujarat,Surat,Fodder,Zaid,6.9,384.3,28.6,53.8,7.2,7.75,41.1,93,74,58,Drip,117,2.9,83,4.95,35.01,14200,520677,497142,-23535,7057,7.01,46
FARM_4880,Uttar Pradesh,Lucknow,Moong,Zaid,7.7,343.9,30.9,53.3,8,7.25,32.9,147,58,41,Tube Well,190,3.3,73,5.92,50.19,11883,762181,596408,-165773,7362.7,8.04,38.2
FARM_4881,Gujarat,Surat,Fodder,Zaid,7.9,363.8,35,46.5,6.2,6.84,47,78,59,53,Canal,226,2.1,85,3.24,23.73,15047,324214,357065,32851,7879.4,4.11,27.9
FARM_4882,Uttar Pradesh,Kanpur,Muskmelon,Zaid,7.3,247.6,32,56.8,6,6.58,34.1,113,38,54,Tube Well,182,2.1,85,3.6,26.02,14626,321486,380569,59083,5899.9,6.1,49.4
FARM_4883,Tamil Nadu,Madurai,Moong,Zaid,7.9,336.7,32.5,48,7.8,6.48,50.2,142,62,60,Sprinkler,191,1.5,82,4.35,35.44,11190,498358,396574,-101784,6394.7,6.8,30.5
FARM_4884,Maharashtra,Aurangabad,Fodder,Zaid,8.1,231.7,31.5,58,7.4,6.01,35.3,102,45,38,Rainfed,184,3.2,77,5.22,44.77,12817,627756,573817,-53939,7185.5,7.26,47.8
FARM_4885,Andhra Pradesh,Kurnool,Moong,Zaid,9.6,266.1,26.6,54.8,7.3,6.8,41.7,115,76,36,Tube Well,131,1.2,93,4.27,43.18,14101,582152,608881,26729,6180.3,6.91,34.6
FARM_4886,Gujarat,Rajkot,Muskmelon,Zaid,3.1,284.2,26.5,49.3,6.5,6.53,36.5,135,38,33,Sprinkler,155,1.4,93,4.98,15.49,14865,238383,230259,-8124,7130.2,6.98,35
FARM_4887,Telangana,Warangal,Moong,Zaid,8.2,360.4,30.6,47.6,6.6,6.85,31.3,84,39,48,Drip,230,3,92,4.63,39.45,14226,546578,561216,14638,4825.9,9.59,48.1
FARM_4888,Karnataka,Raichur,Watermelon,Zaid,7,365.3,32.4,39.1,5.2,6.85,36.9,115,75,52,Tube Well,180,2.7,88,4.9,37.34,14076,565512,525598,-39914,5917.5,8.28,44.3
FARM_4889,Maharashtra,Nashik,Moong,Zaid,5.4,258.1,32.7,44.3,6.8,6.85,43.8,147,47,47,Tube Well,180,1.7,87,5.43,28.14,15236,413426,428741,15315,7077.3,7.67,19.5
FARM_4890,Uttar Pradesh,Lucknow,Muskmelon,Zaid,7.8,328.4,27.5,47.5,5.5,6.94,27.3,106,64,49,Rainfed,203,1.4,93,5.57,42.68,16531,613679,705543,91864,5688.6,9.79,52.2
FARM_4891,Andhra Pradesh,Chittoor,Cucumber,Zaid,7.7,361.9,28.8,58.3,6.9,6.57,37.9,114,83,33,Tube Well,178,2.1,68,4.54,34.2,13947,462427,476987,14560,5680.6,7.99,40
FARM_4892,Andhra Pradesh,Krishna,Fodder,Zaid,8.9,234.9,27.5,42.6,8.3,7.43,33.2,120,45,56,Sprinkler,137,2.5,79,4.85,44.34,15009,635572,665499,29927,6542.7,7.41,34.4
FARM_4893,Andhra Pradesh,Chittoor,Moong,Zaid,9.5,401,31.9,40,7.5,7.45,42.8,141,42,42,Sprinkler,199,2.5,84,5.25,51.91,15367,744864,797701,52837,5262.3,9.98,36.6
FARM_4894,Maharashtra,Nagpur,Fodder,Zaid,6.8,212,32.1,53.9,7.1,7.14,20.8,126,57,48,Rainfed,110,2.4,93,4.66,31.7,15396,470616,488053,17437,7277,6.4,37.9
FARM_4895,Telangana,Warangal,Cucumber,Zaid,7,364.2,25.6,54.8,6.7,6.47,39.4,124,65,52,Sprinkler,161,2.9,85,4.69,31.53,15951,365466,502935,137469,6217.9,7.54,30.4
FARM_4896,Karnataka,Dharwad,Muskmelon,Zaid,8.3,310.7,26.2,57.5,8,7.53,23.7,91,52,48,Tube Well,129,2.5,84,4.2,37.31,13277,477014,495365,18351,5708.1,7.36,25.3
FARM_4897,Punjab,Patiala,Fodder,Zaid,9,263.4,33.3,64.7,7.3,6.18,44.7,136,56,39,Canal,206,2.8,80,4.26,34.71,15680,443444,544253,100809,4951.4,8.6,37.8
FARM_4898,Haryana,Hisar,Cucumber,Zaid,7.8,302.9,25.5,51.6,6.2,7.13,29.2,93,34,48,Tube Well,138,3.2,87,4.07,32.67,15202,505080,496649,-8431,6421.4,6.34,20.2
FARM_4899,Maharashtra,Nagpur,Muskmelon,Zaid,6.3,314.4,33.9,41.8,5.7,6.43,36.7,168,57,42,Canal,186,1.1,85,4.71,28.19,13626,385949,384117,-1832,6694.9,7.04,42.2
FARM_4900,Punjab,Ludhiana,Cucumber,Zaid,8.8,255.9,31.1,48.7,5.8,6.53,45.3,109,52,43,Rainfed,191,2.6,76,4.26,37.37,12519,556991,467835,-89156,7108.6,5.99,41
FARM_4901,Maharashtra,Aurangabad,Muskmelon,Zaid,8,203.7,28.2,49,7.3,6.26,41.3,120,71,47,Tube Well,167,2.9,84,5.9,46.09,14766,610108,680565,70457,7110,8.3,46.5
FARM_4902,Madhya Pradesh,Gwalior,Muskmelon,Zaid,9.2,310.1,33.9,39.9,6.2,6.55,23.5,117,52,38,Sprinkler,234,1.6,80,5.19,49.67,13437,719494,667416,-52078,4470.1,11.61,30
FARM_4903,Madhya Pradesh,Bhopal,Moong,Zaid,5.4,321.7,33.4,47,7.6,6.11,39.9,131,58,57,Sprinkler,204,1.9,91,4.2,23.96,12507,328097,299668,-28429,5127.1,8.19,22.5
FARM_4904,Madhya Pradesh,Gwalior,Watermelon,Zaid,8.8,303.2,28,43,7.8,7.12,39.5,123,45,47,Sprinkler,205,1.6,77,4.27,39.09,12220,570899,477680,-93219,6356.3,6.72,41.8
FARM_4905,Uttar Pradesh,Meerut,Fodder,Zaid,8.6,327.8,33.7,62.5,8.5,7.49,40.6,123,57,55,Drip,193,3.1,74,3.57,30.4,14144,444755,429978,-14777,5878.7,6.07,39.8
FARM_4906,Maharashtra,Nashik,Muskmelon,Zaid,8.3,329.9,31.9,44.1,6.8,6.91,34.7,109,44,45,Drip,153,1.5,86,4.73,40,15408,521863,616320,94457,6387.2,7.41,48.1
FARM_4907,Madhya Pradesh,Jabalpur,Watermelon,Zaid,7.8,321.5,25.2,45.2,8.1,6.37,31.7,99,55,53,Canal,175,1.8,77,5.35,39.48,14067,589076,555365,-33711,7044.9,7.59,44.7
FARM_4908,Madhya Pradesh,Indore,Fodder,Zaid,5.8,269,32.9,58.5,8.1,7.13,33.8,152,41,53,Rainfed,192,3.2,84,4.45,25.56,13486,373247,344702,-28545,5322.2,8.36,38.6
FARM_4909,Maharashtra,Nagpur,Watermelon,Zaid,9.7,239.4,31.1,48,8.6,6.85,27.7,83,48,58,Sprinkler,200,3.1,87,4.73,49.42,13927,572036,688272,116236,5591.3,8.46,47.8
FARM_4910,Andhra Pradesh,Kurnool,Fodder,Zaid,10.7,399.8,33,62.5,9.4,7.24,32.5,128,57,51,Sprinkler,184,1.8,85,5,52.09,15375,783985,800884,16899,7707.1,6.49,31.8
FARM_4911,Andhra Pradesh,Anantapur,Watermelon,Zaid,5.7,235.6,29.2,40.9,7.9,6.94,26.6,113,42,61,Sprinkler,211,3.2,80,4.88,30.06,14018,430635,421381,-9254,6795.8,7.18,49.7
FARM_4912,Karnataka,Raichur,Muskmelon,Zaid,8.7,289.5,31.3,52.7,7.1,6.54,17.1,127,64,60,Tube Well,220,1.8,83,5.87,50.3,14900,736090,749470,13380,5188.6,11.31,29.4
FARM_4913,Karnataka,Mysuru,Fodder,Zaid,9.8,255,31.3,52.2,5.2,7,22.1,126,39,56,Rainfed,207,2.9,96,4.28,44.25,13475,599923,596269,-3654,6523,6.56,28.4
FARM_4914,Tamil Nadu,Salem,Fodder,Zaid,7.4,395,31.8,52.1,7.2,6.56,24.1,123,56,40,Drip,132,2.7,84,4.37,32.4,14684,378390,475762,97372,5911,7.39,33.2
FARM_4915,Madhya Pradesh,Indore,Cucumber,Zaid,10,315,34.2,51.1,8.6,6.96,17.9,91,59,58,Tube Well,186,2.5,87,4.06,40.12,15139,553139,607377,54238,7638.9,5.31,37.1
FARM_4916,Haryana,Rohtak,Muskmelon,Zaid,9.7,284.3,30.8,41.9,9.2,6.08,22.3,90,54,30,Rainfed,180,2,79,4.36,35.02,12121,534846,424477,-110369,6458.1,6.75,46.4
FARM_4917,Telangana,Sangareddy,Watermelon,Zaid,7.8,271.5,31.7,55.1,7,7.24,33.6,153,32,74,Drip,181,2.9,85,4.97,38.03,13601,527617,517246,-10371,6719.2,7.4,39.5
FARM_4918,Punjab,Patiala,Cucumber,Zaid,9.6,356.9,30.5,52.3,7.6,6.16,36,110,50,65,Canal,161,2,79,3.98,41.73,14159,559286,590855,31569,6778.1,5.87,27.4
FARM_4919,Gujarat,Ahmedabad,Cucumber,Zaid,4.8,314.7,31,34.9,8.1,5.69,18.1,113,65,30,Sprinkler,192,1.7,78,5.24,26.69,14482,356676,386525,29849,6339.9,8.27,43.2
FARM_4920,Uttar Pradesh,Agra,Muskmelon,Zaid,7.7,267,30.3,51.7,5.7,7.2,41.3,112,57,50,Canal,190,2.1,88,4.31,33.42,15293,424666,511092,86426,6241.9,6.9,45
FARM_4921,Haryana,Ambala,Cucumber,Zaid,1.6,244.8,25.9,47.2,6.9,6.63,23.3,130,75,41,Rainfed,181,1.8,85,4.77,7.64,12496,108661,95469,-13192,6518.2,7.32,29
FARM_4922,Madhya Pradesh,Indore,Moong,Zaid,8.9,337.8,32.7,49.1,8.7,6.41,30.8,149,50,45,Rainfed,197,1.5,70,3.57,30.9,13595,439004,420086,-18918,5477.9,6.52,34.7
FARM_4923,Madhya Pradesh,Gwalior,Muskmelon,Zaid,8.7,363.3,29.6,46.7,9.2,7.21,25.3,132,32,25,Canal,133,2.2,80,4.54,34.9,15685,450437,547407,96970,6431.9,7.06,29.9
FARM_4924,Telangana,Medak,Moong,Zaid,7.2,305.4,31.3,50,7.9,7.27,26.3,116,63,41,Rainfed,109,3.3,80,4.72,30.8,13186,439381,406129,-33252,5284.9,8.93,41.4
FARM_4925,Gujarat,Junagadh,Fodder,Zaid,7.5,370.7,29.4,55.3,8.6,7.14,33.1,118,56,68,Drip,160,2.9,87,3.52,24.9,13225,288305,329303,40998,7756,4.54,39.9
FARM_4926,Uttar Pradesh,Meerut,Muskmelon,Zaid,7.2,364.7,32.2,53.7,9,6.67,25.5,132,39,40,Tube Well,165,2,73,4.81,33.25,14399,461734,478767,17033,5755.4,8.36,39.6
FARM_4927,Gujarat,Ahmedabad,Watermelon,Zaid,7.5,319.3,31.2,45.4,6.2,6.53,39.8,135,69,56,Sprinkler,191,2.9,88,5.16,38.61,12771,477042,493088,16046,5655.2,9.12,46.4
FARM_4928,Madhya Pradesh,Bhopal,Moong,Zaid,7.5,242.1,29,63.4,6.2,6.71,30.6,80,58,49,Tube Well,205,2.8,87,3.1,22.51,13809,287735,310841,23106,7784.9,3.98,55.1
FARM_4929,Telangana,Sangareddy,Cucumber,Zaid,8.3,262,32.5,44.3,8.2,7.19,26.1,121,71,56,Tube Well,137,3.1,83,5,41.08,14990,538423,615789,77366,6731.2,7.43,38.2
FARM_4930,Gujarat,Rajkot,Fodder,Zaid,4.9,302.6,30.6,54.3,8,7.24,34.6,131,70,46,Rainfed,176,1.7,85,4.61,22.93,15262,335752,349958,14206,6489.7,7.1,44.9
FARM_4931,Haryana,Hisar,Fodder,Zaid,9.9,345.3,29.1,54.8,4.8,6.61,41.3,120,59,39,Drip,198,1.9,79,5.19,46.63,14226,573053,663358,90305,6385.6,8.13,31.3
FARM_4932,Punjab,Amritsar,Watermelon,Zaid,6.5,271.1,26.9,48.5,7.6,6.99,30.5,123,47,50,Drip,246,2.8,81,6.24,38.48,15732,556237,605367,49130,6516.3,9.58,49.5
FARM_4933,Andhra Pradesh,Anantapur,Fodder,Zaid,9,335.9,31,58.9,7.7,7.35,35.9,92,51,51,Tube Well,184,2.6,89,3.73,32.02,16174,417141,517891,100750,6110,6.1,43.8
FARM_4934,Maharashtra,Solapur,Muskmelon,Zaid,9.7,326.1,31.4,50.6,6.4,6.3,47.8,120,45,58,Tube Well,234,2,89,5.16,52.47,15042,672290,789254,116964,6334.5,8.15,39
FARM_4935,Uttar Pradesh,Lucknow,Cucumber,Zaid,10.6,306.5,30.5,49.9,6.8,7.09,15.1,120,57,31,Tube Well,153,2.5,86,4.88,48.82,14393,740205,702666,-37539,6626.4,7.36,41.8
FARM_4936,Maharashtra,Nashik,Moong,Zaid,7.6,270,35.5,57.8,4.6,6.17,40.3,95,52,32,Rainfed,134,1.8,73,4.45,33.27,12532,419986,416940,-3046,6527.6,6.82,47.2
FARM_4937,Gujarat,Rajkot,Moong,Zaid,8.7,317.3,30.5,59,5.1,5.91,46.5,129,64,47,Rainfed,114,2.4,78,5.03,45.85,13504,673555,619158,-54397,6379.4,7.88,33.2
FARM_4938,Uttar Pradesh,Agra,Moong,Zaid,8.3,173.3,30.5,53.3,8.1,6.17,43.6,95,51,65,Canal,230,2.8,78,5.01,42.47,12902,585793,547948,-37845,5776.5,8.67,45.2
FARM_4939,Punjab,Jalandhar,Watermelon,Zaid,9.1,245.2,31.8,46.1,7.2,6.81,15.3,118,50,18,Rainfed,185,1.4,80,4.37,38.44,12077,564320,464240,-100080,6611.6,6.61,44.4
FARM_4940,Telangana,Nalgonda,Watermelon,Zaid,8.7,358,36.2,56.4,6.5,5.98,44.2,92,56,44,Tube Well,193,2.3,85,5.09,46.28,15919,635945,736731,100786,7482.9,6.8,48.4
FARM_4941,Maharashtra,Nashik,Muskmelon,Zaid,8.2,289.5,31.4,63.8,7.2,6.81,42.2,116,34,54,Rainfed,240,2.4,88,3.51,27.66,13577,422366,375540,-46826,5837,6.01,22.3
FARM_4942,Tamil Nadu,Coimbatore,Moong,Zaid,8.2,241.2,31.6,44.7,7.6,7.43,33.5,102,30,59,Drip,181,2,87,5.46,46.96,14152,624520,664578,40058,7741.7,7.05,39.5
FARM_4943,Maharashtra,Pune,Watermelon,Zaid,7.6,292,32.7,62.2,6,6.6,39.1,101,33,50,Drip,156,2.8,75,4.09,32.41,12209,493481,395694,-97787,6453.2,6.34,33.1
FARM_4944,Haryana,Kurukshetra,Fodder,Zaid,8.7,333.3,29.1,57.8,6.4,6.72,35.5,103,62,41,Sprinkler,181,2.7,78,4.96,41.43,12995,555797,538383,-17414,5613.1,8.84,37.3
FARM_4945,Haryana,Ambala,Fodder,Zaid,11,235.6,27.2,43.6,6.6,6.84,43.2,119,37,32,Tube Well,167,3.1,85,4.47,48.03,13258,615960,636782,20822,6289,7.11,25
FARM_4946,Andhra Pradesh,Krishna,Moong,Zaid,7.4,300.8,33.8,68.2,8.9,6.64,31,102,56,42,Canal,165,2.3,80,2.83,21.74,13336,322416,289925,-32491,6608,4.28,28.2
FARM_4947,Andhra Pradesh,Chittoor,Moong,Zaid,7.3,218.9,31.4,54.8,4.8,6.92,38.7,109,46,44,Sprinkler,199,2.1,82,4.31,31.14,12615,425026,392831,-32195,7098.4,6.07,46.8
FARM_4948,Maharashtra,Nashik,Watermelon,Zaid,4.3,278.2,27.4,47,7.2,7.21,31.3,120,67,61,Tube Well,167,3.2,70,5.16,20.89,14660,301851,306247,4396,6262.2,8.24,45.5
FARM_4949,Punjab,Amritsar,Watermelon,Zaid,10.2,360.2,30.2,41.3,7.1,6.51,45.3,112,53,49,Canal,187,2.6,78,4.44,41,14941,490928,612581,121653,5821.8,7.63,39.5
FARM_4950,Madhya Pradesh,Gwalior,Moong,Zaid,6.1,258.9,29.2,51.4,8.5,6.96,35.2,130,68,36,Tube Well,180,2.4,83,5.24,28.95,14273,315271,413203,97932,7293,7.18,37.1
FARM_4951,Karnataka,Mysuru,Moong,Zaid,6.7,342.5,34.3,45.7,7.7,6.78,39,124,80,26,Sprinkler,183,3.4,80,4.38,29.84,13680,458105,408211,-49894,6461.7,6.78,46.1
FARM_4952,Madhya Pradesh,Indore,Watermelon,Zaid,8.3,301.1,34.8,57.9,6.6,6.6,39.3,149,75,32,Tube Well,161,2.8,80,5.5,46.5,13109,628548,609569,-18979,6650.9,8.27,38.3
FARM_4953,Maharashtra,Nagpur,Muskmelon,Zaid,7.8,330.4,35.6,38.1,6.6,6.7,34.7,163,56,25,Drip,162,1.7,73,4.95,40.65,12672,610264,515117,-95147,5181.9,9.55,44.4
FARM_4954,Punjab,Patiala,Fodder,Zaid,6.2,234.6,32.3,55.1,7.5,6.31,35.6,126,66,56,Tube Well,162,1.7,77,4.64,28.52,14260,349738,406695,56957,6560.3,7.07,49.7
FARM_4955,Punjab,Ludhiana,Fodder,Zaid,9.1,316.2,32.4,53.1,7.9,7.34,37.4,152,42,40,Sprinkler,190,2,78,4.92,43.7,13499,530205,589906,59701,6830.5,7.2,49.4
FARM_4956,Andhra Pradesh,Kurnool,Fodder,Zaid,7.4,441.8,27.4,51.5,7.8,5.96,15,111,47,37,Canal,230,1.3,83,4.71,32.97,13982,503342,460987,-42355,7755.4,6.07,26.8
FARM_4957,Andhra Pradesh,Kurnool,Watermelon,Zaid,6.4,349.9,32.7,45.4,8.4,7.13,42.9,132,71,58,Canal,192,2,84,3,19.07,12911,273274,246213,-27061,6243.7,4.8,43.8
FARM_4958,Madhya Pradesh,Bhopal,Fodder,Zaid,9.5,359.8,31.8,56,7.1,6.66,17.9,130,67,36,Sprinkler,226,1.9,80,5.67,55.37,13401,714702,742013,27311,6318.3,8.97,35
FARM_4959,Gujarat,Junagadh,Fodder,Zaid,4.6,326,31.8,54.5,7.9,6.42,41.6,86,47,57,Rainfed,179,2.3,73,5.55,25.58,12252,367525,313406,-54119,7761.3,7.15,45.8
FARM_4960,Punjab,Bathinda,Moong,Zaid,9,241.2,32.2,64.9,8.7,6.5,24.3,129,43,52,Tube Well,188,2.9,85,4.09,37.54,14650,571488,549961,-21527,6944.9,5.89,44
FARM_4961,Gujarat,Vadodara,Moong,Zaid,8.8,215.2,34.3,58.1,5.4,6.61,33.7,109,67,39,Drip,197,2.7,72,4.11,35.28,14188,563035,500553,-62482,5450.5,7.54,39.3
FARM_4962,Haryana,Ambala,Watermelon,Zaid,7.9,287.5,30.1,62.7,6.4,7.17,28.5,134,35,41,Canal,191,3,83,3.74,30.71,13776,456729,423061,-33668,5454.2,6.86,37.5
FARM_4963,Telangana,Nalgonda,Moong,Zaid,7.6,280.4,27.8,43.9,7.3,7.35,32.3,149,58,55,Drip,213,2.1,81,3.68,29.19,12660,374531,369545,-4986,6545.3,5.62,40.3
FARM_4964,Haryana,Kurukshetra,Fodder,Zaid,9.6,267.6,31.1,45.4,6.5,7.3,32.9,130,63,51,Drip,166,2.2,76,5.38,52.11,14199,745655,739910,-5745,6440.5,8.35,44.4
FARM_4965,Tamil Nadu,Salem,Fodder,Zaid,10.7,203.7,32.4,57,6.3,7.32,32.1,35,58,41,Sprinkler,169,2.4,89,4.15,45.68,11885,616847,542907,-73940,6266.4,6.62,27.8
FARM_4966,Haryana,Rohtak,Muskmelon,Zaid,6.4,289.4,31.8,44.8,8.6,6.28,29.3,126,68,43,Drip,161,1.9,84,4.38,26.51,13510,403066,358150,-44916,7895.4,5.55,45.1
FARM_4967,Telangana,Sangareddy,Watermelon,Zaid,5.9,281.9,30.8,44.4,6.5,7.18,38.8,145,61,28,Canal,207,1.4,79,4.78,28.28,13651,432238,386050,-46188,7940.2,6.02,39.5
FARM_4968,Tamil Nadu,Salem,Moong,Zaid,5.5,327.6,27.6,42.3,9,6.95,48.7,125,57,38,Rainfed,177,3.6,85,4.41,22.78,14378,322844,327531,4687,6645.6,6.64,42.2
FARM_4969,Maharashtra,Aurangabad,Moong,Zaid,7.3,290.3,30.1,55.2,7.7,6.15,37.7,110,48,41,Drip,184,2.4,84,4.88,34.28,15462,501760,530037,28277,6145.2,7.94,33.9
FARM_4970,Andhra Pradesh,Guntur,Cucumber,Zaid,9.3,310.5,27.1,58.5,7.4,7.01,26.7,94,62,30,Canal,190,2.8,86,4.16,38.91,13549,497813,527192,29379,8632.5,4.82,36.6
FARM_4971,Karnataka,Belagavi,Fodder,Zaid,7.6,397.8,32.2,50.7,8.1,7.17,29.5,105,44,60,Drip,125,1.7,69,5,34.58,13742,528977,475198,-53779,7851.6,6.37,40.7
FARM_4972,Haryana,Ambala,Fodder,Zaid,5.7,186.3,27.4,39.8,6.8,6.7,20.1,88,46,53,Drip,148,2.6,82,5.59,34.22,12621,515184,431891,-83293,6320.5,8.84,31
FARM_4973,Madhya Pradesh,Jabalpur,Moong,Zaid,9.6,300.7,33.6,59.8,7.8,7,34,153,28,45,Drip,166,3.1,77,5.79,56.24,13737,816113,772569,-43544,8032.9,7.21,40.9
FARM_4974,Haryana,Kurukshetra,Fodder,Zaid,8.2,252.3,31,50.6,8.6,6.81,21,81,55,39,Rainfed,208,3.1,88,3.78,30.75,12797,429112,393508,-35604,5127.5,7.37,45.9
FARM_4975,Telangana,Medak,Muskmelon,Zaid,5.7,338.6,33.3,43.6,8.4,6.72,24.3,118,55,38,Rainfed,137,1.2,91,4.88,26.44,14695,350841,388536,37695,7853.9,6.21,41.4
FARM_4976,Uttar Pradesh,Lucknow,Watermelon,Zaid,7,307.2,28.9,51.7,7.8,7.78,28.1,110,54,40,Sprinkler,197,2,83,4.89,34.53,15018,463506,518572,55066,5732.4,8.53,45.5
FARM_4977,Madhya Pradesh,Bhopal,Watermelon,Zaid,4.2,278.9,32.4,58,7.2,5.89,30.4,68,61,54,Canal,199,2.4,70,3.48,13.21,14978,168542,197859,29317,6228.8,5.59,33.1
FARM_4978,Tamil Nadu,Coimbatore,Cucumber,Zaid,6,215.7,33,50.2,8.4,6.41,26,124,55,41,Sprinkler,148,3.4,89,6.21,35.49,12959,481707,459915,-21792,6287.6,9.88,23.7
FARM_4979,Telangana,Warangal,Muskmelon,Zaid,6.2,329.4,31.9,52.2,8.9,6.74,34.1,76,69,60,Sprinkler,184,1.4,73,4.99,31.51,13301,409385,419115,9730,5875.5,8.49,24.9
FARM_4980,Punjab,Amritsar,Moong,Zaid,5.9,372.2,32.5,41.8,8.4,6.84,35.2,114,40,51,Tube Well,181,1.7,82,3.79,22.51,11468,319183,258145,-61038,6639.1,5.71,33.2
FARM_4981,Punjab,Jalandhar,Moong,Zaid,8,329.7,30.8,60.6,7.3,6.89,32.2,112,65,45,Drip,179,2.5,94,4.42,35.94,13619,565150,489467,-75683,6134.4,7.21,37.9
FARM_4982,Gujarat,Junagadh,Muskmelon,Zaid,6.8,243,36.5,54.5,7.5,6.96,44.9,139,54,33,Sprinkler,162,3.1,78,4.33,28.83,15062,445617,434237,-11380,5453.8,7.94,44.2
FARM_4983,Gujarat,Junagadh,Cucumber,Zaid,7.7,356.8,31.2,51.7,5.4,6.79,38.7,108,57,41,Drip,205,2.2,89,3.67,25.64,15038,363725,385574,21849,7039.4,5.21,41.9
FARM_4984,Tamil Nadu,Madurai,Fodder,Zaid,6.6,323.5,27.3,58.8,8,6.64,45.1,138,68,38,Canal,225,2.7,69,4.54,28.64,14840,441387,425018,-16369,6658.9,6.82,20.4
FARM_4985,Karnataka,Raichur,Moong,Zaid,7,245.4,28.6,60.2,8.2,6.44,45.2,123,57,32,Tube Well,207,2,81,4.69,32.57,11392,524285,371037,-153248,5987.1,7.83,29.9
FARM_4986,Punjab,Bathinda,Fodder,Zaid,5.4,246.7,30.1,64,6.3,7.86,22.8,127,53,42,Sprinkler,118,2,77,4.75,25.45,14771,331787,375922,44135,6701.6,7.09,33.7
FARM_4987,Uttar Pradesh,Meerut,Fodder,Zaid,9.6,276.5,29.6,64.3,6.9,6.98,25.6,114,53,56,Rainfed,173,2.5,84,5.24,47.71,14945,529150,713026,183876,6603.9,7.93,32.7
FARM_4988,Telangana,Medak,Moong,Zaid,9.5,294.6,33.2,60.5,8.2,6.98,30.3,120,57,35,Drip,176,2.6,77,4.84,46.3,13529,626629,626393,-236,5889.8,8.22,46.6
FARM_4989,Telangana,Rangareddy,Watermelon,Zaid,8.4,382.1,26.6,51.3,9.3,6.74,29,98,25,40,Rainfed,186,2.5,81,4.04,33.35,15045,400694,501751,101057,7565.5,5.34,45.8
FARM_4990,Maharashtra,Pune,Watermelon,Zaid,8.6,257.5,27.1,59.4,6.5,6.18,45.7,182,41,42,Tube Well,149,2.4,92,4.14,35.2,11757,509106,413846,-95260,5903.8,7.01,57.1
FARM_4991,Uttar Pradesh,Meerut,Cucumber,Zaid,11.2,251.8,35.1,56.5,7.4,6.58,43.3,114,73,39,Sprinkler,189,2.3,77,6.55,70.55,12749,892880,899442,6562,6578,9.96,36.4
FARM_4992,Andhra Pradesh,Kurnool,Cucumber,Zaid,9,302,33.2,47.5,7.4,6.06,37.8,100,51,47,Canal,113,2.5,80,4.49,38.46,13572,499201,521979,22778,6057.9,7.41,34.5
FARM_4993,Haryana,Hisar,Watermelon,Zaid,9.7,268,26.7,41.8,7.3,6.59,23.4,180,76,41,Rainfed,184,2.5,71,4.63,43.41,14053,650745,610041,-40704,6313.6,7.33,50.6
FARM_4994,Maharashtra,Nagpur,Watermelon,Zaid,8.8,333.3,29.2,45.2,7.1,6.69,44.1,113,51,40,Canal,172,2.5,78,3.89,34.32,13826,479919,474508,-5411,6548.9,5.94,37.2
FARM_4995,Karnataka,Belagavi,Moong,Zaid,8.7,376.4,30.4,63.6,7.2,6.62,32.1,148,72,52,Drip,232,3,83,4.69,36.48,15048,565266,548951,-16315,8055,5.82,48.8
FARM_4996,Karnataka,Belagavi,Fodder,Zaid,11.3,299.9,32.2,52,6.2,6.72,18,140,56,40,Drip,148,2.5,82,3.72,42.31,14626,618893,618826,-67,6747.1,5.51,38.6
FARM_4997,Telangana,Sangareddy,Watermelon,Zaid,12.3,333.1,28.9,45.5,7.4,6.99,33.4,89,61,45,Sprinkler,238,1.5,79,5.54,72.67,14995,1102371,1089687,-12684,6626,8.36,28.9
FARM_4998,Tamil Nadu,Salem,Cucumber,Zaid,8.2,310.5,31.3,47.3,8,7.27,28.6,117,60,48,Tube Well,213,2.8,82,4.53,37.43,13589,558686,508636,-50050,6777.1,6.68,36.7
FARM_4999,Maharashtra,Nagpur,Moong,Zaid,7.6,333.6,31.9,45.9,9.2,6.35,43.3,100,95,57,Rainfed,131,3.1,82,3.75,29.37,12771,439592,375084,-64508,6581.9,5.7,32.5
FARM_5000,Madhya Pradesh,Jabalpur,Fodder,Zaid,8.8,381,32.4,53.1,7.3,5.93,43,99,58,40,Rainfed,257,2.8,80,4.38,38.06,12195,463334,464142,808,5994.6,7.31,19.6